Date,Open,High,Low,Close,change(att1)-1,change(att1)-2,change(att1)-3,moving_average(att1)-1,moving_average(att1)-2,moving_average(att1)-3,moving_average(att1)-4,att1-1,att1-2,att1-3,confidence(D),id,UD,pred,confidence(U)
11/01/2000,11568.47,11748.11,11398.3,11511.08,49.64000000000124,269.2999999999993,130.61000000000058,11449.340000000002,11299.49,11124.613333333335,11159.363333333335,11572.2,11522.56,11253.26,0.4666666666666666,7.0,D,U,0.5333333333333333
12/01/2000,11506.73,11751.83,11385.74,11551.1,-61.1200000000008,49.64000000000124,269.2999999999993,11535.28,11449.340000000002,11299.49,11124.613333333335,11511.08,11572.2,11522.56,0.4666666666666666,8.0,U,U,0.5333333333333333
13/01/2000,11558.24,11761.14,11421.42,11582.43,40.02000000000044,-61.1200000000008,49.64000000000124,11544.793333333333,11535.28,11449.340000000002,11299.49,11551.1,11511.08,11572.2,0.4666666666666666,9.0,U,U,0.5333333333333333
14/01/2000,11619.35,11908.5,11506.42,11722.98,31.329999999999927,40.02000000000044,-61.1200000000008,11548.203333333333,11544.793333333333,11535.28,11449.340000000002,11582.43,11551.1,11511.08,0.39999999999999997,10.0,U,U,0.6
18/01/2000,11719.19,11834.67,11397.22,11560.72,140.54999999999927,31.329999999999927,40.02000000000044,11618.836666666664,11548.203333333333,11544.793333333333,11535.28,11722.98,11582.43,11551.1,0.3333333333333333,11.0,D,U,0.6666666666666666
19/01/2000,11535.24,11710.57,11320.28,11489.36,-162.26000000000022,140.54999999999927,31.329999999999927,11622.043333333333,11618.836666666664,11548.203333333333,11544.793333333333,11560.72,11722.98,11582.43,0.6666666666666666,12.0,D,D,0.3333333333333333
20/01/2000,11490.29,11654.72,11194.32,11351.3,-71.35999999999876,-162.26000000000022,140.54999999999927,11591.019999999999,11622.043333333333,11618.836666666664,11548.203333333333,11489.36,11560.72,11722.98,0.26666666666666666,13.0,D,U,0.7333333333333333
21/01/2000,11356.26,11513.87,11113.65,11251.71,-138.0600000000013,-71.35999999999876,-162.26000000000022,11467.126666666669,11591.019999999999,11622.043333333333,11618.836666666664,11351.3,11489.36,11560.72,0.5333333333333333,14.0,D,D,0.4666666666666666
24/01/2000,11251.94,11501.15,10849.01,11008.17,-99.59000000000015,-138.0600000000013,-71.35999999999876,11364.123333333331,11467.126666666669,11591.019999999999,11622.043333333333,11251.71,11351.3,11489.36,0.4666666666666666,15.0,D,U,0.5333333333333333
25/01/2000,11010.96,11228.75,10779.83,11029.89,-243.53999999999905,-99.59000000000015,-138.0600000000013,11203.726666666667,11364.123333333331,11467.126666666669,11591.019999999999,11008.17,11251.71,11351.3,0.4666666666666666,16.0,U,U,0.5333333333333333
26/01/2000,11025.85,11280.87,10870.73,11032.99,21.719999999999345,-243.53999999999905,-99.59000000000015,11096.589999999998,11203.726666666667,11364.123333333331,11467.126666666669,11029.89,11008.17,11251.71,0.6,17.0,U,D,0.39999999999999997
27/01/2000,11035.55,11274.36,10818.3,11028.02,3.100000000000364,21.719999999999345,-243.53999999999905,11023.683333333332,11096.589999999998,11203.726666666667,11364.123333333331,11032.99,11029.89,11008.17,0.3333333333333333,18.0,D,U,0.6666666666666666
28/01/2000,11024.92,11115.2,10649.21,10738.87,-4.969999999999345,3.100000000000364,21.719999999999345,11030.299999999997,11023.683333333332,11096.589999999998,11203.726666666667,11028.02,11032.99,11029.89,0.4666666666666666,19.0,D,U,0.5333333333333333
31/01/2000,10735.77,11059.67,10610.43,10940.53,-289.14999999999964,-4.969999999999345,3.100000000000364,10933.293333333335,11030.299999999997,11023.683333333332,11096.589999999998,10738.87,11028.02,11032.99,0.5333333333333333,20.0,U,D,0.4666666666666666
01/02/2000,10937.74,11187.18,10798.44,11041.05,201.65999999999985,-289.14999999999964,-4.969999999999345,10902.473333333333,10933.293333333335,11030.299999999997,11023.683333333332,10940.53,10738.87,11028.02,0.6666666666666666,21.0,U,D,0.3333333333333333
02/02/2000,11037.64,11228.44,10876.0,11003.2,100.51999999999862,201.65999999999985,-289.14999999999964,10906.816666666668,10902.473333333333,10933.293333333335,11030.299999999997,11041.05,10940.53,10738.87,0.6666666666666666,22.0,D,D,0.3333333333333333
03/02/2000,11010.48,11207.97,10799.68,11013.44,-37.849999999998545,100.51999999999862,201.65999999999985,10994.926666666666,10906.816666666668,10902.473333333333,10933.293333333335,11003.2,11041.05,10940.53,0.4666666666666666,23.0,U,U,0.5333333333333333
04/02/2000,11014.37,11200.83,10847.54,10963.8,10.239999999999782,-37.849999999998545,100.51999999999862,11019.230000000001,10994.926666666666,10906.816666666668,10902.473333333333,11013.44,11003.2,11041.05,0.4666666666666666,24.0,D,U,0.5333333333333333
07/02/2000,10965.97,11097.52,10732.67,10905.79,-49.64000000000124,10.239999999999782,-37.849999999998545,10993.480000000001,11019.230000000001,10994.926666666666,10906.816666666668,10963.8,11013.44,11003.2,0.39999999999999997,25.0,D,U,0.6
08/02/2000,10904.26,11139.4,10826.67,10957.6,-58.0099999999984,-49.64000000000124,10.239999999999782,10961.01,10993.480000000001,11019.230000000001,10994.926666666666,10905.79,10963.8,11013.44,0.39999999999999997,26.0,U,U,0.6
09/02/2000,10948.82,11016.54,10647.97,10699.16,51.80999999999949,-58.0099999999984,-49.64000000000124,10942.396666666667,10961.01,10993.480000000001,11019.230000000001,10957.6,10905.79,10963.8,0.6,27.0,D,D,0.39999999999999997
10/02/2000,10697.92,10853.67,10491.3,10643.63,-258.4400000000005,51.80999999999949,-58.0099999999984,10854.183333333332,10942.396666666667,10961.01,10993.480000000001,10699.16,10957.6,10905.79,0.4666666666666666,28.0,D,U,0.5333333333333333
11/02/2000,10638.64,10763.38,10301.12,10425.21,-55.530000000000655,-258.4400000000005,51.80999999999949,10766.796666666667,10854.183333333332,10942.396666666667,10961.01,10643.63,10699.16,10957.6,0.6,29.0,D,D,0.39999999999999997
14/02/2000,10431.65,10674.96,10327.56,10519.84,-218.42000000000007,-55.530000000000655,-258.4400000000005,10589.333333333334,10766.796666666667,10854.183333333332,10942.396666666667,10425.21,10643.63,10699.16,0.3333333333333333,30.0,U,U,0.6666666666666666
15/02/2000,10520.15,10821.09,10377.44,10718.09,94.63000000000102,-218.42000000000007,-55.530000000000655,10529.56,10589.333333333334,10766.796666666667,10854.183333333332,10519.84,10425.21,10643.63,0.6666666666666666,31.0,U,D,0.3333333333333333
16/02/2000,10711.82,10831.64,10468.65,10561.41,198.25,94.63000000000102,-218.42000000000007,10554.38,10529.56,10589.333333333334,10766.796666666667,10718.09,10519.84,10425.21,0.4666666666666666,32.0,D,U,0.5333333333333333
17/02/2000,10565.76,10768.66,10348.66,10514.57,-156.6800000000003,198.25,94.63000000000102,10599.78,10554.38,10529.56,10589.333333333334,10561.41,10718.09,10519.84,0.5333333333333333,33.0,D,D,0.4666666666666666
18/02/2000,10514.57,10562.34,10129.24,10219.52,-46.840000000000146,-156.6800000000003,198.25,10598.023333333333,10599.78,10554.38,10529.56,10514.57,10561.41,10718.09,0.6666666666666666,34.0,D,D,0.3333333333333333
22/02/2000,10219.83,10446.62,10011.66,10304.84,-295.0499999999993,-46.840000000000146,-156.6800000000003,10431.833333333334,10598.023333333333,10599.78,10554.38,10219.52,10514.57,10561.41,0.3333333333333333,35.0,U,U,0.6666666666666666
23/02/2000,10294.82,10443.21,10077.74,10225.73,85.31999999999971,-295.0499999999993,-46.840000000000146,10346.31,10431.833333333334,10598.023333333333,10599.78,10304.84,10219.52,10514.57,0.39999999999999997,36.0,D,U,0.6
24/02/2000,10242.48,10321.9,9877.94,10092.63,-79.11000000000058,85.31999999999971,-295.0499999999993,10250.03,10346.31,10431.833333333334,10598.023333333333,10225.73,10304.84,10219.52,0.39999999999999997,37.0,D,U,0.6
25/02/2000,10090.77,10196.02,9767.8,9862.12,-133.10000000000036,-79.11000000000058,85.31999999999971,10207.733333333332,10250.03,10346.31,10431.833333333334,10092.63,10225.73,10304.84,0.4666666666666666,38.0,D,U,0.5333333333333333
28/02/2000,9854.66,10228.52,9760.36,10038.65,-230.5099999999984,-133.10000000000036,-79.11000000000058,10060.160000000002,10207.733333333332,10250.03,10346.31,9862.12,10092.63,10225.73,0.4666666666666666,39.0,U,U,0.5333333333333333
29/02/2000,10039.58,10332.14,9926.65,10128.31,176.52999999999884,-230.5099999999984,-133.10000000000036,9997.800000000001,10060.160000000002,10207.733333333332,10250.03,10038.65,9862.12,10092.63,0.6666666666666666,40.0,U,D,0.3333333333333333
01/03/2000,10128.11,10355.72,9935.96,10137.93,89.65999999999985,176.52999999999884,-230.5099999999984,10009.693333333335,9997.800000000001,10060.160000000002,10207.733333333332,10128.31,10038.65,9862.12,0.39999999999999997,41.0,U,U,0.6
02/03/2000,10135.44,10361.61,9986.53,10164.92,9.6200000000008,89.65999999999985,176.52999999999884,10101.63,10009.693333333335,9997.800000000001,10060.160000000002,10137.93,10128.31,10038.65,0.2,42.0,U,U,0.7999999999999999
03/03/2000,10171.12,10581.89,10148.16,10367.2,26.98999999999978,9.6200000000008,89.65999999999985,10143.72,10101.63,10009.693333333335,9997.800000000001,10164.92,10137.93,10128.31,0.26666666666666666,43.0,U,U,0.7333333333333333
06/03/2000,10358.96,10518.91,10038.65,10170.5,202.28000000000065,26.98999999999978,9.6200000000008,10223.35,10143.72,10101.63,10009.693333333335,10367.2,10164.92,10137.93,0.39999999999999997,44.0,D,U,0.6
07/03/2000,10197.61,10208.66,9651.77,9796.03,-196.70000000000073,202.28000000000065,26.98999999999978,10234.206666666667,10223.35,10143.72,10101.63,10170.5,10367.2,10164.92,0.6,45.0,D,D,0.39999999999999997
08/03/2000,9800.69,10037.41,9611.75,9856.53,-374.46999999999935,-196.70000000000073,202.28000000000065,10111.243333333334,10234.206666666667,10223.35,10143.72,9796.03,10170.5,10367.2,0.26666666666666666,46.0,U,U,0.7333333333333333
09/03/2000,9855.29,10097.28,9667.28,10010.73,60.5,-374.46999999999935,-196.70000000000073,9941.019999999999,10111.243333333334,10234.206666666667,10223.35,9856.53,9796.03,10170.5,0.39999999999999997,47.0,U,U,0.6
10/03/2000,10008.55,10211.77,9792.93,9928.82,154.1999999999989,60.5,-374.46999999999935,9887.763333333334,9941.019999999999,10111.243333333334,10234.206666666667,10010.73,9856.53,9796.03,0.5333333333333333,48.0,D,D,0.4666666666666666
13/03/2000,9911.22,10111.25,9670.07,9947.13,-81.90999999999985,154.1999999999989,60.5,9932.026666666667,9887.763333333334,9941.019999999999,10111.243333333334,9928.82,10010.73,9856.53,0.6,49.0,U,D,0.39999999999999997
14/03/2000,9957.67,10149.41,9747.33,9811.24,18.30999999999949,-81.90999999999985,154.1999999999989,9962.226666666667,9932.026666666667,9887.763333333334,9941.019999999999,9947.13,9928.82,10010.73,0.5333333333333333,50.0,D,D,0.4666666666666666
15/03/2000,9808.15,10294.6,9676.9,10131.41,-135.88999999999942,18.30999999999949,-81.90999999999985,9895.729999999998,9962.226666666667,9932.026666666667,9887.763333333334,9811.24,9947.13,9928.82,0.5333333333333333,51.0,U,D,0.4666666666666666
16/03/2000,10139.58,10716.23,10139.58,10630.6,320.1700000000001,-135.88999999999942,18.30999999999949,9963.26,9895.729999999998,9962.226666666667,9932.026666666667,10131.41,9811.24,9947.13,0.4666666666666666,52.0,U,U,0.5333333333333333
17/03/2000,10629.98,10849.32,10399.15,10595.23,499.1900000000005,320.1700000000001,-135.88999999999942,10191.083333333334,9963.26,9895.729999999998,9962.226666666667,10630.6,10131.41,9811.24,0.4666666666666666,53.0,D,U,0.5333333333333333
20/03/2000,10594.75,10866.08,10456.86,10680.24,-35.3700000000008,499.1900000000005,320.1700000000001,10452.413333333334,10191.083333333334,9963.26,9895.729999999998,10595.23,10630.6,10131.41,0.4666666666666666,54.0,U,U,0.5333333333333333
21/03/2000,10680.24,11012.2,10515.5,10907.34,85.01000000000022,-35.3700000000008,499.1900000000005,10635.356666666667,10452.413333333334,10191.083333333334,9963.26,10680.24,10595.23,10630.6,0.39999999999999997,55.0,U,U,0.6
22/03/2000,10916.96,11054.71,10671.86,10866.7,227.10000000000036,85.01000000000022,-35.3700000000008,10727.603333333334,10635.356666666667,10452.413333333334,10191.083333333334,10907.34,10680.24,10595.23,0.6,56.0,D,D,0.39999999999999997
23/03/2000,10884.38,11224.72,10737.63,11119.86,-40.63999999999942,227.10000000000036,85.01000000000022,10818.093333333334,10727.603333333334,10635.356666666667,10452.413333333334,10866.7,10907.34,10680.24,0.4666666666666666,57.0,U,U,0.5333333333333333
24/03/2000,11107.45,11311.28,10901.44,11112.72,253.15999999999985,-40.63999999999942,227.10000000000036,10964.633333333333,10818.093333333334,10727.603333333334,10635.356666666667,11119.86,10866.7,10907.34,0.6,58.0,U,D,0.39999999999999997
27/03/2000,11093.25,11274.98,10881.9,11025.85,-7.140000000001237,253.15999999999985,-40.63999999999942,11033.093333333332,10964.633333333333,10818.093333333334,10727.603333333334,11112.72,11119.86,10866.7,0.6,59.0,D,D,0.39999999999999997
28/03/2000,11023.68,11192.76,10804.65,10936.11,-86.86999999999898,-7.140000000001237,253.15999999999985,11086.143333333333,11033.093333333332,10964.633333333333,10818.093333333334,11025.85,11112.72,11119.86,0.3333333333333333,60.0,D,U,0.6666666666666666
29/03/2000,10939.05,11214.48,10792.24,11018.72,-89.73999999999978,-86.86999999999898,-7.140000000001237,11024.893333333333,11086.143333333333,11033.093333333332,10964.633333333333,10936.11,11025.85,11112.72,0.26666666666666666,61.0,U,U,0.7333333333333333
30/03/2000,11008.17,11258.23,10796.58,10980.25,82.60999999999876,-89.73999999999978,-86.86999999999898,10993.56,11024.893333333333,11086.143333333333,11033.093333333332,11018.72,10936.11,11025.85,0.7333333333333333,62.0,D,D,0.26666666666666666
31/03/2000,10993.28,11244.58,10801.23,10921.92,-38.469999999999345,82.60999999999876,-89.73999999999978,10978.36,10993.56,11024.893333333333,11086.143333333333,10980.25,11018.72,10936.11,0.6666666666666666,63.0,D,D,0.3333333333333333
03/04/2000,10863.28,11344.17,10821.71,11221.93,-58.32999999999993,-38.469999999999345,82.60999999999876,10973.63,10978.36,10993.56,11024.893333333333,10921.92,10980.25,11018.72,0.3333333333333333,64.0,U,U,0.6666666666666666
04/04/2000,11225.34,11531.24,10682.72,11164.84,300.0100000000002,-58.32999999999993,-38.469999999999345,11041.366666666667,10973.63,10978.36,10993.56,11221.93,10921.92,10980.25,0.5333333333333333,65.0,D,D,0.4666666666666666
05/04/2000,11163.29,11326.79,10894.0,11033.92,-57.090000000000146,300.0100000000002,-58.32999999999993,11102.896666666667,11041.366666666667,10973.63,10978.36,11164.84,11221.93,10921.92,0.6666666666666666,66.0,D,D,0.3333333333333333
06/04/2000,11029.56,11303.83,10921.07,11114.27,-130.92000000000007,-57.090000000000146,300.0100000000002,11140.230000000001,11102.896666666667,11041.366666666667,10973.63,11033.92,11164.84,11221.93,0.3333333333333333,67.0,U,U,0.6666666666666666
07/04/2000,11122.03,11317.79,10932.78,11111.48,80.35000000000036,-130.92000000000007,-57.090000000000146,11104.343333333332,11140.230000000001,11102.896666666667,11041.366666666667,11114.27,11033.92,11164.84,0.5333333333333333,68.0,D,D,0.4666666666666666
10/04/2000,11114.89,11404.35,10955.43,11186.56,-2.790000000000873,80.35000000000036,-130.92000000000007,11086.556666666665,11104.343333333332,11140.230000000001,11102.896666666667,11111.48,11114.27,11033.92,0.39999999999999997,69.0,U,U,0.6
11/04/2000,11180.98,11459.58,11024.22,11287.08,75.07999999999993,-2.790000000000873,80.35000000000036,11137.436666666666,11086.556666666665,11104.343333333332,11140.230000000001,11186.56,11111.48,11114.27,0.13333333333333333,70.0,U,U,0.8666666666666666
12/04/2000,11283.05,11600.43,11026.47,11125.13,100.52000000000044,75.07999999999993,-2.790000000000873,11195.04,11137.436666666666,11086.556666666665,11104.343333333332,11287.08,11186.56,11111.48,0.5333333333333333,71.0,D,D,0.4666666666666666
13/04/2000,11132.58,11290.8,10806.51,10923.55,-161.95000000000073,100.52000000000044,75.07999999999993,11199.589999999998,11195.04,11137.436666666666,11086.556666666665,11125.13,11287.08,11186.56,0.5333333333333333,72.0,D,D,0.4666666666666666
14/04/2000,10922.85,10922.85,10173.92,10305.77,-201.57999999999993,-161.95000000000073,100.52000000000044,11111.919999999998,11199.589999999998,11195.04,11137.436666666666,10923.55,11125.13,11287.08,0.4666666666666666,73.0,D,U,0.5333333333333333
17/04/2000,10303.29,10721.5,10128.62,10582.51,-617.7799999999988,-201.57999999999993,-161.95000000000073,10784.816666666668,11111.919999999998,11199.589999999998,11195.04,10305.77,10923.55,11125.13,0.39999999999999997,74.0,U,U,0.6
18/04/2000,10584.02,10941.78,10424.9,10767.42,276.7399999999998,-617.7799999999988,-201.57999999999993,10603.943333333335,10784.816666666668,11111.919999999998,11199.589999999998,10582.51,10305.77,10923.55,0.3333333333333333,75.0,U,U,0.6666666666666666
19/04/2000,10748.97,10909.2,10503.4,10674.96,184.90999999999985,276.7399999999998,-617.7799999999988,10551.9,10603.943333333335,10784.816666666668,11111.919999999998,10767.42,10582.51,10305.77,0.6,76.0,D,D,0.39999999999999997
20/04/2000,10668.19,10941.47,10582.51,10844.05,-92.46000000000095,184.90999999999985,276.7399999999998,10674.963333333333,10551.9,10603.943333333335,10784.816666666668,10674.96,10767.42,10582.51,0.5333333333333333,77.0,U,D,0.4666666666666666
24/04/2000,10822.33,11060.29,10579.1,10906.1,169.09000000000015,-92.46000000000095,184.90999999999985,10762.143333333332,10674.963333333333,10551.9,10603.943333333335,10844.05,10674.96,10767.42,0.5333333333333333,78.0,U,D,0.4666666666666666
25/04/2000,10916.65,11265.67,10764.62,11124.82,62.05000000000109,169.09000000000015,-92.46000000000095,10808.37,10762.143333333332,10674.963333333333,10551.9,10906.1,10844.05,10674.96,0.5333333333333333,79.0,U,D,0.4666666666666666
26/04/2000,11127.92,11246.75,10816.44,10945.5,218.71999999999935,62.05000000000109,169.09000000000015,10958.323333333334,10808.37,10762.143333333332,10674.963333333333,11124.82,10906.1,10844.05,0.6,80.0,D,D,0.39999999999999997
27/04/2000,10941.91,11024.61,10650.14,10888.1,-179.3199999999997,218.71999999999935,62.05000000000109,10992.14,10958.323333333334,10808.37,10762.143333333332,10945.5,11124.82,10906.1,0.4666666666666666,81.0,D,U,0.5333333333333333
28/04/2000,10892.76,11005.07,10632.46,10733.91,-57.399999999999636,-179.3199999999997,218.71999999999935,10986.14,10992.14,10958.323333333334,10808.37,10888.1,10945.5,11124.82,0.5333333333333333,82.0,D,D,0.4666666666666666
01/05/2000,10749.42,11001.34,10622.22,10811.78,-154.1900000000005,-57.399999999999636,-179.3199999999997,10855.836666666666,10986.14,10992.14,10958.323333333334,10733.91,10888.1,10945.5,0.4666666666666666,83.0,U,U,0.5333333333333333
02/05/2000,10805.58,10932.47,10580.65,10731.12,77.8700000000008,-154.1900000000005,-57.399999999999636,10811.263333333334,10855.836666666666,10986.14,10992.14,10811.78,10733.91,10888.1,0.6666666666666666,84.0,D,D,0.3333333333333333
03/05/2000,10732.21,10754.39,10345.17,10480.13,-80.65999999999985,77.8700000000008,-154.1900000000005,10758.936666666668,10811.263333333334,10855.836666666666,10986.14,10731.12,10811.78,10733.91,0.5333333333333333,85.0,D,D,0.4666666666666666
04/05/2000,10478.89,10631.53,10293.05,10412.49,-250.9900000000016,-80.65999999999985,77.8700000000008,10674.343333333332,10758.936666666668,10811.263333333334,10855.836666666666,10480.13,10731.12,10811.78,0.6666666666666666,86.0,D,D,0.3333333333333333
05/05/2000,10409.7,10688.61,10312.91,10577.86,-67.63999999999942,-250.9900000000016,-80.65999999999985,10541.246666666666,10674.343333333332,10758.936666666668,10811.263333333334,10412.49,10480.13,10731.12,0.6,87.0,U,D,0.39999999999999997
08/05/2000,10571.31,10744.22,10400.4,10603.63,165.3700000000008,-67.63999999999942,-250.9900000000016,10490.16,10541.246666666666,10674.343333333332,10758.936666666668,10577.86,10412.49,10480.13,0.4666666666666666,88.0,U,U,0.5333333333333333
09/05/2000,10607.54,10765.75,10435.96,10536.75,25.769999999998618,165.3700000000008,-67.63999999999942,10531.326666666666,10490.16,10541.246666666666,10674.343333333332,10603.63,10577.86,10412.49,0.4666666666666666,89.0,D,U,0.5333333333333333
10/05/2000,10533.09,10649.95,10169.77,10367.78,-66.8799999999992,25.769999999998618,165.3700000000008,10572.746666666666,10531.326666666666,10490.16,10541.246666666666,10536.75,10603.63,10577.86,0.39999999999999997,90.0,D,U,0.6
11/05/2000,10369.27,10676.88,10315.69,10545.97,-168.96999999999935,-66.8799999999992,25.769999999998618,10502.72,10572.746666666666,10531.326666666666,10490.16,10367.78,10536.75,10603.63,0.39999999999999997,91.0,U,U,0.6
12/05/2000,10549.06,10780.37,10444.54,10609.37,178.1899999999987,-168.96999999999935,-66.8799999999992,10483.5,10502.72,10572.746666666666,10531.326666666666,10545.97,10367.78,10536.75,0.3333333333333333,92.0,U,U,0.6666666666666666
15/05/2000,10606.97,10902.36,10509.31,10807.78,63.400000000001455,178.1899999999987,-168.96999999999935,10507.706666666667,10483.5,10502.72,10572.746666666666,10609.37,10545.97,10367.78,0.6666666666666666,93.0,U,D,0.3333333333333333
16/05/2000,10816.01,11086.72,10723.48,10934.57,198.40999999999985,63.400000000001455,178.1899999999987,10654.373333333335,10507.706666666667,10483.5,10502.72,10807.78,10609.37,10545.97,0.3333333333333333,94.0,U,U,0.6666666666666666
17/05/2000,10930.64,10947.25,10648.78,10769.74,126.78999999999905,198.40999999999985,63.400000000001455,10783.906666666668,10654.373333333335,10507.706666666667,10483.5,10934.57,10807.78,10609.37,0.4666666666666666,95.0,D,U,0.5333333333333333
18/05/2000,10771.8,10938.34,10669.0,10777.28,-164.82999999999993,126.78999999999905,198.40999999999985,10837.363333333333,10783.906666666668,10654.373333333335,10507.706666666667,10769.74,10934.57,10807.78,0.4666666666666666,96.0,U,U,0.5333333333333333
19/05/2000,10764.22,10821.83,10468.18,10626.85,7.540000000000873,-164.82999999999993,126.78999999999905,10827.196666666665,10837.363333333333,10783.906666666668,10654.373333333335,10777.28,10769.74,10934.57,0.5333333333333333,97.0,D,D,0.4666666666666666
22/05/2000,10624.79,10718.0,10308.15,10542.55,-150.4300000000003,7.540000000000873,-164.82999999999993,10724.623333333335,10827.196666666665,10837.363333333333,10783.906666666668,10626.85,10777.28,10769.74,0.6,98.0,D,D,0.39999999999999997
23/05/2000,10539.12,10671.74,10325.63,10422.27,-84.30000000000109,-150.4300000000003,7.540000000000873,10648.893333333333,10724.623333333335,10827.196666666665,10837.363333333333,10542.55,10626.85,10777.28,0.6,99.0,D,D,0.39999999999999997
24/05/2000,10420.9,10679.53,10240.99,10535.35,-120.27999999999884,-84.30000000000109,-150.4300000000003,10530.556666666667,10648.893333333333,10724.623333333335,10827.196666666665,10422.27,10542.55,10626.85,0.4666666666666666,100.0,U,U,0.5333333333333333
25/05/2000,10529.87,10644.32,10207.75,10323.92,113.07999999999993,-120.27999999999884,-84.30000000000109,10500.056666666665,10530.556666666667,10648.893333333333,10724.623333333335,10535.35,10422.27,10542.55,0.5333333333333333,101.0,D,D,0.4666666666666666
26/05/2000,10322.89,10487.72,10163.2,10299.24,-211.4300000000003,113.07999999999993,-120.27999999999884,10427.18,10500.056666666665,10530.556666666667,10648.893333333333,10323.92,10535.35,10422.27,0.39999999999999997,102.0,D,U,0.6
30/05/2000,10302.31,10596.0,10287.94,10527.13,-24.68000000000029,-211.4300000000003,113.07999999999993,10386.17,10427.18,10500.056666666665,10530.556666666667,10299.24,10323.92,10535.35,0.26666666666666666,103.0,U,U,0.7333333333333333
31/05/2000,10528.28,10692.73,10377.37,10522.33,227.88999999999942,-24.68000000000029,-211.4300000000003,10383.43,10386.17,10427.18,10500.056666666665,10527.13,10299.24,10323.92,0.5333333333333333,104.0,D,D,0.4666666666666666
01/06/2000,10532.27,10780.37,10422.95,10652.2,-4.799999999999272,227.88999999999942,-24.68000000000029,10449.566666666666,10383.43,10386.17,10427.18,10522.33,10527.13,10299.24,0.5333333333333333,105.0,U,D,0.4666666666666666
02/06/2000,10660.09,11013.05,10600.46,10794.76,129.8700000000008,-4.799999999999272,227.88999999999942,10567.22,10449.566666666666,10383.43,10386.17,10652.2,10522.33,10527.13,0.6,106.0,U,D,0.39999999999999997
05/06/2000,10793.11,10951.79,10629.03,10815.3,142.5599999999995,129.8700000000008,-4.799999999999272,10656.43,10567.22,10449.566666666666,10383.43,10794.76,10652.2,10522.33,0.3333333333333333,107.0,U,U,0.6666666666666666
06/06/2000,10822.61,10916.97,10592.82,10735.57,20.539999999999054,142.5599999999995,129.8700000000008,10754.086666666666,10656.43,10567.22,10449.566666666666,10815.3,10794.76,10652.2,0.4666666666666666,108.0,D,U,0.5333333333333333
07/06/2000,10733.48,10974.07,10588.64,10812.86,-79.72999999999956,20.539999999999054,142.5599999999995,10781.876666666665,10754.086666666666,10656.43,10567.22,10735.57,10815.3,10794.76,0.39999999999999997,109.0,U,U,0.6
08/06/2000,10818.78,10887.72,10524.92,10668.72,77.29000000000087,-79.72999999999956,20.539999999999054,10787.91,10781.876666666665,10754.086666666666,10656.43,10812.86,10735.57,10815.3,0.5333333333333333,110.0,D,D,0.4666666666666666
09/06/2000,10678.47,10848.38,10515.52,10614.06,-144.14000000000124,77.29000000000087,-79.72999999999956,10739.050000000001,10787.91,10781.876666666665,10754.086666666666,10668.72,10812.86,10735.57,0.6,111.0,D,D,0.39999999999999997
12/06/2000,10615.12,10757.6,10476.88,10564.21,-54.659999999999854,-144.14000000000124,77.29000000000087,10698.546666666667,10739.050000000001,10787.91,10781.876666666665,10614.06,10668.72,10812.86,0.5333333333333333,112.0,D,D,0.4666666666666666
13/06/2000,10562.31,10751.86,10395.56,10621.84,-49.850000000000364,-54.659999999999854,-144.14000000000124,10615.663333333332,10698.546666666667,10739.050000000001,10787.91,10564.21,10614.06,10668.72,0.4666666666666666,113.0,U,U,0.5333333333333333
14/06/2000,10632.46,10860.84,10542.99,10687.95,57.63000000000102,-49.850000000000364,-54.659999999999854,10600.036666666665,10615.663333333332,10698.546666666667,10739.050000000001,10621.84,10564.21,10614.06,0.4666666666666666,114.0,U,U,0.5333333333333333
15/06/2000,10689.63,10889.48,10552.89,10714.82,66.11000000000058,57.63000000000102,-49.850000000000364,10624.666666666666,10600.036666666665,10615.663333333332,10698.546666666667,10687.95,10621.84,10564.21,0.6666666666666666,115.0,U,D,0.3333333333333333
16/06/2000,10717.76,10784.47,10393.44,10449.3,26.86999999999898,66.11000000000058,57.63000000000102,10674.87,10624.666666666666,10600.036666666665,10615.663333333332,10714.82,10687.95,10621.84,0.6666666666666666,116.0,D,D,0.3333333333333333
19/06/2000,10448.4,10733.56,10322.02,10557.84,-265.52000000000044,26.86999999999898,66.11000000000058,10617.356666666667,10674.87,10624.666666666666,10600.036666666665,10449.3,10714.82,10687.95,0.5333333333333333,117.0,U,D,0.4666666666666666
20/06/2000,10558.9,10632.09,10318.84,10435.16,108.54000000000087,-265.52000000000044,26.86999999999898,10573.986666666666,10617.356666666667,10674.87,10624.666666666666,10557.84,10449.3,10714.82,0.6666666666666666,118.0,D,D,0.3333333333333333
21/06/2000,10446.83,10607.69,10312.48,10497.74,-122.68000000000029,108.54000000000087,-265.52000000000044,10480.766666666666,10573.986666666666,10617.356666666667,10674.87,10435.16,10557.84,10449.3,0.2,119.0,U,U,0.7999999999999999
22/06/2000,10495.97,10596.73,10256.97,10376.12,62.57999999999993,-122.68000000000029,108.54000000000087,10496.913333333332,10480.766666666666,10573.986666666666,10617.356666666667,10497.74,10435.16,10557.84,0.26666666666666666,120.0,D,U,0.7333333333333333
23/06/2000,10376.47,10555.37,10283.13,10404.75,-121.61999999999898,62.57999999999993,-122.68000000000029,10436.340000000002,10496.913333333332,10480.766666666666,10573.986666666666,10376.12,10497.74,10435.16,0.26666666666666666,121.0,U,U,0.7333333333333333
26/06/2000,10403.69,10680.26,10365.15,10542.99,28.6299999999992,-121.61999999999898,62.57999999999993,10426.203333333333,10436.340000000002,10496.913333333332,10480.766666666666,10404.75,10376.12,10497.74,0.26666666666666666,122.0,U,U,0.7333333333333333
27/06/2000,10541.58,10741.69,10384.6,10504.46,138.23999999999978,28.6299999999992,-121.61999999999898,10441.286666666667,10426.203333333333,10436.340000000002,10496.913333333332,10542.99,10404.75,10376.12,0.6666666666666666,123.0,D,D,0.3333333333333333
28/06/2000,10506.39,10712.7,10399.1,10527.79,-38.530000000000655,138.23999999999978,28.6299999999992,10484.066666666666,10441.286666666667,10426.203333333333,10436.340000000002,10504.46,10542.99,10404.75,0.4666666666666666,124.0,U,U,0.5333333333333333
29/06/2000,10523.9,10582.94,10279.24,10398.04,23.330000000001746,-38.530000000000655,138.23999999999978,10525.08,10484.066666666666,10441.286666666667,10426.203333333333,10527.79,10504.46,10542.99,0.39999999999999997,125.0,D,U,0.6
30/06/2000,10393.09,10626.79,10161.51,10447.89,-129.75,23.330000000001746,-38.530000000000655,10476.763333333334,10525.08,10484.066666666666,10441.286666666667,10398.04,10527.79,10504.46,0.4666666666666666,126.0,U,U,0.5333333333333333
03/07/2000,10450.36,10610.17,10353.66,10560.67,49.849999999998545,-129.75,23.330000000001746,10457.906666666668,10476.763333333334,10525.08,10484.066666666666,10447.89,10398.04,10527.79,0.26666666666666666,127.0,U,U,0.7333333333333333
05/07/2000,10538.23,10674.16,10362.33,10483.6,112.78000000000065,49.849999999998545,-129.75,10468.866666666667,10457.906666666668,10476.763333333334,10525.08,10560.67,10447.89,10398.04,0.6,128.0,D,D,0.39999999999999997
06/07/2000,10481.45,10644.11,10303.28,10481.47,-77.06999999999971,112.78000000000065,49.849999999998545,10497.386666666665,10468.866666666667,10457.906666666668,10476.763333333334,10483.6,10560.67,10447.89,0.39999999999999997,129.0,U,U,0.6
07/07/2000,10483.33,10742.04,10419.25,10635.98,-2.1300000000010186,-77.06999999999971,112.78000000000065,10508.58,10497.386666666665,10468.866666666667,10457.906666666668,10481.47,10483.6,10560.67,0.3333333333333333,130.0,U,U,0.6666666666666666
10/07/2000,10627.14,10792.25,10520.01,10646.58,154.51000000000022,-2.1300000000010186,-77.06999999999971,10533.683333333332,10508.58,10497.386666666665,10468.866666666667,10635.98,10481.47,10483.6,0.3333333333333333,131.0,U,U,0.6666666666666666
11/07/2000,10649.06,10877.46,10544.76,10727.19,10.600000000000364,154.51000000000022,-2.1300000000010186,10588.01,10533.683333333332,10508.58,10497.386666666665,10646.58,10635.98,10481.47,0.39999999999999997,132.0,U,U,0.6
12/07/2000,10722.24,10930.84,10639.51,10783.76,80.61000000000058,10.600000000000364,154.51000000000022,10669.916666666666,10588.01,10533.683333333332,10508.58,10727.19,10646.58,10635.98,0.5333333333333333,133.0,U,D,0.4666666666666666
13/07/2000,10774.92,10963.02,10643.4,10788.71,56.56999999999971,80.61000000000058,10.600000000000364,10719.176666666666,10669.916666666666,10588.01,10533.683333333332,10783.76,10727.19,10646.58,0.6666666666666666,134.0,U,D,0.3333333333333333
14/07/2000,10793.31,10935.44,10661.43,10812.75,4.949999999998909,56.56999999999971,80.61000000000058,10766.553333333333,10719.176666666666,10669.916666666666,10588.01,10788.71,10783.76,10727.19,0.39999999999999997,135.0,U,U,0.6
17/07/2000,10812.4,10969.38,10653.3,10804.27,24.040000000000873,4.949999999998909,56.56999999999971,10795.073333333334,10766.553333333333,10719.176666666666,10669.916666666666,10812.75,10788.71,10783.76,0.4666666666666666,136.0,D,U,0.5333333333333333
18/07/2000,10799.16,10895.57,10613.0,10739.92,-8.479999999999563,24.040000000000873,4.949999999998909,10801.91,10795.073333333334,10766.553333333333,10719.176666666666,10804.27,10812.75,10788.71,0.5333333333333333,137.0,D,D,0.4666666666666666
19/07/2000,10724.15,10907.15,10587.89,10696.08,-64.35000000000036,-8.479999999999563,24.040000000000873,10785.646666666667,10801.91,10795.073333333334,10766.553333333333,10739.92,10804.27,10812.75,0.39999999999999997,138.0,D,U,0.6
20/07/2000,10700.68,10980.34,10671.33,10843.87,-43.840000000000146,-64.35000000000036,-8.479999999999563,10746.756666666668,10785.646666666667,10801.91,10795.073333333334,10696.08,10739.92,10804.27,0.6,139.0,U,D,0.39999999999999997
21/07/2000,10843.51,10949.58,10614.06,10733.56,147.79000000000087,-43.840000000000146,-64.35000000000036,10759.956666666667,10746.756666666668,10785.646666666667,10801.91,10843.87,10696.08,10739.92,0.6,140.0,D,D,0.39999999999999997
24/07/2000,10731.44,10895.84,10545.47,10685.12,-110.31000000000131,147.79000000000087,-43.840000000000146,10757.836666666668,10759.956666666667,10746.756666666668,10785.646666666667,10733.56,10843.87,10696.08,0.4666666666666666,141.0,D,U,0.5333333333333333
25/07/2000,10689.28,10867.2,10557.49,10699.97,-48.43999999999869,-110.31000000000131,147.79000000000087,10754.183333333334,10757.836666666668,10759.956666666667,10746.756666666668,10685.12,10733.56,10843.87,0.4666666666666666,142.0,U,U,0.5333333333333333
26/07/2000,10689.36,10790.13,10447.18,10516.48,14.849999999998545,-48.43999999999869,-110.31000000000131,10706.216666666667,10754.183333333334,10757.836666666668,10759.956666666667,10699.97,10685.12,10733.56,0.3333333333333333,143.0,D,U,0.6666666666666666
27/07/2000,10516.83,10745.93,10450.01,10586.13,-183.48999999999978,14.849999999998545,-48.43999999999869,10633.856666666667,10706.216666666667,10754.183333333334,10757.836666666668,10516.48,10699.97,10685.12,0.4666666666666666,144.0,U,U,0.5333333333333333
28/07/2000,10594.97,10732.14,10367.28,10511.17,69.64999999999964,-183.48999999999978,14.849999999998545,10600.859999999999,10633.856666666667,10706.216666666667,10754.183333333334,10586.13,10516.48,10699.97,0.4666666666666666,145.0,D,U,0.5333333333333333
31/07/2000,10514.29,10727.09,10374.0,10521.98,-74.95999999999913,69.64999999999964,-183.48999999999978,10537.926666666666,10600.859999999999,10633.856666666667,10706.216666666667,10511.17,10586.13,10516.48,0.13333333333333333,146.0,U,U,0.8666666666666666
01/08/2000,10523.81,10728.92,10428.58,10606.95,10.80999999999949,-74.95999999999913,69.64999999999964,10539.76,10537.926666666666,10600.859999999999,10633.856666666667,10521.98,10511.17,10586.13,0.39999999999999997,147.0,U,U,0.6
02/08/2000,10609.15,10818.66,10514.29,10687.53,84.97000000000116,10.80999999999949,-74.95999999999913,10546.7,10539.76,10537.926666666666,10600.859999999999,10606.95,10521.98,10511.17,0.5333333333333333,148.0,U,D,0.4666666666666666
03/08/2000,10679.37,10844.3,10518.68,10706.58,80.57999999999993,84.97000000000116,10.80999999999949,10605.486666666666,10546.7,10539.76,10537.926666666666,10687.53,10606.95,10521.98,0.39999999999999997,149.0,U,U,0.6
04/08/2000,10713.36,10873.97,10555.68,10767.75,19.049999999999272,80.57999999999993,84.97000000000116,10667.020000000002,10605.486666666666,10546.7,10539.76,10706.58,10687.53,10606.95,0.4666666666666666,150.0,U,U,0.5333333333333333
07/08/2000,10773.98,10973.23,10657.5,10867.01,61.17000000000007,19.049999999999272,80.57999999999993,10720.62,10667.020000000002,10605.486666666666,10546.7,10767.75,10706.58,10687.53,0.5333333333333333,151.0,U,D,0.4666666666666666
08/08/2000,10865.15,11083.11,10741.38,10976.89,99.26000000000022,61.17000000000007,19.049999999999272,10780.446666666669,10720.62,10667.020000000002,10605.486666666666,10867.01,10767.75,10706.58,0.5333333333333333,152.0,U,D,0.4666666666666666
09/08/2000,10970.94,11097.03,10780.02,10905.83,109.8799999999992,99.26000000000022,61.17000000000007,10870.550000000001,10780.446666666669,10720.62,10667.020000000002,10976.89,10867.01,10767.75,0.6666666666666666,153.0,D,D,0.3333333333333333
10/08/2000,10901.06,11069.93,10779.47,10908.76,-71.05999999999949,109.8799999999992,99.26000000000022,10916.576666666668,10870.550000000001,10780.446666666669,10720.62,10905.83,10976.89,10867.01,0.6,154.0,U,D,0.39999999999999997
11/08/2000,10905.98,11131.83,10841.37,11027.8,2.930000000000291,-71.05999999999949,109.8799999999992,10930.493333333334,10916.576666666668,10870.550000000001,10780.446666666669,10908.76,10905.83,10976.89,0.5333333333333333,155.0,U,D,0.4666666666666666
14/08/2000,11027.07,11232.92,10928.91,11176.14,119.03999999999905,2.930000000000291,-71.05999999999949,10947.463333333333,10930.493333333334,10916.576666666668,10870.550000000001,11027.8,10908.76,10905.83,0.39999999999999997,156.0,U,U,0.6
15/08/2000,11175.05,11227.06,10965.54,11067.0,148.34000000000015,119.03999999999905,2.930000000000291,11037.566666666666,10947.463333333333,10930.493333333334,10916.576666666668,11176.14,11027.8,10908.76,0.5333333333333333,157.0,D,D,0.4666666666666666
16/08/2000,11068.83,11171.02,10888.62,11008.39,-109.13999999999942,148.34000000000015,119.03999999999905,11090.313333333334,11037.566666666666,10947.463333333333,10930.493333333334,11067.0,11176.14,11027.8,0.4666666666666666,158.0,D,U,0.5333333333333333
17/08/2000,11010.95,11180.91,10899.24,11055.64,-58.61000000000058,-109.13999999999942,148.34000000000015,11083.843333333332,11090.313333333334,11037.566666666666,10947.463333333333,11008.39,11067.0,11176.14,0.26666666666666666,159.0,U,U,0.7333333333333333
18/08/2000,11051.2,11180.54,10933.3,11046.48,47.25,-58.61000000000058,-109.13999999999942,11043.676666666666,11083.843333333332,11090.313333333334,11037.566666666666,11055.64,11008.39,11067.0,0.6,160.0,D,D,0.39999999999999997
21/08/2000,11058.85,11193.73,10945.39,11079.81,-9.159999999999854,47.25,-58.61000000000058,11036.836666666664,11043.676666666666,11083.843333333332,11090.313333333334,11046.48,11055.64,11008.39,0.4666666666666666,161.0,U,U,0.5333333333333333
22/08/2000,11082.2,11274.67,11000.33,11139.15,33.32999999999993,-9.159999999999854,47.25,11060.643333333333,11036.836666666664,11043.676666666666,11083.843333333332,11079.81,11046.48,11055.64,0.5333333333333333,162.0,U,D,0.4666666666666666
23/08/2000,11130.55,11253.06,10990.44,11144.65,59.340000000000146,33.32999999999993,-9.159999999999854,11088.480000000001,11060.643333333333,11036.836666666664,11043.676666666666,11139.15,11079.81,11046.48,0.5333333333333333,163.0,U,D,0.4666666666666666
24/08/2000,11143.91,11302.51,11009.12,11182.74,5.5,59.340000000000146,33.32999999999993,11121.203333333333,11088.480000000001,11060.643333333333,11036.836666666664,11144.65,11139.15,11079.81,0.26666666666666666,164.0,U,U,0.7333333333333333
25/08/2000,11180.54,11301.41,11073.59,11192.63,38.090000000000146,5.5,59.340000000000146,11155.513333333334,11121.203333333333,11088.480000000001,11060.643333333333,11182.74,11144.65,11139.15,0.26666666666666666,165.0,U,U,0.7333333333333333
28/08/2000,11194.48,11410.44,11123.35,11252.84,9.889999999999418,38.090000000000146,5.5,11173.339999999998,11155.513333333334,11121.203333333333,11088.480000000001,11192.63,11182.74,11144.65,0.5333333333333333,166.0,U,D,0.4666666666666666
29/08/2000,11249.27,11356.42,11100.79,11215.1,60.210000000000946,9.889999999999418,38.090000000000146,11209.403333333334,11173.339999999998,11155.513333333334,11121.203333333333,11252.84,11192.63,11182.74,0.7333333333333333,167.0,D,D,0.26666666666666666
30/08/2000,11209.01,11282.06,11034.57,11103.01,-37.73999999999978,60.210000000000946,9.889999999999418,11220.19,11209.403333333334,11173.339999999998,11155.513333333334,11215.1,11252.84,11192.63,0.9333333333333332,168.0,D,D,0.06666666666666667
31/08/2000,11105.23,11415.99,11040.85,11215.1,-112.09000000000015,-37.73999999999978,60.210000000000946,11190.316666666668,11220.19,11209.403333333334,11173.339999999998,11103.01,11215.1,11252.84,0.39999999999999997,169.0,U,U,0.6
01/09/2000,11219.54,11406.74,11130.01,11238.78,112.09000000000015,-112.09000000000015,-37.73999999999978,11177.736666666666,11190.316666666668,11220.19,11209.403333333334,11215.1,11103.01,11215.1,0.4666666666666666,170.0,U,U,0.5333333333333333
05/09/2000,11221.76,11382.69,11094.5,11260.61,23.68000000000029,112.09000000000015,-112.09000000000015,11185.63,11177.736666666666,11190.316666666668,11220.19,11238.78,11215.1,11103.01,0.7333333333333333,171.0,U,D,0.26666666666666666
06/09/2000,11253.58,11518.83,11186.25,11310.64,21.829999999999927,23.68000000000029,112.09000000000015,11238.163333333336,11185.63,11177.736666666666,11190.316666666668,11260.61,11238.78,11215.1,0.7333333333333333,172.0,U,D,0.26666666666666666
07/09/2000,11316.01,11444.84,11124.83,11259.87,50.029999999998836,21.829999999999927,23.68000000000029,11270.01,11238.163333333336,11185.63,11177.736666666666,11310.64,11260.61,11238.78,0.7999999999999999,173.0,D,D,0.2
08/09/2000,11261.72,11381.95,11059.72,11220.65,-50.76999999999862,50.029999999998836,21.829999999999927,11277.04,11270.01,11238.163333333336,11185.63,11259.87,11310.64,11260.61,0.8666666666666666,174.0,D,D,0.13333333333333333
11/09/2000,11219.54,11367.15,11043.07,11195.49,-39.220000000001164,-50.76999999999862,50.029999999998836,11263.720000000001,11277.04,11270.01,11238.163333333336,11220.65,11259.87,11310.64,0.6666666666666666,175.0,D,D,0.3333333333333333
12/09/2000,11197.71,11351.98,11015.7,11233.23,-25.159999999999854,-39.220000000001164,-50.76999999999862,11225.336666666668,11263.720000000001,11277.04,11270.01,11195.49,11220.65,11259.87,0.6666666666666666,176.0,U,D,0.3333333333333333
13/09/2000,11225.03,11350.87,11020.14,11182.18,37.73999999999978,-25.159999999999854,-39.220000000001164,11216.456666666665,11225.336666666668,11263.720000000001,11277.04,11233.23,11195.49,11220.65,0.7333333333333333,177.0,D,D,0.26666666666666666
14/09/2000,11189.58,11285.39,10986.47,11087.47,-51.04999999999927,37.73999999999978,-25.159999999999854,11203.633333333333,11216.456666666665,11225.336666666668,11263.720000000001,11182.18,11233.23,11195.49,0.6,178.0,D,D,0.39999999999999997
15/09/2000,11087.84,11203.26,10857.73,10927.0,-94.71000000000095,-51.04999999999927,37.73999999999978,11167.626666666665,11203.633333333333,11216.456666666665,11225.336666666668,11087.47,11182.18,11233.23,0.5333333333333333,179.0,D,D,0.4666666666666666
18/09/2000,10926.42,11053.8,10693.84,10808.52,-160.46999999999935,-94.71000000000095,-51.04999999999927,11065.550000000001,11167.626666666665,11203.633333333333,11216.456666666665,10927.0,11087.47,11182.18,0.5333333333333333,180.0,D,D,0.4666666666666666
19/09/2000,10812.22,10960.95,10645.38,10789.29,-118.47999999999956,-160.46999999999935,-94.71000000000095,10940.996666666668,11065.550000000001,11167.626666666665,11203.633333333333,10808.52,10927.0,11087.47,0.5333333333333333,181.0,D,D,0.4666666666666666
20/09/2000,10794.47,10906.93,10500.35,10687.92,-19.229999999999563,-118.47999999999956,-160.46999999999935,10841.603333333334,10940.996666666668,11065.550000000001,11167.626666666665,10789.29,10808.52,10927.0,0.6,182.0,D,D,0.39999999999999997
21/09/2000,10680.52,10902.12,10548.08,10765.52,-101.3700000000008,-19.229999999999563,-118.47999999999956,10761.910000000002,10841.603333333334,10940.996666666668,11065.550000000001,10687.92,10789.29,10808.52,0.39999999999999997,183.0,U,U,0.6
22/09/2000,10678.3,10936.53,10505.16,10847.37,77.60000000000036,-101.3700000000008,-19.229999999999563,10747.576666666666,10761.910000000002,10841.603333333334,10940.996666666668,10765.52,10687.92,10789.29,0.39999999999999997,184.0,U,U,0.6
25/09/2000,10847.37,11039.47,10664.24,10808.15,81.85000000000036,77.60000000000036,-101.3700000000008,10766.936666666668,10747.576666666666,10761.910000000002,10841.603333333334,10847.37,10765.52,10687.92,0.5333333333333333,185.0,D,D,0.4666666666666666
26/09/2000,10806.3,10915.44,10499.61,10631.32,-39.220000000001164,81.85000000000036,77.60000000000036,10807.013333333334,10766.936666666668,10747.576666666666,10761.910000000002,10808.15,10847.37,10765.52,0.5333333333333333,186.0,D,D,0.4666666666666666
27/09/2000,10634.45,10821.1,10439.31,10628.36,-176.82999999999993,-39.220000000001164,81.85000000000036,10762.28,10807.013333333334,10766.936666666668,10747.576666666666,10631.32,10808.15,10847.37,0.4666666666666666,187.0,D,U,0.5333333333333333
28/09/2000,10629.84,10948.0,10539.48,10824.06,-2.959999999999127,-176.82999999999993,-39.220000000001164,10689.276666666667,10762.28,10807.013333333334,10766.936666666668,10628.36,10631.32,10808.15,0.6,188.0,U,D,0.39999999999999997
29/09/2000,10821.4,10923.21,10552.15,10650.92,195.6999999999989,-2.959999999999127,-176.82999999999993,10694.58,10689.276666666667,10762.28,10807.013333333334,10824.06,10628.36,10631.32,0.4666666666666666,189.0,D,U,0.5333333333333333
02/10/2000,10659.06,10876.23,10479.27,10700.13,-173.13999999999942,195.6999999999989,-2.959999999999127,10701.113333333333,10694.58,10689.276666666667,10762.28,10650.92,10824.06,10628.36,0.6,190.0,U,D,0.39999999999999997
03/10/2000,10709.84,10976.11,10561.03,10719.74,49.20999999999913,-173.13999999999942,195.6999999999989,10725.036666666667,10701.113333333333,10694.58,10689.276666666667,10700.13,10650.92,10824.06,0.3333333333333333,191.0,U,U,0.6666666666666666
04/10/2000,10723.33,10972.41,10596.54,10784.48,19.610000000000582,49.20999999999913,-173.13999999999942,10690.263333333334,10725.036666666667,10701.113333333333,10694.58,10719.74,10700.13,10650.92,0.4666666666666666,192.0,U,U,0.5333333333333333
05/10/2000,10783.72,10940.23,10570.28,10724.92,64.73999999999978,19.610000000000582,49.20999999999913,10734.783333333333,10690.263333333334,10725.036666666667,10701.113333333333,10784.48,10719.74,10700.13,0.3333333333333333,193.0,D,U,0.6666666666666666
06/10/2000,10726.76,10871.42,10440.05,10596.54,-59.55999999999949,64.73999999999978,19.610000000000582,10743.046666666667,10734.783333333333,10690.263333333334,10725.036666666667,10724.92,10784.48,10719.74,0.39999999999999997,194.0,D,U,0.6
09/10/2000,10596.91,10762.1,10438.94,10568.43,-128.3799999999992,-59.55999999999949,64.73999999999978,10701.980000000001,10743.046666666667,10734.783333333333,10690.263333333334,10596.54,10724.92,10784.48,0.5333333333333333,195.0,D,D,0.4666666666666666
10/10/2000,10569.17,10744.52,10377.16,10524.4,-28.110000000000582,-128.3799999999992,-59.55999999999949,10629.963333333333,10701.980000000001,10743.046666666667,10734.783333333333,10568.43,10596.54,10724.92,0.6,196.0,D,D,0.39999999999999997
11/10/2000,10521.07,10647.23,10228.44,10413.79,-44.030000000000655,-28.110000000000582,-128.3799999999992,10563.123333333335,10629.963333333333,10701.980000000001,10743.046666666667,10524.4,10568.43,10596.54,0.4666666666666666,197.0,D,U,0.5333333333333333
12/10/2000,10424.14,10462.25,9873.66,10034.58,-110.60999999999876,-44.030000000000655,-28.110000000000582,10502.206666666667,10563.123333333335,10629.963333333333,10701.980000000001,10413.79,10524.4,10568.43,0.7333333333333333,198.0,D,D,0.26666666666666666
13/10/2000,10031.62,10325.37,9883.27,10192.18,-379.21000000000095,-110.60999999999876,-44.030000000000655,10324.256666666668,10502.206666666667,10563.123333333335,10629.963333333333,10034.58,10413.79,10524.4,0.39999999999999997,199.0,U,U,0.6
16/10/2000,10184.78,10428.95,10033.84,10238.8,157.60000000000036,-379.21000000000095,-110.60999999999876,10213.516666666668,10324.256666666668,10502.206666666667,10563.123333333335,10192.18,10034.58,10413.79,0.5333333333333333,200.0,U,D,0.4666666666666666
17/10/2000,10242.87,10402.32,9924.34,10089.71,46.61999999999898,157.60000000000036,-379.21000000000095,10155.186666666666,10213.516666666668,10324.256666666668,10502.206666666667,10238.8,10192.18,10034.58,0.6,201.0,D,D,0.39999999999999997
18/10/2000,10085.99,10171.47,9571.4,9975.02,-149.09000000000015,46.61999999999898,157.60000000000036,10173.563333333334,10155.186666666666,10213.516666666668,10324.256666666668,10089.71,10238.8,10192.18,0.7333333333333333,202.0,D,D,0.26666666666666666
19/10/2000,10014.61,10317.23,9901.77,10142.98,-114.68999999999869,-149.09000000000015,46.61999999999898,10101.176666666666,10173.563333333334,10155.186666666666,10213.516666666668,9975.02,10089.71,10238.8,0.6,203.0,U,D,0.39999999999999997
20/10/2000,10141.13,10406.76,9925.82,10226.59,167.95999999999913,-114.68999999999869,-149.09000000000015,10069.236666666666,10101.176666666666,10173.563333333334,10155.186666666666,10142.98,9975.02,10089.71,0.4666666666666666,204.0,U,U,0.5333333333333333
23/10/2000,10230.29,10496.28,10078.24,10271.72,83.61000000000058,167.95999999999913,-114.68999999999869,10114.863333333333,10069.236666666666,10101.176666666666,10173.563333333334,10226.59,10142.98,9975.02,0.4666666666666666,205.0,U,U,0.5333333333333333
24/10/2000,10273.57,10583.96,10136.69,10393.07,45.1299999999992,83.61000000000058,167.95999999999913,10213.763333333334,10114.863333333333,10069.236666666666,10101.176666666666,10271.72,10226.59,10142.98,0.39999999999999997,206.0,U,U,0.6
25/10/2000,10395.66,10563.99,10170.08,10326.48,121.35000000000036,45.1299999999992,83.61000000000058,10297.126666666665,10213.763333333334,10114.863333333333,10069.236666666666,10393.07,10271.72,10226.59,0.4666666666666666,207.0,D,U,0.5333333333333333
26/10/2000,10330.18,10563.25,10128.18,10380.12,-66.59000000000015,121.35000000000036,45.1299999999992,10330.423333333334,10297.126666666665,10213.763333333334,10114.863333333333,10326.48,10393.07,10271.72,0.5333333333333333,208.0,U,D,0.4666666666666666
27/10/2000,10381.6,10696.43,10296.7,10590.62,53.64000000000124,-66.59000000000015,121.35000000000036,10366.556666666665,10330.423333333334,10297.126666666665,10213.763333333334,10380.12,10326.48,10393.07,0.39999999999999997,209.0,U,U,0.6
30/10/2000,10588.06,10944.98,10506.25,10835.77,210.5,53.64000000000124,-66.59000000000015,10432.406666666668,10366.556666666665,10330.423333333334,10297.126666666665,10590.62,10380.12,10326.48,0.5333333333333333,210.0,U,D,0.4666666666666666
31/10/2000,10835.39,11108.79,10681.06,10971.14,245.14999999999964,210.5,53.64000000000124,10602.17,10432.406666666668,10366.556666666665,10330.423333333334,10835.77,10590.62,10380.12,0.39999999999999997,211.0,U,U,0.6
01/11/2000,10966.21,11103.1,10736.42,10899.47,135.36999999999898,245.14999999999964,210.5,10799.176666666666,10602.17,10432.406666666668,10366.556666666665,10971.14,10835.77,10590.62,0.5333333333333333,212.0,D,D,0.4666666666666666
02/11/2000,10903.17,11071.06,10731.49,10880.51,-71.67000000000007,135.36999999999898,245.14999999999964,10902.126666666665,10799.176666666666,10602.17,10432.406666666668,10899.47,10971.14,10835.77,0.5333333333333333,213.0,D,D,0.4666666666666666
03/11/2000,10883.17,10996.17,10650.72,10817.95,-18.959999999999127,-71.67000000000007,135.36999999999898,10917.04,10902.126666666665,10799.176666666666,10602.17,10880.51,10899.47,10971.14,0.5333333333333333,214.0,D,D,0.4666666666666666
06/11/2000,10820.6,11092.1,10741.73,10977.21,-62.55999999999949,-18.959999999999127,-71.67000000000007,10865.976666666667,10917.04,10902.126666666665,10799.176666666666,10817.95,10880.51,10899.47,0.39999999999999997,215.0,U,U,0.6
07/11/2000,10978.72,11105.75,10825.15,10952.18,159.2599999999984,-62.55999999999949,-18.959999999999127,10891.89,10865.976666666667,10917.04,10902.126666666665,10977.21,10817.95,10880.51,0.6,216.0,D,D,0.39999999999999997
08/11/2000,10954.34,11152.02,10779.27,10907.06,-25.029999999998836,159.2599999999984,-62.55999999999949,10915.78,10891.89,10865.976666666667,10917.04,10952.18,10977.21,10817.95,0.7333333333333333,217.0,D,D,0.26666666666666666
09/11/2000,10902.11,10989.34,10576.4,10834.25,-45.1200000000008,-25.029999999998836,159.2599999999984,10945.483333333332,10915.78,10891.89,10865.976666666667,10907.06,10952.18,10977.21,0.4666666666666666,218.0,D,U,0.5333333333333333
10/11/2000,10813.78,10886.2,10497.53,10602.95,-72.80999999999949,-45.1200000000008,-25.029999999998836,10897.83,10945.483333333332,10915.78,10891.89,10834.25,10907.06,10952.18,0.39999999999999997,219.0,D,U,0.6
13/11/2000,10595.35,10701.54,10273.24,10517.25,-231.29999999999927,-72.80999999999949,-45.1200000000008,10781.42,10897.83,10945.483333333332,10915.78,10602.95,10834.25,10907.06,0.39999999999999997,220.0,D,U,0.6
14/11/2000,10528.25,10809.61,10484.64,10681.06,-85.70000000000073,-231.29999999999927,-72.80999999999949,10651.483333333334,10781.42,10897.83,10945.483333333332,10517.25,10602.95,10834.25,0.5333333333333333,221.0,U,D,0.4666666666666666
15/11/2000,10681.21,10863.83,10544.17,10707.6,163.8099999999995,-85.70000000000073,-231.29999999999927,10600.42,10651.483333333334,10781.42,10897.83,10681.06,10517.25,10602.95,0.39999999999999997,222.0,U,U,0.6
16/11/2000,10705.33,10857.38,10536.3,10656.03,26.540000000000873,163.8099999999995,-85.70000000000073,10635.303333333331,10600.42,10651.483333333334,10781.42,10707.6,10681.06,10517.25,0.6,223.0,D,D,0.39999999999999997
17/11/2000,10657.13,10824.77,10462.55,10629.87,-51.56999999999971,26.540000000000873,163.8099999999995,10681.563333333334,10635.303333333331,10600.42,10651.483333333334,10656.03,10707.6,10681.06,0.6,224.0,D,D,0.39999999999999997
20/11/2000,10624.18,10707.22,10331.45,10462.65,-26.159999999999854,-51.56999999999971,26.540000000000873,10664.5,10681.563333333334,10635.303333333331,10600.42,10629.87,10656.03,10707.6,0.4666666666666666,225.0,D,U,0.5333333333333333
21/11/2000,10465.57,10676.13,10303.39,10494.5,-167.22000000000116,-26.159999999999854,-51.56999999999971,10582.85,10664.5,10681.563333333334,10635.303333333331,10462.65,10629.87,10656.03,0.4666666666666666,226.0,U,U,0.5333333333333333
22/11/2000,10484.26,10589.67,10251.06,10399.32,31.850000000000364,-167.22000000000116,-26.159999999999854,10529.006666666666,10582.85,10664.5,10681.563333333334,10494.5,10462.65,10629.87,0.6,227.0,D,D,0.39999999999999997
24/11/2000,10403.87,10596.5,10354.2,10470.23,-95.18000000000029,31.850000000000364,-167.22000000000116,10452.156666666668,10529.006666666666,10582.85,10664.5,10399.32,10494.5,10462.65,0.2,228.0,U,U,0.7999999999999999
27/11/2000,10479.33,10758.04,10411.08,10546.07,70.90999999999985,-95.18000000000029,31.850000000000364,10454.683333333332,10452.156666666668,10529.006666666666,10582.85,10470.23,10399.32,10494.5,0.39999999999999997,229.0,U,U,0.6
28/11/2000,10537.86,10730.35,10356.47,10507.58,75.84000000000015,70.90999999999985,-95.18000000000029,10471.873333333333,10454.683333333332,10452.156666666668,10529.006666666666,10546.07,10470.23,10399.32,0.6,230.0,D,D,0.39999999999999997
29/11/2000,10502.74,10746.66,10383.02,10629.11,-38.48999999999978,75.84000000000015,70.90999999999985,10507.96,10471.873333333333,10454.683333333332,10452.156666666668,10507.58,10546.07,10470.23,0.3333333333333333,231.0,U,U,0.6666666666666666
30/11/2000,10610.53,10690.16,10204.8,10414.49,121.53000000000065,-38.48999999999978,75.84000000000015,10560.92,10507.96,10471.873333333333,10454.683333333332,10629.11,10507.58,10546.07,0.4666666666666666,232.0,D,U,0.5333333333333333
01/12/2000,10416.76,10645.42,10238.54,10373.54,-214.6200000000008,121.53000000000065,-38.48999999999978,10517.06,10560.92,10507.96,10471.873333333333,10414.49,10629.11,10507.58,0.4666666666666666,233.0,D,U,0.5333333333333333
04/12/2000,10377.33,10701.35,10227.17,10560.95,-40.94999999999891,-214.6200000000008,121.53000000000065,10472.38,10517.06,10560.92,10507.96,10373.54,10414.49,10629.11,0.26666666666666666,234.0,U,U,0.7333333333333333
05/12/2000,10576.78,11044.7,10504.36,10898.72,187.40999999999985,-40.94999999999891,-214.6200000000008,10449.66,10472.38,10517.06,10560.92,10560.95,10373.54,10414.49,0.6,235.0,U,D,0.39999999999999997
06/12/2000,10896.14,10995.41,10513.84,10664.38,337.7699999999986,187.40999999999985,-40.94999999999891,10611.07,10449.66,10472.38,10517.06,10898.72,10560.95,10373.54,0.39999999999999997,236.0,D,U,0.6
07/12/2000,10644.66,10791.4,10448.99,10617.36,-234.34000000000015,337.7699999999986,187.40999999999985,10708.016666666665,10611.07,10449.66,10472.38,10664.38,10898.72,10560.95,0.5333333333333333,237.0,D,D,0.4666666666666666
08/12/2000,10632.14,10896.82,10534.69,10712.91,-47.01999999999862,-234.34000000000015,337.7699999999986,10726.82,10708.016666666665,10611.07,10449.66,10617.36,10664.38,10898.72,0.39999999999999997,238.0,U,U,0.6
11/12/2000,10719.36,10931.33,10521.04,10725.8,95.54999999999927,-47.01999999999862,-234.34000000000015,10664.883333333333,10726.82,10708.016666666665,10611.07,10712.91,10617.36,10664.38,0.6,239.0,U,D,0.39999999999999997
12/12/2000,10722.77,10968.77,10582.09,10768.27,12.889999999999418,95.54999999999927,-47.01999999999862,10685.356666666667,10664.883333333333,10726.82,10708.016666666665,10725.8,10712.91,10617.36,0.4666666666666666,240.0,U,U,0.5333333333333333
13/12/2000,10777.95,11002.23,10653.76,10794.44,42.470000000001164,12.889999999999418,95.54999999999927,10735.66,10685.356666666667,10664.883333333333,10726.82,10768.27,10725.8,10712.91,0.3333333333333333,241.0,U,U,0.6666666666666666
14/12/2000,10794.82,10864.49,10508.53,10674.99,26.170000000000073,42.470000000001164,12.889999999999418,10762.836666666668,10735.66,10685.356666666667,10664.883333333333,10794.44,10768.27,10725.8,0.4666666666666666,242.0,D,U,0.5333333333333333
15/12/2000,10647.98,10706.84,10324.24,10434.96,-119.45000000000073,26.170000000000073,42.470000000001164,10745.9,10762.836666666668,10735.66,10685.356666666667,10674.99,10794.44,10768.27,0.4666666666666666,243.0,D,U,0.5333333333333333
18/12/2000,10433.34,10783.82,10417.43,10645.42,-240.03000000000065,-119.45000000000073,26.170000000000073,10634.796666666667,10745.9,10762.836666666668,10735.66,10434.96,10674.99,10794.44,0.7333333333333333,244.0,U,D,0.26666666666666666
19/12/2000,10643.14,10865.35,10441.41,10584.37,210.46000000000095,-240.03000000000065,-119.45000000000073,10585.123333333331,10634.796666666667,10745.9,10762.836666666668,10645.42,10434.96,10674.99,0.6666666666666666,245.0,D,D,0.3333333333333333
20/12/2000,10580.97,10604.08,10197.59,10318.93,-61.04999999999927,210.46000000000095,-240.03000000000065,10554.916666666666,10585.123333333331,10634.796666666667,10745.9,10584.37,10645.42,10434.96,0.4666666666666666,246.0,D,U,0.5333333333333333
21/12/2000,10314.38,10651.96,10158.16,10487.29,-265.4400000000005,-61.04999999999927,210.46000000000095,10516.24,10554.916666666666,10585.123333333331,10634.796666666667,10318.93,10584.37,10645.42,0.5333333333333333,247.0,U,D,0.4666666666666666
22/12/2000,10495.26,10772.07,10364.06,10635.56,168.36000000000058,-265.4400000000005,-61.04999999999927,10463.53,10516.24,10554.916666666666,10585.123333333331,10487.29,10318.93,10584.37,0.5333333333333333,248.0,U,D,0.4666666666666666
26/12/2000,10638.21,10813.78,10479.71,10692.44,148.26999999999862,168.36000000000058,-265.4400000000005,10480.593333333332,10463.53,10516.24,10554.916666666666,10635.56,10487.29,10318.93,0.5333333333333333,249.0,U,D,0.4666666666666666
27/12/2000,10690.1,10944.6,10551.0,10803.16,56.88000000000102,148.26999999999862,168.36000000000058,10605.096666666666,10480.593333333332,10463.53,10516.24,10692.44,10635.56,10487.29,0.2,250.0,U,U,0.7999999999999999
28/12/2000,10795.2,11009.44,10645.42,10868.76,110.71999999999935,56.88000000000102,148.26999999999862,10710.386666666667,10605.096666666666,10480.593333333332,10463.53,10803.16,10692.44,10635.56,0.39999999999999997,251.0,U,U,0.6
29/12/2000,10868.76,11031.05,10675.75,10787.99,65.60000000000036,110.71999999999935,56.88000000000102,10788.12,10710.386666666667,10605.096666666666,10480.593333333332,10868.76,10803.16,10692.44,0.4666666666666666,252.0,D,U,0.5333333333333333
02/01/2001,10790.92,10916.98,10450.55,10646.15,-80.77000000000044,65.60000000000036,110.71999999999935,10819.97,10788.12,10710.386666666667,10605.096666666666,10787.99,10868.76,10803.16,0.4666666666666666,253.0,D,U,0.5333333333333333
03/01/2001,10637.42,11212.62,10367.19,10945.75,-141.84000000000015,-80.77000000000044,65.60000000000036,10767.633333333333,10819.97,10788.12,10710.386666666667,10646.15,10787.99,10868.76,0.4666666666666666,254.0,U,U,0.5333333333333333
04/01/2001,10944.94,11224.41,10672.58,10912.41,299.60000000000036,-141.84000000000015,-80.77000000000044,10793.296666666667,10767.633333333333,10819.97,10788.12,10945.75,10646.15,10787.99,0.7333333333333333,255.0,D,D,0.26666666666666666
05/01/2001,10912.81,10990.59,10492.84,10662.01,-33.340000000000146,299.60000000000036,-141.84000000000015,10834.77,10793.296666666667,10767.633333333333,10819.97,10912.41,10945.75,10646.15,0.6666666666666666,256.0,D,D,0.3333333333333333
08/01/2001,10658.73,10818.98,10407.85,10621.35,-250.39999999999964,-33.340000000000146,299.60000000000036,10840.056666666665,10834.77,10793.296666666667,10767.633333333333,10662.01,10912.41,10945.75,0.3333333333333333,257.0,D,U,0.6666666666666666
09/01/2001,10625.21,10801.09,10387.12,10572.55,-40.659999999999854,-250.39999999999964,-33.340000000000146,10731.923333333332,10840.056666666665,10834.77,10793.296666666667,10621.35,10662.01,10912.41,0.4666666666666666,258.0,D,U,0.5333333333333333
10/01/2001,10568.48,10728.3,10325.71,10604.27,-48.80000000000109,-40.659999999999854,-250.39999999999964,10618.636666666667,10731.923333333332,10840.056666666665,10834.77,10572.55,10621.35,10662.01,0.6,259.0,U,D,0.39999999999999997
11/01/2001,10600.2,10808.0,10400.94,10609.55,31.720000000001164,-48.80000000000109,-40.659999999999854,10599.390000000001,10618.636666666667,10731.923333333332,10840.056666666665,10604.27,10572.55,10621.35,0.4666666666666666,260.0,U,U,0.5333333333333333
12/01/2001,10608.74,10743.75,10339.94,10525.38,5.279999999998836,31.720000000001164,-48.80000000000109,10595.456666666667,10599.390000000001,10618.636666666667,10731.923333333332,10609.55,10604.27,10572.55,0.5333333333333333,261.0,D,D,0.4666666666666666
16/01/2001,10525.78,10751.48,10362.72,10652.66,-84.17000000000007,5.279999999998836,31.720000000001164,10579.733333333332,10595.456666666667,10599.390000000001,10618.636666666667,10525.38,10609.55,10604.27,0.5333333333333333,262.0,U,D,0.4666666666666666
17/01/2001,10660.95,10817.35,10442.83,10584.34,127.28000000000065,-84.17000000000007,5.279999999998836,10595.863333333333,10579.733333333332,10595.456666666667,10599.390000000001,10652.66,10525.38,10609.55,0.6666666666666666,263.0,D,D,0.3333333333333333
18/01/2001,10584.57,10834.43,10466.01,10678.28,-68.31999999999971,127.28000000000065,-84.17000000000007,10587.460000000001,10595.863333333333,10579.733333333332,10595.456666666667,10584.34,10652.66,10525.38,0.39999999999999997,264.0,U,U,0.6
19/01/2001,10686.0,10792.14,10448.93,10587.59,93.94000000000051,-68.31999999999971,127.28000000000065,10638.426666666666,10587.460000000001,10595.863333333333,10579.733333333332,10678.28,10584.34,10652.66,0.7333333333333333,265.0,D,D,0.26666666666666666
22/01/2001,10581.9,10749.44,10371.66,10578.24,-90.69000000000051,93.94000000000051,-68.31999999999971,10616.736666666668,10638.426666666666,10587.460000000001,10595.863333333333,10587.59,10678.28,10584.34,0.39999999999999997,266.0,D,U,0.6
23/01/2001,10575.8,10773.94,10459.91,10649.81,-9.350000000000364,-90.69000000000051,93.94000000000051,10614.703333333333,10616.736666666668,10638.426666666666,10587.460000000001,10578.24,10587.59,10678.28,0.5333333333333333,267.0,U,D,0.4666666666666666
24/01/2001,10651.85,10795.8,10483.49,10646.97,71.56999999999971,-9.350000000000364,-90.69000000000051,10605.213333333333,10614.703333333333,10616.736666666668,10638.426666666666,10649.81,10578.24,10587.59,0.6666666666666666,268.0,D,D,0.3333333333333333
25/01/2001,10644.53,10882.42,10520.9,10729.52,-2.8400000000001455,71.56999999999971,-9.350000000000364,10625.006666666666,10605.213333333333,10614.703333333333,10616.736666666668,10646.97,10649.81,10578.24,0.39999999999999997,269.0,U,U,0.6
26/01/2001,10727.08,10874.28,10506.26,10659.98,82.55000000000109,-2.8400000000001455,71.56999999999971,10675.433333333332,10625.006666666666,10605.213333333333,10614.703333333333,10729.52,10646.97,10649.81,0.6666666666666666,270.0,D,D,0.3333333333333333
29/01/2001,10657.13,10832.56,10515.99,10702.19,-69.54000000000087,82.55000000000109,-2.8400000000001455,10678.823333333332,10675.433333333332,10625.006666666666,10605.213333333333,10659.98,10729.52,10646.97,0.5333333333333333,271.0,U,D,0.4666666666666666
30/01/2001,10702.19,10950.38,10609.77,10881.2,42.210000000000946,-69.54000000000087,82.55000000000109,10697.230000000001,10678.823333333332,10675.433333333332,10625.006666666666,10702.19,10659.98,10729.52,0.4666666666666666,272.0,U,U,0.5333333333333333
31/01/2001,10882.25,11072.28,10705.23,10887.36,179.01000000000022,42.210000000000946,-69.54000000000087,10747.789999999999,10697.230000000001,10678.823333333332,10675.433333333332,10881.2,10702.19,10659.98,0.5333333333333333,273.0,U,D,0.4666666666666666
01/02/2001,10884.82,11063.95,10759.85,10983.63,6.1599999999998545,179.01000000000022,42.210000000000946,10823.583333333334,10747.789999999999,10697.230000000001,10678.823333333332,10887.36,10881.2,10702.19,0.39999999999999997,274.0,U,U,0.6
02/02/2001,10982.71,11093.01,10786.69,10864.1,96.26999999999862,6.1599999999998545,179.01000000000022,10917.396666666667,10823.583333333334,10747.789999999999,10697.230000000001,10983.63,10887.36,10881.2,0.6,275.0,D,D,0.39999999999999997
05/02/2001,10860.44,11061.42,10759.98,10965.85,-119.52999999999884,96.26999999999862,6.1599999999998545,10911.696666666665,10917.396666666667,10823.583333333334,10747.789999999999,10864.1,10983.63,10887.36,0.6,276.0,U,D,0.39999999999999997
06/02/2001,10965.03,11117.8,10820.28,10957.42,101.75,-119.52999999999884,96.26999999999862,10937.86,10911.696666666665,10917.396666666667,10823.583333333334,10965.85,10864.1,10983.63,0.6,277.0,D,D,0.39999999999999997
07/02/2001,10948.95,11140.09,10794.29,10946.72,-8.430000000000291,101.75,-119.52999999999884,10929.123333333335,10937.86,10911.696666666665,10917.396666666667,10957.42,10965.85,10864.1,0.5333333333333333,278.0,D,D,0.4666666666666666
08/02/2001,10940.62,11080.42,10776.04,10880.55,-10.700000000000728,-8.430000000000291,101.75,10956.663333333332,10929.123333333335,10937.86,10911.696666666665,10946.72,10957.42,10965.85,0.6,279.0,D,D,0.39999999999999997
09/02/2001,10878.51,10979.12,10682.77,10781.45,-66.17000000000007,-10.700000000000728,-8.430000000000291,10928.230000000001,10956.663333333332,10929.123333333335,10937.86,10880.55,10946.72,10957.42,0.4666666666666666,280.0,D,U,0.5333333333333333
12/02/2001,10779.42,11024.92,10727.02,10946.77,-99.09999999999854,-66.17000000000007,-10.700000000000728,10869.573333333332,10928.230000000001,10956.663333333332,10929.123333333335,10781.45,10880.55,10946.72,0.3333333333333333,281.0,U,U,0.6666666666666666
13/02/2001,10950.18,11114.44,10774.98,10903.32,165.3199999999997,-99.09999999999854,-66.17000000000007,10869.59,10869.573333333332,10928.230000000001,10956.663333333332,10946.77,10781.45,10880.55,0.7999999999999999,282.0,D,D,0.2
14/02/2001,10899.42,10989.61,10683.39,10795.41,-43.45000000000073,165.3199999999997,-99.09999999999854,10877.18,10869.59,10869.573333333332,10928.230000000001,10903.32,10946.77,10781.45,0.7999999999999999,283.0,D,D,0.2
15/02/2001,10800.65,11023.44,10694.43,10891.02,-107.90999999999985,-43.45000000000073,165.3199999999997,10881.833333333334,10877.18,10869.59,10869.573333333332,10795.41,10903.32,10946.77,0.39999999999999997,284.0,U,U,0.6
16/02/2001,10884.11,10946.11,10652.33,10799.82,95.61000000000058,-107.90999999999985,-43.45000000000073,10863.25,10881.833333333334,10877.18,10869.59,10891.02,10795.41,10903.32,0.7999999999999999,285.0,D,D,0.2
20/02/2001,10800.23,10988.29,10612.25,10730.88,-91.20000000000073,95.61000000000058,-107.90999999999985,10828.75,10863.25,10881.833333333334,10877.18,10799.82,10891.02,10795.41,0.5333333333333333,286.0,D,D,0.4666666666666666
21/02/2001,10721.29,10828.48,10468.32,10526.58,-68.94000000000051,-91.20000000000073,95.61000000000058,10807.24,10828.75,10863.25,10881.833333333334,10730.88,10799.82,10891.02,0.3333333333333333,287.0,D,U,0.6666666666666666
22/02/2001,10527.8,10694.5,10278.93,10526.81,-204.29999999999927,-68.94000000000051,-91.20000000000073,10685.76,10807.24,10828.75,10863.25,10526.58,10730.88,10799.82,0.5333333333333333,288.0,D,D,0.4666666666666666
23/02/2001,10529.25,10595.01,10225.14,10441.9,0.22999999999956344,-204.29999999999927,-68.94000000000051,10594.756666666666,10685.76,10807.24,10828.75,10526.81,10526.58,10730.88,0.39999999999999997,289.0,D,U,0.6
26/02/2001,10447.59,10701.92,10347.59,10642.53,-84.90999999999985,0.22999999999956344,-204.29999999999927,10498.43,10594.756666666666,10685.76,10807.24,10441.9,10526.81,10526.58,0.39999999999999997,290.0,U,U,0.6
27/02/2001,10638.44,10787.29,10463.92,10636.88,200.63000000000102,-84.90999999999985,0.22999999999956344,10537.08,10498.43,10594.756666666666,10685.76,10642.53,10441.9,10526.81,0.6666666666666666,291.0,D,D,0.3333333333333333
28/02/2001,10639.32,10750.23,10374.62,10495.28,-5.650000000001455,200.63000000000102,-84.90999999999985,10573.769999999999,10537.08,10498.43,10594.756666666666,10636.88,10642.53,10441.9,0.39999999999999997,292.0,D,U,0.6
01/03/2001,10493.25,10605.23,10236.92,10450.14,-141.59999999999854,-5.650000000001455,200.63000000000102,10591.563333333334,10573.769999999999,10537.08,10498.43,10495.28,10636.88,10642.53,0.4666666666666666,293.0,D,U,0.5333333333333333
02/03/2001,10438.04,10645.57,10239.81,10466.31,-45.14000000000124,-141.59999999999854,-5.650000000001455,10527.433333333332,10591.563333333334,10573.769999999999,10537.08,10450.14,10495.28,10636.88,0.4666666666666666,294.0,U,U,0.5333333333333333
05/03/2001,10468.93,10659.52,10393.59,10562.3,16.170000000000073,-45.14000000000124,-141.59999999999854,10470.576666666666,10527.433333333332,10591.563333333334,10573.769999999999,10466.31,10450.14,10495.28,0.4666666666666666,295.0,U,U,0.5333333333333333
06/03/2001,10570.17,10759.4,10508.43,10591.22,95.98999999999978,16.170000000000073,-45.14000000000124,10492.916666666666,10470.576666666666,10527.433333333332,10591.563333333334,10562.3,10466.31,10450.14,0.6666666666666666,296.0,U,D,0.3333333333333333
07/03/2001,10591.86,10822.23,10524.76,10729.6,28.920000000000073,95.98999999999978,16.170000000000073,10539.943333333335,10492.916666666666,10470.576666666666,10527.433333333332,10591.22,10562.3,10466.31,0.4666666666666666,297.0,U,U,0.5333333333333333
08/03/2001,10727.16,10940.45,10625.95,10858.25,138.38000000000102,28.920000000000073,95.98999999999978,10627.706666666665,10539.943333333335,10492.916666666666,10470.576666666666,10729.6,10591.22,10562.3,0.4666666666666666,298.0,U,U,0.5333333333333333
09/03/2001,10850.11,10874.15,10520.42,10644.62,128.64999999999964,138.38000000000102,28.920000000000073,10726.356666666667,10627.706666666665,10539.943333333335,10492.916666666666,10858.25,10729.6,10591.22,0.4666666666666666,299.0,D,U,0.5333333333333333
12/03/2001,10638.52,10638.63,10138.9,10208.25,-213.6299999999992,128.64999999999964,138.38000000000102,10744.156666666668,10726.356666666667,10627.706666666665,10539.943333333335,10644.62,10858.25,10729.6,0.5333333333333333,300.0,D,D,0.4666666666666666
13/03/2001,10206.89,10397.83,10021.6,10290.8,-436.3700000000008,-213.6299999999992,128.64999999999964,10570.373333333335,10744.156666666668,10726.356666666667,10627.706666666665,10208.25,10644.62,10858.25,0.4666666666666666,301.0,U,U,0.5333333333333333
14/03/2001,10279.42,10279.42,9817.74,9973.46,82.54999999999927,-436.3700000000008,-213.6299999999992,10381.223333333333,10570.373333333335,10744.156666666668,10726.356666666667,10290.8,10208.25,10644.62,0.6,302.0,D,D,0.39999999999999997
15/03/2001,9982.92,10190.8,9887.68,10031.28,-317.34000000000015,82.54999999999927,-436.3700000000008,10157.503333333332,10381.223333333333,10570.373333333335,10744.156666666668,9973.46,10290.8,10208.25,0.39999999999999997,303.0,U,U,0.6
16/03/2001,10023.55,10119.44,9720.17,9823.41,57.82000000000153,-317.34000000000015,82.54999999999927,10098.513333333334,10157.503333333332,10381.223333333333,10570.373333333335,10031.28,9973.46,10290.8,0.4666666666666666,304.0,D,U,0.5333333333333333
19/03/2001,9820.05,10059.08,9720.94,9959.11,-207.8700000000008,57.82000000000153,-317.34000000000015,9942.716666666665,10098.513333333334,10157.503333333332,10381.223333333333,9823.41,10031.28,9973.46,0.3333333333333333,305.0,U,U,0.6666666666666666
20/03/2001,9961.14,10130.45,9675.51,9720.76,135.70000000000073,-207.8700000000008,57.82000000000153,9937.933333333334,9942.716666666665,10098.513333333334,10157.503333333332,9959.11,9823.41,10031.28,0.39999999999999997,306.0,D,U,0.6
21/03/2001,9717.46,9807.08,9391.42,9487.0,-238.35000000000036,135.70000000000073,-207.8700000000008,9834.426666666666,9937.933333333334,9942.716666666665,10098.513333333334,9720.76,9959.11,9823.41,0.5333333333333333,307.0,D,D,0.4666666666666666
22/03/2001,9490.66,9565.4,9047.56,9389.48,-233.76000000000022,-238.35000000000036,135.70000000000073,9722.29,9834.426666666666,9937.933333333334,9942.716666666665,9487.0,9720.76,9959.11,0.26666666666666666,308.0,D,U,0.7333333333333333
23/03/2001,9395.58,9631.8,9249.63,9504.78,-97.52000000000044,-233.76000000000022,-238.35000000000036,9532.413333333334,9722.29,9834.426666666666,9937.933333333334,9389.48,9487.0,9720.76,0.39999999999999997,309.0,U,U,0.6
26/03/2001,9509.25,9820.5,9489.75,9687.53,115.30000000000109,-97.52000000000044,-233.76000000000022,9460.42,9532.413333333334,9722.29,9834.426666666666,9504.78,9389.48,9487.0,0.3333333333333333,310.0,U,U,0.6666666666666666
27/03/2001,9687.93,10012.98,9584.29,9947.54,182.75,115.30000000000109,-97.52000000000044,9527.263333333334,9460.42,9532.413333333334,9722.29,9687.53,9504.78,9389.48,0.39999999999999997,311.0,U,U,0.6
28/03/2001,9939.68,9939.68,9607.06,9785.35,260.0100000000002,182.75,115.30000000000109,9713.283333333335,9527.263333333334,9460.42,9532.413333333334,9947.54,9687.53,9504.78,0.4666666666666666,312.0,D,U,0.5333333333333333
29/03/2001,9784.94,9950.22,9583.67,9799.06,-162.1900000000005,260.0100000000002,182.75,9806.806666666665,9713.283333333335,9527.263333333334,9460.42,9785.35,9947.54,9687.53,0.26666666666666666,313.0,U,U,0.7333333333333333
30/03/2001,9799.47,9998.49,9685.07,9878.78,13.709999999999127,-162.1900000000005,260.0100000000002,9843.983333333332,9806.806666666665,9713.283333333335,9527.263333333334,9799.06,9785.35,9947.54,0.39999999999999997,314.0,U,U,0.6
02/04/2001,9877.16,10043.02,9638.35,9777.93,79.72000000000116,13.709999999999127,-162.1900000000005,9821.063333333334,9843.983333333332,9806.806666666665,9713.283333333335,9878.78,9799.06,9785.35,0.6,315.0,D,D,0.39999999999999997
03/04/2001,9774.78,9779.74,9385.43,9485.71,-100.85000000000036,79.72000000000116,13.709999999999127,9818.59,9821.063333333334,9843.983333333332,9806.806666666665,9777.93,9878.78,9799.06,0.5333333333333333,316.0,D,D,0.4666666666666666
04/04/2001,9480.95,9693.05,9303.48,9515.42,-292.22000000000116,-100.85000000000036,79.72000000000116,9714.14,9818.59,9821.063333333334,9843.983333333332,9485.71,9777.93,9878.78,0.3333333333333333,317.0,U,U,0.6666666666666666
05/04/2001,9527.21,9969.92,9527.21,9918.05,29.710000000000946,-292.22000000000116,-100.85000000000036,9593.019999999999,9714.14,9818.59,9821.063333333334,9515.42,9485.71,9777.93,0.39999999999999997,318.0,U,U,0.6
06/04/2001,9913.94,9951.73,9600.91,9791.09,402.6299999999992,29.710000000000946,-292.22000000000116,9639.726666666666,9593.019999999999,9714.14,9818.59,9918.05,9515.42,9485.71,0.4666666666666666,319.0,D,U,0.5333333333333333
09/04/2001,9793.58,9999.35,9699.92,9845.15,-126.95999999999913,402.6299999999992,29.710000000000946,9741.52,9639.726666666666,9593.019999999999,9714.14,9791.09,9918.05,9515.42,0.4666666666666666,320.0,U,U,0.5333333333333333
10/04/2001,9850.35,10226.85,9850.35,10102.74,54.05999999999949,-126.95999999999913,402.6299999999992,9851.43,9741.52,9639.726666666666,9593.019999999999,9845.15,9791.09,9918.05,0.4666666666666666,321.0,U,U,0.5333333333333333
11/04/2001,10109.05,10246.59,9898.77,10013.47,257.59000000000015,54.05999999999949,-126.95999999999913,9912.993333333332,9851.43,9741.52,9639.726666666666,10102.74,9845.15,9791.09,0.5333333333333333,322.0,D,D,0.4666666666666666
12/04/2001,10013.08,10178.22,9862.71,10126.94,-89.27000000000044,257.59000000000015,54.05999999999949,9987.12,9912.993333333332,9851.43,9741.52,10013.47,10102.74,9845.15,0.5333333333333333,323.0,U,D,0.4666666666666666
16/04/2001,10118.16,10282.38,9991.14,10158.56,113.47000000000116,-89.27000000000044,257.59000000000015,10081.050000000001,9987.12,9912.993333333332,9851.43,10126.94,10013.47,10102.74,0.6,324.0,U,D,0.39999999999999997
17/04/2001,10151.73,10286.61,9980.22,10216.73,31.61999999999898,113.47000000000116,-89.27000000000044,10099.656666666668,10081.050000000001,9987.12,9912.993333333332,10158.56,10126.94,10013.47,0.26666666666666666,325.0,U,U,0.7333333333333333
18/04/2001,10226.88,10806.41,10215.69,10615.83,58.17000000000007,31.61999999999898,113.47000000000116,10167.41,10099.656666666668,10081.050000000001,9987.12,10216.73,10158.56,10126.94,0.3333333333333333,326.0,U,U,0.6666666666666666
19/04/2001,10616.09,10768.28,10468.79,10693.71,399.10000000000036,58.17000000000007,31.61999999999898,10330.373333333335,10167.41,10099.656666666668,10081.050000000001,10615.83,10216.73,10158.56,0.5333333333333333,327.0,U,D,0.4666666666666666
20/04/2001,10690.33,10755.46,10445.43,10579.85,77.8799999999992,399.10000000000036,58.17000000000007,10508.756666666666,10330.373333333335,10167.41,10099.656666666668,10693.71,10615.83,10216.73,0.6,328.0,D,D,0.39999999999999997
23/04/2001,10571.0,10669.71,10393.05,10532.23,-113.85999999999876,77.8799999999992,399.10000000000036,10629.796666666667,10508.756666666666,10330.373333333335,10167.41,10579.85,10693.71,10615.83,0.4666666666666666,329.0,D,U,0.5333333333333333
24/04/2001,10529.75,10694.61,10401.45,10454.34,-47.6200000000008,-113.85999999999876,77.8799999999992,10601.929999999998,10629.796666666667,10508.756666666666,10330.373333333335,10532.23,10579.85,10693.71,0.5333333333333333,330.0,D,D,0.4666666666666666
25/04/2001,10453.43,10675.95,10373.14,10625.2,-77.88999999999942,-47.6200000000008,-113.85999999999876,10522.140000000001,10601.929999999998,10629.796666666667,10508.756666666666,10454.34,10532.23,10579.85,0.6,331.0,U,D,0.39999999999999997
26/04/2001,10633.01,10820.72,10533.98,10692.35,170.86000000000058,-77.88999999999942,-47.6200000000008,10537.256666666666,10522.140000000001,10601.929999999998,10629.796666666667,10625.2,10454.34,10532.23,0.6,332.0,U,D,0.39999999999999997
27/04/2001,10694.95,10894.6,10632.36,10810.05,67.14999999999964,170.86000000000058,-77.88999999999942,10590.63,10537.256666666666,10522.140000000001,10601.929999999998,10692.35,10625.2,10454.34,0.39999999999999997,333.0,U,U,0.6
30/04/2001,10814.41,10973.15,10666.13,10734.97,117.69999999999891,67.14999999999964,170.86000000000058,10709.2,10590.63,10537.256666666666,10522.140000000001,10810.05,10692.35,10625.2,0.39999999999999997,334.0,D,U,0.6
01/05/2001,10734.05,10966.07,10669.32,10898.34,-75.07999999999993,117.69999999999891,67.14999999999964,10745.79,10709.2,10590.63,10537.256666666666,10734.97,10810.05,10692.35,0.5333333333333333,335.0,U,D,0.4666666666666666
02/05/2001,10902.77,11024.31,10726.77,10876.68,163.3700000000008,-75.07999999999993,117.69999999999891,10814.453333333333,10745.79,10709.2,10590.63,10898.34,10734.97,10810.05,0.5333333333333333,336.0,D,D,0.4666666666666666
03/05/2001,10872.32,10911.06,10657.99,10796.65,-21.659999999999854,163.3700000000008,-75.07999999999993,10836.663333333332,10814.453333333333,10745.79,10709.2,10876.68,10898.34,10734.97,0.5333333333333333,337.0,D,D,0.4666666666666666
04/05/2001,10793.2,10989.95,10638.48,10951.24,-80.03000000000065,-21.659999999999854,163.3700000000008,10857.223333333333,10836.663333333332,10814.453333333333,10745.79,10796.65,10876.68,10898.34,0.2,338.0,U,U,0.7999999999999999
07/05/2001,10952.35,11059.51,10822.74,10935.17,154.59000000000015,-80.03000000000065,-21.659999999999854,10874.856666666667,10857.223333333333,10836.663333333332,10814.453333333333,10951.24,10796.65,10876.68,0.6666666666666666,339.0,D,D,0.3333333333333333
08/05/2001,10936.66,11001.66,10755.07,10883.51,-16.06999999999971,154.59000000000015,-80.03000000000065,10894.353333333333,10874.856666666667,10857.223333333333,10836.663333333332,10935.17,10951.24,10796.65,0.7333333333333333,340.0,D,D,0.26666666666666666
09/05/2001,10875.96,10964.84,10739.78,10866.98,-51.659999999999854,-16.06999999999971,154.59000000000015,10923.306666666665,10894.353333333333,10874.856666666667,10857.223333333333,10883.51,10935.17,10951.24,0.4666666666666666,341.0,D,U,0.5333333333333333
10/05/2001,10868.87,11049.39,10826.9,10910.44,-16.530000000000655,-51.659999999999854,-16.06999999999971,10895.22,10923.306666666665,10894.353333333333,10874.856666666667,10866.98,10883.51,10935.17,0.4666666666666666,342.0,U,U,0.5333333333333333
11/05/2001,10908.3,10969.39,10716.16,10821.31,43.460000000000946,-16.530000000000655,-51.659999999999854,10886.976666666667,10895.22,10923.306666666665,10894.353333333333,10910.44,10866.98,10883.51,0.6666666666666666,343.0,D,D,0.3333333333333333
14/05/2001,10819.55,10930.09,10730.74,10877.33,-89.13000000000102,43.460000000000946,-16.530000000000655,10866.243333333332,10886.976666666667,10895.22,10923.306666666665,10821.31,10910.44,10866.98,0.4666666666666666,344.0,U,U,0.5333333333333333
15/05/2001,10877.46,10979.35,10752.73,10872.97,56.02000000000044,-89.13000000000102,43.460000000000946,10869.693333333335,10866.243333333332,10886.976666666667,10895.22,10877.33,10821.31,10910.44,0.6,345.0,D,D,0.39999999999999997
16/05/2001,10864.74,11258.21,10779.66,11215.92,-4.360000000000582,56.02000000000044,-89.13000000000102,10857.203333333333,10869.693333333335,10866.243333333332,10886.976666666667,10872.97,10877.33,10821.31,0.6,346.0,U,D,0.39999999999999997
17/05/2001,11218.65,11413.46,11104.34,11248.58,342.9500000000007,-4.360000000000582,56.02000000000044,10988.74,10857.203333333333,10869.693333333335,10866.243333333332,11215.92,10872.97,10877.33,0.6,347.0,U,D,0.39999999999999997
18/05/2001,11245.78,11374.87,11123.01,11301.74,32.659999999999854,342.9500000000007,-4.360000000000582,11112.49,10988.74,10857.203333333333,10869.693333333335,11248.58,11215.92,10872.97,0.6666666666666666,348.0,U,D,0.3333333333333333
21/05/2001,11299.14,11436.42,11149.82,11337.92,53.159999999999854,32.659999999999854,342.9500000000007,11255.413333333332,11112.49,10988.74,10857.203333333333,11301.74,11248.58,11215.92,0.6,349.0,U,D,0.39999999999999997
22/05/2001,11339.8,11411.63,11162.83,11257.24,36.18000000000029,53.159999999999854,32.659999999999854,11296.08,11255.413333333332,11112.49,10988.74,11337.92,11301.74,11248.58,0.8666666666666666,350.0,D,D,0.13333333333333333
23/05/2001,11257.76,11308.44,11033.16,11105.51,-80.68000000000029,36.18000000000029,53.159999999999854,11298.966666666667,11296.08,11255.413333333332,11112.49,11257.24,11337.92,11301.74,0.8666666666666666,351.0,D,D,0.13333333333333333
24/05/2001,11107.07,11248.19,10977.2,11122.42,-151.72999999999956,-80.68000000000029,36.18000000000029,11233.556666666665,11298.966666666667,11296.08,11255.413333333332,11105.51,11257.24,11337.92,0.39999999999999997,352.0,U,U,0.6
25/05/2001,11122.03,11166.92,10949.01,11005.37,16.909999999999854,-151.72999999999956,-80.68000000000029,11161.723333333333,11233.556666666665,11298.966666666667,11296.08,11122.42,11105.51,11257.24,0.4666666666666666,353.0,D,U,0.5333333333333333
29/05/2001,11004.66,11162.96,10913.44,11039.14,-117.04999999999927,16.909999999999854,-151.72999999999956,11077.766666666668,11161.723333333333,11233.556666666665,11298.966666666667,11005.37,11122.42,11105.51,0.5333333333333333,354.0,U,D,0.4666666666666666
30/05/2001,11032.96,11089.89,10819.74,10872.64,33.76999999999862,-117.04999999999927,16.909999999999854,11055.643333333333,11077.766666666668,11161.723333333333,11233.556666666665,11039.14,11005.37,11122.42,0.26666666666666666,355.0,D,U,0.7333333333333333
31/05/2001,10873.23,11023.25,10798.53,10911.94,-166.5,33.76999999999862,-117.04999999999927,10972.383333333333,11055.643333333333,11077.766666666668,11161.723333333333,10872.64,11039.14,11005.37,0.39999999999999997,356.0,U,U,0.6
01/06/2001,10913.57,11063.61,10793.46,10990.41,39.30000000000109,-166.5,33.76999999999862,10941.24,10972.383333333333,11055.643333333333,11077.766666666668,10911.94,10872.64,11039.14,0.4666666666666666,357.0,U,U,0.5333333333333333
04/06/2001,10991.77,11125.99,10898.8,11061.52,78.46999999999935,39.30000000000109,-166.5,10924.996666666668,10941.24,10972.383333333333,11055.643333333333,10990.41,10911.94,10872.64,0.7333333333333333,358.0,U,D,0.26666666666666666
05/06/2001,11061.39,11234.98,10973.1,11175.84,71.11000000000058,78.46999999999935,39.30000000000109,10987.956666666665,10924.996666666668,10941.24,10972.383333333333,11061.52,10990.41,10911.94,0.39999999999999997,359.0,U,U,0.6
06/06/2001,11177.73,11236.68,10998.48,11070.24,114.31999999999971,71.11000000000058,78.46999999999935,11075.923333333334,10987.956666666665,10924.996666666668,10941.24,11175.84,11061.52,10990.41,0.6,360.0,D,D,0.39999999999999997
07/06/2001,11069.58,11169.34,10940.11,11090.74,-105.60000000000036,114.31999999999971,71.11000000000058,11102.533333333333,11075.923333333334,10987.956666666665,10924.996666666668,11070.24,11175.84,11061.52,0.39999999999999997,361.0,U,U,0.6
08/06/2001,11095.62,11096.46,10882.92,10977.0,20.5,-105.60000000000036,114.31999999999971,11112.273333333333,11102.533333333333,11075.923333333334,10987.956666666665,11090.74,11070.24,11175.84,0.3333333333333333,362.0,D,U,0.6666666666666666
11/06/2001,10974.79,11038.56,10819.29,10922.09,-113.73999999999978,20.5,-105.60000000000036,11045.993333333332,11112.273333333333,11102.533333333333,11075.923333333334,10977.0,11090.74,11070.24,0.39999999999999997,363.0,D,U,0.6
12/06/2001,10914.67,11009.93,10744.99,10948.38,-54.909999999999854,-113.73999999999978,20.5,10996.61,11045.993333333332,11112.273333333333,11102.533333333333,10922.09,10977.0,11090.74,0.39999999999999997,364.0,U,U,0.6
13/06/2001,10942.0,11065.92,10817.21,10871.62,26.289999999999054,-54.909999999999854,-113.73999999999978,10949.156666666668,10996.61,11045.993333333332,11112.273333333333,10948.38,10922.09,10977.0,0.6666666666666666,365.0,D,D,0.3333333333333333
14/06/2001,10868.27,10874.91,10604.45,10690.13,-76.7599999999984,26.289999999999054,-54.909999999999854,10914.03,10949.156666666668,10996.61,11045.993333333332,10871.62,10948.38,10922.09,0.6666666666666666,366.0,D,D,0.3333333333333333
15/06/2001,10690.13,10792.25,10495.69,10623.64,-181.4900000000016,-76.7599999999984,26.289999999999054,10836.71,10914.03,10949.156666666668,10996.61,10690.13,10871.62,10948.38,0.39999999999999997,367.0,D,U,0.6
18/06/2001,10622.5,10781.45,10531.78,10645.38,-66.48999999999978,-181.4900000000016,-76.7599999999984,10728.463333333333,10836.71,10914.03,10949.156666666668,10623.64,10690.13,10871.62,0.4666666666666666,368.0,U,U,0.5333333333333333
19/06/2001,10654.3,10793.46,10514.74,10596.67,21.73999999999978,-66.48999999999978,-181.4900000000016,10653.049999999997,10728.463333333333,10836.71,10914.03,10645.38,10623.64,10690.13,0.4666666666666666,369.0,D,U,0.5333333333333333
20/06/2001,10593.79,10770.88,10480.2,10647.33,-48.70999999999913,21.73999999999978,-66.48999999999978,10621.896666666666,10653.049999999997,10728.463333333333,10836.71,10596.67,10645.38,10623.64,0.4666666666666666,370.0,U,U,0.5333333333333333
21/06/2001,10646.39,10848.47,10512.67,10715.43,50.659999999999854,-48.70999999999913,21.73999999999978,10629.793333333333,10621.896666666666,10653.049999999997,10728.463333333333,10647.33,10596.67,10645.38,0.4666666666666666,371.0,U,U,0.5333333333333333
22/06/2001,10716.5,10753.27,10513.61,10604.59,68.10000000000036,50.659999999999854,-48.70999999999913,10653.143333333333,10629.793333333333,10621.896666666666,10653.049999999997,10715.43,10647.33,10596.67,0.6,372.0,D,D,0.39999999999999997
25/06/2001,10607.88,10711.19,10417.93,10504.22,-110.84000000000015,68.10000000000036,50.659999999999854,10655.783333333335,10653.143333333333,10629.793333333333,10621.896666666666,10604.59,10715.43,10647.33,0.39999999999999997,373.0,D,U,0.6
26/06/2001,10497.3,10600.9,10313.4,10472.48,-100.3700000000008,-110.84000000000015,68.10000000000036,10608.08,10655.783333333335,10653.143333333333,10629.793333333333,10504.22,10604.59,10715.43,0.5333333333333333,374.0,D,D,0.4666666666666666
27/06/2001,10470.35,10608.48,10351.1,10434.84,-31.73999999999978,-100.3700000000008,-110.84000000000015,10527.096666666666,10608.08,10655.783333333335,10653.143333333333,10472.48,10504.22,10604.59,0.6,375.0,D,D,0.39999999999999997
28/06/2001,10438.73,10736.43,10429.74,10566.21,-37.63999999999942,-31.73999999999978,-100.3700000000008,10470.513333333332,10527.096666666666,10608.08,10655.783333333335,10434.84,10472.48,10504.22,0.39999999999999997,376.0,U,U,0.6
29/06/2001,10565.27,10729.18,10374.32,10502.4,131.36999999999898,-37.63999999999942,-31.73999999999978,10491.176666666666,10470.513333333332,10527.096666666666,10608.08,10566.21,10434.84,10472.48,0.5333333333333333,377.0,D,D,0.4666666666666666
02/07/2001,10504.95,10707.24,10397.2,10593.72,-63.80999999999949,131.36999999999898,-37.63999999999942,10501.15,10491.176666666666,10470.513333333332,10527.096666666666,10502.4,10566.21,10434.84,0.4666666666666666,378.0,U,U,0.5333333333333333
03/07/2001,10588.89,10648.0,10479.99,10571.11,91.31999999999971,-63.80999999999949,131.36999999999898,10554.11,10501.15,10491.176666666666,10470.513333333332,10593.72,10502.4,10566.21,0.5333333333333333,379.0,D,D,0.4666666666666666
05/07/2001,10566.23,10617.47,10403.57,10479.86,-22.609999999998763,91.31999999999971,-63.80999999999949,10555.743333333334,10554.11,10501.15,10491.176666666666,10571.11,10593.72,10502.4,0.4666666666666666,380.0,D,U,0.5333333333333333
06/07/2001,10476.73,10483.82,10176.26,10252.68,-91.25,-22.609999999998763,91.31999999999971,10548.230000000001,10555.743333333334,10554.11,10501.15,10479.86,10571.11,10593.72,0.4666666666666666,381.0,D,U,0.5333333333333333
09/07/2001,10253.62,10389.91,10166.55,10299.4,-227.1800000000003,-91.25,-22.609999999998763,10434.550000000001,10548.230000000001,10555.743333333334,10554.11,10252.68,10479.86,10571.11,0.3333333333333333,382.0,U,U,0.6666666666666666
10/07/2001,10300.82,10406.87,10104.06,10175.64,46.719999999999345,-227.1800000000003,-91.25,10343.980000000001,10434.550000000001,10548.230000000001,10555.743333333334,10299.4,10252.68,10479.86,0.3333333333333333,383.0,D,U,0.6666666666666666
11/07/2001,10174.7,10355.83,10049.38,10241.02,-123.76000000000022,46.719999999999345,-227.1800000000003,10242.573333333334,10343.980000000001,10434.550000000001,10548.230000000001,10175.64,10299.4,10252.68,0.26666666666666666,384.0,U,U,0.7333333333333333
12/07/2001,10269.31,10542.02,10249.58,10478.99,65.38000000000102,-123.76000000000022,46.719999999999345,10238.686666666666,10242.573333333334,10343.980000000001,10434.550000000001,10241.02,10175.64,10299.4,0.5333333333333333,385.0,U,D,0.4666666666666666
13/07/2001,10478.39,10615.42,10374.01,10539.06,237.96999999999935,65.38000000000102,-123.76000000000022,10298.550000000001,10238.686666666666,10242.573333333334,10343.980000000001,10478.99,10241.02,10175.64,0.3333333333333333,386.0,U,U,0.6666666666666666
16/07/2001,10537.98,10649.02,10374.55,10472.12,60.06999999999971,237.96999999999935,65.38000000000102,10419.69,10298.550000000001,10238.686666666666,10242.573333333334,10539.06,10478.99,10241.02,0.7333333333333333,387.0,D,D,0.26666666666666666
17/07/2001,10468.62,10683.76,10363.51,10606.39,-66.93999999999869,60.06999999999971,237.96999999999935,10496.723333333333,10419.69,10298.550000000001,10238.686666666666,10472.12,10539.06,10478.99,0.4666666666666666,388.0,U,U,0.5333333333333333
18/07/2001,10594.54,10676.83,10374.55,10569.83,134.26999999999862,-66.93999999999869,60.06999999999971,10539.19,10496.723333333333,10419.69,10298.550000000001,10606.39,10472.12,10539.06,0.6666666666666666,389.0,D,D,0.3333333333333333
19/07/2001,10574.33,10758.14,10480.54,10610.0,-36.55999999999949,134.26999999999862,-66.93999999999869,10549.446666666669,10539.19,10496.723333333333,10419.69,10569.83,10606.39,10472.12,0.6,390.0,U,D,0.39999999999999997
20/07/2001,10606.19,10668.33,10456.25,10576.65,40.17000000000007,-36.55999999999949,134.26999999999862,10595.406666666668,10549.446666666669,10539.19,10496.723333333333,10610.0,10569.83,10606.39,0.5333333333333333,391.0,D,D,0.4666666666666666
23/07/2001,10576.92,10644.73,10374.81,10424.42,-33.350000000000364,40.17000000000007,-36.55999999999949,10585.493333333334,10595.406666666668,10549.446666666669,10539.19,10576.65,10610.0,10569.83,0.4666666666666666,392.0,D,U,0.5333333333333333
24/07/2001,10423.8,10469.4,10170.82,10241.12,-152.22999999999956,-33.350000000000364,40.17000000000007,10537.023333333333,10585.493333333334,10595.406666666668,10549.446666666669,10424.42,10576.65,10610.0,0.4666666666666666,393.0,D,U,0.5333333333333333
25/07/2001,10241.75,10466.28,10159.34,10405.67,-183.29999999999927,-152.22999999999956,-33.350000000000364,10414.063333333334,10537.023333333333,10585.493333333334,10595.406666666668,10241.12,10424.42,10576.65,0.39999999999999997,394.0,U,U,0.6
26/07/2001,10403.46,10498.73,10237.46,10455.63,164.54999999999927,-183.29999999999927,-152.22999999999956,10357.07,10414.063333333334,10537.023333333333,10585.493333333334,10405.67,10241.12,10424.42,0.39999999999999997,395.0,U,U,0.6
27/07/2001,10451.89,10516.38,10316.27,10416.67,49.95999999999913,164.54999999999927,-183.29999999999927,10367.473333333333,10357.07,10414.063333333334,10537.023333333333,10455.63,10405.67,10241.12,0.5333333333333333,396.0,D,D,0.4666666666666666
30/07/2001,10418.68,10513.26,10301.05,10401.72,-38.95999999999913,49.95999999999913,164.54999999999927,10425.99,10367.473333333333,10357.07,10414.063333333334,10416.67,10455.63,10405.67,0.7333333333333333,397.0,D,D,0.26666666666666666
31/07/2001,10403.18,10639.4,10364.84,10522.81,-14.950000000000728,-38.95999999999913,49.95999999999913,10424.673333333332,10425.99,10367.473333333333,10357.07,10401.72,10416.67,10455.63,0.5333333333333333,398.0,U,D,0.4666666666666666
01/08/2001,10527.38,10659.33,10423.31,10510.01,121.09000000000015,-14.950000000000728,-38.95999999999913,10447.066666666666,10424.673333333332,10425.99,10367.473333333333,10522.81,10401.72,10416.67,0.39999999999999997,399.0,D,U,0.6
02/08/2001,10513.47,10663.07,10454.53,10551.18,-12.799999999999272,121.09000000000015,-14.950000000000728,10478.18,10447.066666666666,10424.673333333332,10425.99,10510.01,10522.81,10401.72,0.4666666666666666,400.0,U,U,0.5333333333333333
03/08/2001,10550.01,10592.98,10381.1,10512.78,41.17000000000007,-12.799999999999272,121.09000000000015,10528.0,10478.18,10447.066666666666,10424.673333333332,10551.18,10510.01,10522.81,0.4666666666666666,401.0,D,U,0.5333333333333333
06/08/2001,10504.13,10549.59,10337.23,10401.31,-38.399999999999636,41.17000000000007,-12.799999999999272,10524.656666666668,10528.0,10478.18,10447.066666666666,10512.78,10551.18,10510.01,0.39999999999999997,402.0,D,U,0.6
07/08/2001,10399.03,10520.11,10324.5,10458.74,-111.47000000000116,-38.399999999999636,41.17000000000007,10488.423333333332,10524.656666666668,10528.0,10478.18,10401.31,10512.78,10551.18,0.2,403.0,U,U,0.7999999999999999
08/08/2001,10456.18,10509.8,10245.68,10293.5,57.43000000000029,-111.47000000000116,-38.399999999999636,10457.61,10488.423333333332,10524.656666666668,10528.0,10458.74,10401.31,10512.78,0.39999999999999997,404.0,D,U,0.6
09/08/2001,10291.15,10361.52,10160.51,10298.56,-165.23999999999978,57.43000000000029,-111.47000000000116,10384.516666666666,10457.61,10488.423333333332,10524.656666666668,10293.5,10458.74,10401.31,0.26666666666666666,405.0,U,U,0.7333333333333333
10/08/2001,10296.89,10473.34,10164.67,10416.25,5.059999999999491,-165.23999999999978,57.43000000000029,10350.266666666665,10384.516666666666,10457.61,10488.423333333332,10298.56,10293.5,10458.74,0.3333333333333333,406.0,U,U,0.6666666666666666
13/08/2001,10411.9,10504.82,10314.95,10415.91,117.69000000000051,5.059999999999491,-165.23999999999978,10336.103333333333,10350.266666666665,10384.516666666666,10457.61,10416.25,10298.56,10293.5,0.4666666666666666,407.0,U,U,0.5333333333333333
14/08/2001,10416.95,10513.68,10333.29,10412.17,-0.3400000000001455,117.69000000000051,5.059999999999491,10376.906666666666,10336.103333333333,10350.266666666665,10384.516666666666,10415.91,10416.25,10298.56,0.7333333333333333,408.0,D,D,0.26666666666666666
15/08/2001,10407.05,10530.36,10289.01,10345.95,-3.7399999999997817,-0.3400000000001455,117.69000000000051,10414.776666666667,10376.906666666666,10336.103333333333,10350.266666666665,10412.17,10415.91,10416.25,0.4666666666666666,409.0,D,U,0.5333333333333333
16/08/2001,10342.1,10460.82,10198.15,10392.52,-66.21999999999935,-3.7399999999997817,-0.3400000000001455,10391.343333333334,10414.776666666667,10376.906666666666,10336.103333333333,10345.95,10412.17,10415.91,0.26666666666666666,410.0,U,U,0.7333333333333333
17/08/2001,10385.46,10418.68,10143.49,10240.78,46.56999999999971,-66.21999999999935,-3.7399999999997817,10383.546666666667,10391.343333333334,10414.776666666667,10376.906666666666,10392.52,10345.95,10412.17,0.26666666666666666,411.0,D,U,0.7333333333333333
20/08/2001,10239.33,10388.23,10146.05,10320.07,-151.73999999999978,46.56999999999971,-66.21999999999935,10326.416666666666,10383.546666666667,10391.343333333334,10414.776666666667,10240.78,10392.52,10345.95,0.13333333333333333,412.0,U,U,0.8666666666666666
21/08/2001,10320.07,10436.39,10132.92,10174.14,79.28999999999905,-151.73999999999978,46.56999999999971,10317.79,10326.416666666666,10383.546666666667,10391.343333333334,10320.07,10240.78,10392.52,0.39999999999999997,413.0,D,U,0.6
22/08/2001,10170.3,10340.76,10099.07,10276.9,-145.9300000000003,79.28999999999905,-151.73999999999978,10244.996666666666,10317.79,10326.416666666666,10383.546666666667,10174.14,10320.07,10240.78,0.26666666666666666,414.0,U,U,0.7333333333333333
23/08/2001,10276.41,10357.09,10142.66,10229.15,102.76000000000022,-145.9300000000003,79.28999999999905,10257.036666666667,10244.996666666666,10317.79,10326.416666666666,10276.9,10174.14,10320.07,0.5333333333333333,415.0,D,D,0.4666666666666666
24/08/2001,10232.48,10487.52,10190.34,10423.17,-47.75,102.76000000000022,-145.9300000000003,10226.730000000001,10257.036666666667,10244.996666666666,10317.79,10229.15,10276.9,10174.14,0.6,416.0,U,D,0.39999999999999997
27/08/2001,10422.76,10498.03,10334.88,10382.35,194.02000000000044,-47.75,102.76000000000022,10309.74,10226.730000000001,10257.036666666667,10244.996666666666,10423.17,10229.15,10276.9,0.5333333333333333,417.0,D,D,0.4666666666666666
28/08/2001,10382.56,10405.88,10175.6,10222.03,-40.81999999999971,194.02000000000044,-47.75,10344.89,10309.74,10226.730000000001,10257.036666666667,10382.35,10423.17,10229.15,0.7333333333333333,418.0,D,D,0.26666666666666666
29/08/2001,10224.45,10292.6,10030.43,10090.9,-160.3199999999997,-40.81999999999971,194.02000000000044,10342.516666666668,10344.89,10309.74,10226.730000000001,10222.03,10382.35,10423.17,0.4666666666666666,419.0,D,U,0.5333333333333333
30/08/2001,10077.07,10149.1,9829.35,9919.58,-131.13000000000102,-160.3199999999997,-40.81999999999971,10231.76,10342.516666666668,10344.89,10309.74,10090.9,10222.03,10382.35,0.5333333333333333,420.0,D,D,0.4666666666666666
31/08/2001,9918.96,10072.22,9846.72,9949.75,-171.3199999999997,-131.13000000000102,-160.3199999999997,10077.503333333334,10231.76,10342.516666666668,10344.89,9919.58,10090.9,10222.03,0.3333333333333333,421.0,U,U,0.6666666666666666
04/09/2001,9946.98,10238.5,9858.34,9997.49,30.170000000000073,-171.3199999999997,-131.13000000000102,9986.743333333334,10077.503333333334,10231.76,10342.516666666668,9949.75,9919.58,10090.9,0.4666666666666666,422.0,U,U,0.5333333333333333
05/09/2001,9998.12,10140.79,9820.98,10033.27,47.73999999999978,30.170000000000073,-171.3199999999997,9955.606666666667,9986.743333333334,10077.503333333334,10231.76,9997.49,9949.75,9919.58,0.3333333333333333,423.0,U,U,0.6666666666666666
06/09/2001,10028.35,10053.73,9762.03,9840.84,35.780000000000655,47.73999999999978,30.170000000000073,9993.503333333332,9955.606666666667,9986.743333333334,10077.503333333334,10033.27,9997.49,9949.75,0.4666666666666666,424.0,D,U,0.5333333333333333
07/09/2001,9841.25,9842.08,9507.04,9605.85,-192.4300000000003,35.780000000000655,47.73999999999978,9957.2,9993.503333333332,9955.606666666667,9986.743333333334,9840.84,10033.27,9997.49,0.39999999999999997,425.0,D,U,0.6
10/09/2001,9603.36,9740.44,9431.07,9605.51,-234.98999999999978,-192.4300000000003,35.780000000000655,9826.653333333334,9957.2,9993.503333333332,9955.606666666667,9605.85,9840.84,10033.27,0.2,426.0,U,U,0.7999999999999999
17/09/2001,9294.55,9294.55,8755.46,8920.7,-0.3400000000001455,-234.98999999999978,-192.4300000000003,9684.066666666668,9826.653333333334,9957.2,9993.503333333332,9605.51,9605.85,9840.84,0.3333333333333333,427.0,D,U,0.6666666666666666
18/09/2001,8922.7,9126.89,8743.91,8903.4,-684.8099999999995,-0.3400000000001455,-234.98999999999978,9377.353333333334,9684.066666666668,9826.653333333334,9957.2,8920.7,9605.51,9605.85,0.6,428.0,D,D,0.39999999999999997
19/09/2001,8903.54,8990.37,8453.01,8759.13,-17.30000000000109,-684.8099999999995,-0.3400000000001455,9143.203333333333,9377.353333333334,9684.066666666668,9826.653333333334,8903.4,8920.7,9605.51,0.3333333333333333,429.0,D,U,0.6666666666666666
20/09/2001,8375.72,8711.38,8304.45,8376.21,-144.27000000000044,-17.30000000000109,-684.8099999999995,8861.076666666666,9143.203333333333,9377.353333333334,9684.066666666668,8759.13,8903.4,8920.7,0.3333333333333333,430.0,U,U,0.6666666666666666
21/09/2001,8356.56,8484.22,7926.93,8235.81,-382.9200000000001,-144.27000000000044,-17.30000000000109,8679.58,8861.076666666666,9143.203333333333,9377.353333333334,8376.21,8759.13,8903.4,0.7333333333333333,431.0,D,D,0.26666666666666666
24/09/2001,8242.32,8733.39,8242.32,8603.86,-140.39999999999964,-382.9200000000001,-144.27000000000044,8457.049999999997,8679.58,8861.076666666666,9143.203333333333,8235.81,8376.21,8759.13,0.39999999999999997,432.0,U,U,0.6
25/09/2001,8605.59,8778.23,8435.56,8659.97,368.0500000000011,-140.39999999999964,-382.9200000000001,8405.293333333333,8457.049999999997,8679.58,8861.076666666666,8603.86,8235.81,8376.21,0.4666666666666666,433.0,U,U,0.5333333333333333
26/09/2001,8660.06,8766.81,8457.37,8567.39,56.10999999999876,368.0500000000011,-140.39999999999964,8499.88,8405.293333333333,8457.049999999997,8679.58,8659.97,8603.86,8235.81,0.6666666666666666,434.0,D,D,0.3333333333333333
27/09/2001,8567.46,8757.47,8398.14,8681.42,-92.57999999999993,56.10999999999876,368.0500000000011,8610.406666666668,8499.88,8405.293333333333,8457.049999999997,8567.39,8659.97,8603.86,0.7333333333333333,435.0,U,D,0.26666666666666666
28/09/2001,8679.07,8945.68,8633.75,8847.56,114.03000000000065,-92.57999999999993,56.10999999999876,8636.26,8610.406666666668,8499.88,8405.293333333333,8681.42,8567.39,8659.97,0.39999999999999997,436.0,U,U,0.6
01/10/2001,8845.97,8931.7,8659.9,8836.83,166.13999999999942,114.03000000000065,-92.57999999999993,8698.789999999999,8636.26,8610.406666666668,8499.88,8847.56,8681.42,8567.39,0.6666666666666666,437.0,D,D,0.3333333333333333
02/10/2001,8836.69,9001.03,8737.61,8950.59,-10.729999999999563,166.13999999999942,114.03000000000065,8788.603333333333,8698.789999999999,8636.26,8610.406666666668,8836.83,8847.56,8681.42,0.4666666666666666,438.0,U,U,0.5333333333333333
03/10/2001,8946.02,9193.32,8800.99,9123.78,113.76000000000022,-10.729999999999563,166.13999999999942,8878.326666666666,8788.603333333333,8698.789999999999,8636.26,8950.59,8836.83,8847.56,0.39999999999999997,439.0,U,U,0.6
04/10/2001,9127.24,9259.61,8982.28,9060.88,173.1900000000005,113.76000000000022,-10.729999999999563,8970.4,8878.326666666666,8788.603333333333,8698.789999999999,9123.78,8950.59,8836.83,0.3333333333333333,440.0,D,U,0.6666666666666666
05/10/2001,9058.83,9208.41,8894.47,9119.77,-62.900000000001455,173.1900000000005,113.76000000000022,9045.083333333334,8970.4,8878.326666666666,8788.603333333333,9060.88,9123.78,8950.59,0.5333333333333333,441.0,U,D,0.4666666666666666
08/10/2001,9115.75,9187.85,8937.86,9067.94,58.89000000000124,-62.900000000001455,173.1900000000005,9101.476666666667,9045.083333333334,8970.4,8878.326666666666,9119.77,9060.88,9123.78,0.3333333333333333,442.0,D,U,0.6666666666666666
09/10/2001,9066.56,9168.42,8927.34,9052.44,-51.82999999999993,58.89000000000124,-62.900000000001455,9082.863333333335,9101.476666666667,9045.083333333334,8970.4,9067.94,9119.77,9060.88,0.39999999999999997,443.0,D,U,0.6
10/10/2001,9052.3,9305.97,8975.15,9240.86,-15.5,-51.82999999999993,58.89000000000124,9080.050000000001,9082.863333333335,9101.476666666667,9045.083333333334,9052.44,9067.94,9119.77,0.3333333333333333,444.0,U,U,0.6666666666666666
11/10/2001,9242.63,9522.61,9204.04,9410.45,188.42000000000007,-15.5,-51.82999999999993,9120.413333333334,9080.050000000001,9082.863333333335,9101.476666666667,9240.86,9052.44,9067.94,0.39999999999999997,445.0,U,U,0.6
12/10/2001,9409.07,9426.3,9146.34,9344.16,169.59000000000015,188.42000000000007,-15.5,9234.583333333334,9120.413333333334,9080.050000000001,9082.863333333335,9410.45,9240.86,9052.44,0.6666666666666666,446.0,D,D,0.3333333333333333
15/10/2001,9340.84,9417.51,9181.07,9347.62,-66.29000000000087,169.59000000000015,188.42000000000007,9331.823333333334,9234.583333333334,9120.413333333334,9080.050000000001,9344.16,9410.45,9240.86,0.4666666666666666,447.0,U,U,0.5333333333333333
16/10/2001,9346.31,9479.37,9239.68,9384.23,3.460000000000946,-66.29000000000087,169.59000000000015,9367.410000000002,9331.823333333334,9234.583333333334,9120.413333333334,9347.62,9344.16,9410.45,0.3333333333333333,448.0,U,U,0.6666666666666666
17/10/2001,9389.76,9539.22,9199.89,9232.97,36.60999999999876,3.460000000000946,-66.29000000000087,9358.67,9367.410000000002,9331.823333333334,9234.583333333334,9384.23,9347.62,9344.16,0.4666666666666666,449.0,D,U,0.5333333333333333
18/10/2001,9230.75,9310.33,9061.02,9163.22,-151.26000000000022,36.60999999999876,3.460000000000946,9321.606666666667,9358.67,9367.410000000002,9331.823333333334,9232.97,9384.23,9347.62,0.3333333333333333,450.0,D,U,0.6666666666666666
19/10/2001,9162.81,9278.36,9027.74,9204.11,-69.75,-151.26000000000022,36.60999999999876,9260.14,9321.606666666667,9358.67,9367.410000000002,9163.22,9232.97,9384.23,0.26666666666666666,451.0,U,U,0.7333333333333333
22/10/2001,9203.91,9438.75,9101.08,9377.03,40.89000000000124,-69.75,-151.26000000000022,9200.1,9260.14,9321.606666666667,9358.67,9204.11,9163.22,9232.97,0.3333333333333333,452.0,U,U,0.6666666666666666
23/10/2001,9379.17,9499.78,9249.02,9340.08,172.92000000000007,40.89000000000124,-69.75,9248.12,9200.1,9260.14,9321.606666666667,9377.03,9204.11,9163.22,0.39999999999999997,453.0,D,U,0.6
24/10/2001,9341.4,9456.4,9218.29,9345.62,-36.95000000000073,172.92000000000007,40.89000000000124,9307.073333333334,9248.12,9200.1,9260.14,9340.08,9377.03,9204.11,0.5333333333333333,454.0,U,D,0.4666666666666666
25/10/2001,9342.29,9491.48,9143.09,9462.9,5.540000000000873,-36.95000000000073,172.92000000000007,9354.243333333334,9307.073333333334,9248.12,9200.1,9345.62,9340.08,9377.03,0.3333333333333333,455.0,U,U,0.6666666666666666
26/10/2001,9462.28,9626.54,9369.35,9545.17,117.27999999999884,5.540000000000873,-36.95000000000073,9382.866666666667,9354.243333333334,9307.073333333334,9248.12,9462.9,9345.62,9340.08,0.39999999999999997,456.0,U,U,0.6
29/10/2001,9543.37,9543.37,9232.83,9269.5,82.27000000000044,117.27999999999884,5.540000000000873,9451.230000000001,9382.866666666667,9354.243333333334,9307.073333333334,9545.17,9462.9,9345.62,0.26666666666666666,457.0,D,U,0.7333333333333333
30/10/2001,9264.52,9265.34,9011.96,9121.98,-275.6700000000001,82.27000000000044,117.27999999999884,9425.856666666667,9451.230000000001,9382.866666666667,9354.243333333334,9269.5,9545.17,9462.9,0.4666666666666666,458.0,D,U,0.5333333333333333
31/10/2001,9123.64,9281.68,9018.26,9075.14,-147.52000000000044,-275.6700000000001,82.27000000000044,9312.216666666665,9425.856666666667,9451.230000000001,9382.866666666667,9121.98,9269.5,9545.17,0.39999999999999997,459.0,D,U,0.6
01/11/2001,9087.45,9320.77,8987.61,9263.9,-46.840000000000146,-147.52000000000044,-275.6700000000001,9155.539999999999,9312.216666666665,9425.856666666667,9451.230000000001,9075.14,9121.98,9269.5,0.26666666666666666,460.0,U,U,0.7333333333333333
02/11/2001,9264.52,9406.93,9152.91,9323.54,188.76000000000022,-46.840000000000146,-147.52000000000044,9153.673333333332,9155.539999999999,9312.216666666665,9425.856666666667,9263.9,9075.14,9121.98,0.5333333333333333,461.0,U,D,0.4666666666666666
05/11/2001,9326.59,9534.58,9326.59,9441.03,59.64000000000124,188.76000000000022,-46.840000000000146,9220.86,9153.673333333332,9155.539999999999,9312.216666666665,9323.54,9263.9,9075.14,0.6666666666666666,462.0,U,D,0.3333333333333333
06/11/2001,9437.09,9627.44,9315.79,9591.12,117.48999999999978,59.64000000000124,188.76000000000022,9342.823333333334,9220.86,9153.673333333332,9155.539999999999,9441.03,9323.54,9263.9,0.3333333333333333,463.0,U,U,0.6666666666666666
07/11/2001,9584.68,9695.67,9457.99,9554.37,150.09000000000015,117.48999999999978,59.64000000000124,9451.896666666667,9342.823333333334,9220.86,9153.673333333332,9591.12,9441.03,9323.54,0.26666666666666666,464.0,D,U,0.7333333333333333
08/11/2001,9558.39,9765.0,9506.91,9587.52,-36.75,150.09000000000015,117.48999999999978,9528.840000000002,9451.896666666667,9342.823333333334,9220.86,9554.37,9591.12,9441.03,0.2,465.0,U,U,0.7999999999999999
09/11/2001,9586.96,9692.35,9478.75,9608.0,33.149999999999636,-36.75,150.09000000000015,9577.67,9528.840000000002,9451.896666666667,9342.823333333334,9587.52,9554.37,9591.12,0.4666666666666666,466.0,U,U,0.5333333333333333
12/11/2001,9606.13,9642.25,9347.76,9554.37,20.479999999999563,33.149999999999636,-36.75,9583.296666666667,9577.67,9528.840000000002,9451.896666666667,9608.0,9587.52,9554.37,0.4666666666666666,467.0,D,U,0.5333333333333333
13/11/2001,9551.43,9811.29,9551.43,9750.95,-53.6299999999992,20.479999999999563,33.149999999999636,9583.296666666667,9583.296666666667,9577.67,9528.840000000002,9554.37,9608.0,9587.52,0.5333333333333333,468.0,U,D,0.4666666666666666
14/11/2001,9751.13,9943.18,9683.97,9823.61,196.57999999999993,-53.6299999999992,20.479999999999563,9637.773333333334,9583.296666666667,9583.296666666667,9577.67,9750.95,9554.37,9608.0,0.4666666666666666,469.0,U,U,0.5333333333333333
15/11/2001,9824.65,9967.46,9745.43,9872.39,72.65999999999985,196.57999999999993,-53.6299999999992,9709.643333333333,9637.773333333334,9583.296666666667,9583.296666666667,9823.61,9750.95,9554.37,0.39999999999999997,470.0,U,U,0.6
16/11/2001,9871.51,9967.94,9754.07,9866.99,48.779999999998836,72.65999999999985,196.57999999999993,9815.65,9709.643333333333,9637.773333333334,9583.296666666667,9872.39,9823.61,9750.95,0.39999999999999997,471.0,D,U,0.6
19/11/2001,9870.45,10040.46,9826.96,9976.46,-5.399999999999636,48.779999999998836,72.65999999999985,9854.33,9815.65,9709.643333333333,9637.773333333334,9866.99,9872.39,9823.61,0.4666666666666666,472.0,U,U,0.5333333333333333
20/11/2001,9968.64,10023.37,9825.06,9901.38,109.46999999999935,-5.399999999999636,48.779999999998836,9905.279999999999,9854.33,9815.65,9709.643333333333,9976.46,9866.99,9872.39,0.5333333333333333,473.0,D,D,0.4666666666666666
21/11/2001,9894.19,9932.31,9746.45,9834.68,-75.07999999999993,109.46999999999935,-5.399999999999636,9914.94333333333,9905.279999999999,9854.33,9815.65,9901.38,9976.46,9866.99,0.5333333333333333,474.0,D,D,0.4666666666666666
23/11/2001,9833.09,9983.24,9804.37,9959.71,-66.69999999999891,-75.07999999999993,109.46999999999935,9904.173333333332,9914.94333333333,9905.279999999999,9854.33,9834.68,9901.38,9976.46,0.39999999999999997,475.0,U,U,0.6
26/11/2001,9961.58,10054.58,9862.22,9982.75,125.02999999999884,-66.69999999999891,-75.07999999999993,9898.589999999998,9904.173333333332,9914.94333333333,9905.279999999999,9959.71,9834.68,9901.38,0.5333333333333333,476.0,U,D,0.4666666666666666
27/11/2001,9980.33,10021.48,9776.07,9872.6,23.040000000000873,125.02999999999884,-66.69999999999891,9925.713333333333,9898.589999999998,9904.173333333332,9914.94333333333,9982.75,9959.71,9834.68,0.7333333333333333,477.0,D,D,0.26666666666666666
28/11/2001,9867.06,9889.13,9662.8,9711.86,-110.14999999999964,23.040000000000873,125.02999999999884,9938.353333333333,9925.713333333333,9898.589999999998,9904.173333333332,9872.6,9982.75,9959.71,0.4666666666666666,478.0,D,U,0.5333333333333333
29/11/2001,9710.34,9873.29,9629.72,9829.42,-160.73999999999978,-110.14999999999964,23.040000000000873,9855.736666666666,9938.353333333333,9925.713333333333,9898.589999999998,9711.86,9872.6,9982.75,0.3333333333333333,479.0,U,U,0.6666666666666666
30/11/2001,9828.8,9945.8,9752.26,9851.56,117.55999999999949,-160.73999999999978,-110.14999999999964,9804.626666666665,9855.736666666666,9938.353333333333,9925.713333333333,9829.42,9711.86,9872.6,0.26666666666666666,480.0,U,U,0.7333333333333333
03/12/2001,9848.93,9861.94,9651.87,9763.96,22.139999999999418,117.55999999999949,-160.73999999999978,9797.613333333333,9804.626666666665,9855.736666666666,9938.353333333333,9851.56,9829.42,9711.86,0.6666666666666666,481.0,D,D,0.3333333333333333
04/12/2001,9765.55,9937.29,9700.24,9893.84,-87.60000000000036,22.139999999999418,117.55999999999949,9814.98,9797.613333333333,9804.626666666665,9855.736666666666,9763.96,9851.56,9829.42,0.6,482.0,U,D,0.39999999999999997
05/12/2001,9891.35,10195.04,9875.92,10114.29,129.88000000000102,-87.60000000000036,22.139999999999418,9836.453333333333,9814.98,9797.613333333333,9804.626666666665,9893.84,9763.96,9851.56,0.6,483.0,U,D,0.39999999999999997
06/12/2001,10113.53,10220.23,9997.98,10099.14,220.45000000000073,129.88000000000102,-87.60000000000036,9924.03,9836.453333333333,9814.98,9797.613333333333,10114.29,9893.84,9763.96,0.39999999999999997,484.0,D,U,0.6
07/12/2001,10099.14,10160.24,9938.54,10049.46,-15.150000000001455,220.45000000000073,129.88000000000102,10035.756666666666,9924.03,9836.453333333333,9814.98,10099.14,10114.29,9893.84,0.5333333333333333,485.0,D,D,0.4666666666666666
10/12/2001,10047.04,10123.78,9868.03,9921.45,-49.68000000000029,-15.150000000001455,220.45000000000073,10087.63,10035.756666666666,9924.03,9836.453333333333,10049.46,10099.14,10114.29,0.4666666666666666,486.0,D,U,0.5333333333333333
11/12/2001,9925.6,10063.98,9794.48,9888.37,-128.0099999999984,-49.68000000000029,-15.150000000001455,10023.35,10087.63,10035.756666666666,9924.03,9921.45,10049.46,10099.14,0.4666666666666666,487.0,D,U,0.5333333333333333
12/12/2001,9887.27,9985.59,9745.42,9894.81,-33.07999999999993,-128.0099999999984,-49.68000000000029,9953.093333333332,10023.35,10087.63,10035.756666666666,9888.37,9921.45,10049.46,0.3333333333333333,488.0,U,U,0.6666666666666666
13/12/2001,9889.13,9927.95,9691.3,9766.45,6.43999999999869,-33.07999999999993,-128.0099999999984,9901.543333333333,9953.093333333332,10023.35,10087.63,9894.81,9888.37,9921.45,0.6,489.0,D,D,0.39999999999999997
14/12/2001,9764.72,9888.44,9661.14,9811.15,-128.35999999999876,6.43999999999869,-33.07999999999993,9849.876666666667,9901.543333333333,9953.093333333332,10023.35,9766.45,9894.81,9888.37,0.5333333333333333,490.0,U,D,0.4666666666666666
17/12/2001,9809.42,9996.25,9747.77,9891.97,44.69999999999891,-128.35999999999876,6.43999999999869,9824.136666666667,9849.876666666667,9901.543333333333,9953.093333333332,9811.15,9766.45,9894.81,0.4666666666666666,491.0,U,U,0.5333333333333333
18/12/2001,9893.22,10066.27,9876.19,9998.39,80.81999999999971,44.69999999999891,-128.35999999999876,9823.19,9824.136666666667,9849.876666666667,9901.543333333333,9891.97,9811.15,9766.45,0.5333333333333333,492.0,U,D,0.4666666666666666
19/12/2001,9994.59,10142.95,9876.96,10070.49,106.42000000000007,80.81999999999971,44.69999999999891,9900.503333333332,9823.19,9824.136666666667,9849.876666666667,9998.39,9891.97,9811.15,0.5333333333333333,493.0,U,D,0.4666666666666666
20/12/2001,10064.13,10141.21,9912.76,9985.18,72.10000000000036,106.42000000000007,80.81999999999971,9986.949999999999,9900.503333333332,9823.19,9824.136666666667,10070.49,9998.39,9891.97,0.5333333333333333,494.0,D,D,0.4666666666666666
21/12/2001,9986.84,10148.13,9935.7,10035.34,-85.30999999999949,72.10000000000036,106.42000000000007,10018.019999999999,9986.949999999999,9900.503333333332,9823.19,9985.18,10070.49,9998.39,0.5333333333333333,495.0,U,D,0.4666666666666666
24/12/2001,10036.59,10114.91,9987.39,10035.34,50.159999999999854,-85.30999999999949,72.10000000000036,10030.336666666666,10018.019999999999,9986.949999999999,9900.503333333332,10035.34,9985.18,10070.49,0.6,496.0,D,D,0.39999999999999997
26/12/2001,10035.55,10203.28,10014.1,10088.14,0.0,50.159999999999854,-85.30999999999949,10018.62,10030.336666666666,10018.019999999999,9986.949999999999,10035.34,10035.34,9985.18,0.5333333333333333,497.0,U,D,0.4666666666666666
27/12/2001,10088.71,10187.71,10036.1,10131.31,52.79999999999927,0.0,50.159999999999854,10052.94,10018.62,10030.336666666666,10018.019999999999,10088.14,10035.34,10035.34,0.39999999999999997,498.0,U,U,0.6
28/12/2001,10133.94,10220.78,10067.17,10136.99,43.17000000000007,52.79999999999927,0.0,10084.93,10052.94,10018.62,10030.336666666666,10131.31,10088.14,10035.34,0.26666666666666666,499.0,U,U,0.7333333333333333
31/12/2001,10136.36,10178.71,10002.96,10021.57,5.680000000000291,43.17000000000007,52.79999999999927,10118.813333333332,10084.93,10052.94,10018.62,10136.99,10131.31,10088.14,0.13333333333333333,500.0,D,U,0.8666666666666666
02/01/2002,10021.71,10125.85,9889.69,10073.4,-115.42000000000007,5.680000000000291,43.17000000000007,10096.623333333333,10118.813333333332,10084.93,10052.94,10021.57,10136.99,10131.31,0.3333333333333333,501.0,U,U,0.6666666666666666
03/01/2002,10073.88,10227.36,10002.54,10172.14,51.82999999999993,-115.42000000000007,5.680000000000291,10077.32,10096.623333333333,10118.813333333332,10084.93,10073.4,10021.57,10136.99,0.5333333333333333,502.0,U,D,0.4666666666666666
04/01/2002,10176.84,10341.87,10132.14,10259.74,98.73999999999978,51.82999999999993,-115.42000000000007,10089.036666666667,10077.32,10096.623333333333,10118.813333333332,10172.14,10073.4,10021.57,0.4666666666666666,503.0,U,U,0.5333333333333333
07/01/2002,10261.33,10345.4,10137.61,10197.05,87.60000000000036,98.73999999999978,51.82999999999993,10168.426666666666,10089.036666666667,10077.32,10096.623333333333,10259.74,10172.14,10073.4,0.39999999999999997,504.0,D,U,0.6
08/01/2002,10195.76,10270.53,10063.43,10150.55,-62.69000000000051,87.60000000000036,98.73999999999978,10209.643333333332,10168.426666666666,10089.036666666667,10077.32,10197.05,10259.74,10172.14,0.2,505.0,D,U,0.7999999999999999
09/01/2002,10153.18,10311.98,10049.25,10094.09,-46.5,-62.69000000000051,87.60000000000036,10202.446666666667,10209.643333333332,10168.426666666666,10089.036666666667,10150.55,10197.05,10259.74,0.5333333333333333,506.0,D,D,0.4666666666666666
10/01/2002,10092.5,10174.91,9956.67,10067.86,-56.45999999999913,-46.5,-62.69000000000051,10147.23,10202.446666666667,10209.643333333332,10168.426666666666,10094.09,10150.55,10197.05,0.5333333333333333,507.0,D,D,0.4666666666666666
11/01/2002,10069.52,10163.77,9938.12,9987.53,-26.229999999999563,-56.45999999999913,-46.5,10104.166666666666,10147.23,10202.446666666667,10209.643333333332,10067.86,10094.09,10150.55,0.7333333333333333,508.0,D,D,0.26666666666666666
14/01/2002,9985.38,10038.87,9831.98,9891.42,-80.32999999999993,-26.229999999999563,-56.45999999999913,10049.826666666668,10104.166666666666,10147.23,10202.446666666667,9987.53,10067.86,10094.09,0.5333333333333333,509.0,D,D,0.4666666666666666
15/01/2002,9892.73,10038.94,9805.33,9924.15,-96.11000000000058,-80.32999999999993,-26.229999999999563,9982.269999999999,10049.826666666668,10104.166666666666,10147.23,9891.42,9987.53,10067.86,0.39999999999999997,510.0,U,U,0.6
16/01/2002,9916.54,9923.32,9661.0,9712.27,32.72999999999956,-96.11000000000058,-80.32999999999993,9934.366666666667,9982.269999999999,10049.826666666668,10104.166666666666,9924.15,9891.42,9987.53,0.39999999999999997,511.0,D,U,0.6
17/01/2002,9712.21,9910.11,9684.39,9850.04,-211.8799999999992,32.72999999999956,-96.11000000000058,9842.613333333333,9934.366666666667,9982.269999999999,10049.826666666668,9712.27,9924.15,9891.42,0.4666666666666666,512.0,U,U,0.5333333333333333
18/01/2002,9830.94,9873.98,9673.11,9771.85,137.77000000000044,-211.8799999999992,32.72999999999956,9828.82,9842.613333333333,9934.366666666667,9982.269999999999,9850.04,9712.27,9924.15,0.3333333333333333,513.0,D,U,0.6666666666666666
22/01/2002,9772.34,9905.26,9652.01,9713.8,-78.19000000000051,137.77000000000044,-211.8799999999992,9778.053333333335,9828.82,9842.613333333333,9934.366666666667,9771.85,9850.04,9712.27,0.6,514.0,D,D,0.39999999999999997
23/01/2002,9710.96,9853.64,9588.49,9730.96,-58.05000000000109,-78.19000000000051,137.77000000000044,9778.563333333334,9778.053333333335,9828.82,9842.613333333333,9713.8,9771.85,9850.04,0.5333333333333333,515.0,U,D,0.4666666666666666
24/01/2002,9734.21,9926.71,9670.99,9796.07,17.159999999999854,-58.05000000000109,-78.19000000000051,9738.87,9778.563333333334,9778.053333333335,9828.82,9730.96,9713.8,9771.85,0.4666666666666666,516.0,U,U,0.5333333333333333
25/01/2002,9793.23,9949.54,9697.47,9840.08,65.11000000000058,17.159999999999854,-58.05000000000109,9746.943333333333,9738.87,9778.563333333334,9778.053333333335,9796.07,9730.96,9713.8,0.4666666666666666,517.0,U,U,0.5333333333333333
28/01/2002,9843.05,9959.44,9746.66,9865.75,44.01000000000022,65.11000000000058,17.159999999999854,9789.036666666667,9746.943333333333,9738.87,9778.563333333334,9840.08,9796.07,9730.96,0.6,518.0,U,D,0.39999999999999997
29/01/2002,9865.54,9952.59,9576.65,9618.24,25.670000000000073,44.01000000000022,65.11000000000058,9833.966666666667,9789.036666666667,9746.943333333333,9738.87,9865.75,9840.08,9796.07,0.5333333333333333,519.0,D,D,0.4666666666666666
30/01/2002,9619.14,9821.81,9443.32,9762.86,-247.51000000000022,25.670000000000073,44.01000000000022,9774.69,9833.966666666667,9789.036666666667,9746.943333333333,9618.24,9865.75,9840.08,0.5333333333333333,520.0,U,D,0.4666666666666666
31/01/2002,9763.2,9963.79,9701.76,9920.0,144.6200000000008,-247.51000000000022,25.670000000000073,9748.949999999999,9774.69,9833.966666666667,9789.036666666667,9762.86,9618.24,9865.75,0.6,521.0,U,D,0.39999999999999997
01/02/2002,9923.04,10022.82,9795.45,9907.26,157.13999999999942,144.6200000000008,-247.51000000000022,9767.033333333333,9748.949999999999,9774.69,9833.966666666667,9920.0,9762.86,9618.24,0.4666666666666666,522.0,D,U,0.5333333333333333
04/02/2002,9905.46,9940.96,9648.55,9687.09,-12.739999999999782,157.13999999999942,144.6200000000008,9863.373333333335,9767.033333333333,9748.949999999999,9774.69,9907.26,9920.0,9762.86,0.39999999999999997,523.0,D,U,0.6
05/02/2002,9684.74,9842.77,9553.96,9685.43,-220.17000000000007,-12.739999999999782,157.13999999999942,9838.116666666667,9863.373333333335,9767.033333333333,9748.949999999999,9687.09,9907.26,9920.0,0.3333333333333333,524.0,U,U,0.6666666666666666
06/02/2002,9682.04,9801.33,9558.18,9653.39,-1.6599999999998545,-220.17000000000007,-12.739999999999782,9759.926666666666,9838.116666666667,9863.373333333335,9767.033333333333,9685.43,9687.09,9907.26,0.39999999999999997,525.0,D,U,0.6
07/02/2002,9650.97,9799.67,9562.12,9625.44,-32.04000000000087,-1.6599999999998545,-220.17000000000007,9675.303333333333,9759.926666666666,9838.116666666667,9863.373333333335,9653.39,9685.43,9687.09,0.3333333333333333,526.0,D,U,0.6666666666666666
08/02/2002,9627.65,9795.38,9503.52,9744.24,-27.94999999999891,-32.04000000000087,-1.6599999999998545,9654.753333333334,9675.303333333333,9759.926666666666,9838.116666666667,9625.44,9653.39,9685.43,0.2,527.0,U,U,0.7999999999999999
11/02/2002,9739.81,9933.07,9668.34,9884.78,118.79999999999927,-27.94999999999891,-32.04000000000087,9674.356666666667,9654.753333333334,9675.303333333333,9759.926666666666,9744.24,9625.44,9653.39,0.3333333333333333,528.0,U,U,0.6666666666666666
12/02/2002,9880.35,9943.24,9766.18,9863.74,140.54000000000087,118.79999999999927,-27.94999999999891,9751.486666666666,9674.356666666667,9654.753333333334,9675.303333333333,9884.78,9744.24,9625.44,0.26666666666666666,529.0,D,U,0.7333333333333333
13/02/2002,9856.99,10056.24,9839.18,9989.67,-21.040000000000873,140.54000000000087,118.79999999999927,9830.92,9751.486666666666,9674.356666666667,9654.753333333334,9863.74,9884.78,9744.24,0.39999999999999997,530.0,U,U,0.6
14/02/2002,9989.67,10092.29,9905.95,10001.99,125.93000000000029,-21.040000000000873,140.54000000000087,9912.730000000001,9830.92,9751.486666666666,9674.356666666667,9989.67,9863.74,9884.78,0.39999999999999997,531.0,U,U,0.6
15/02/2002,10000.83,10065.37,9843.54,9903.04,12.319999999999709,125.93000000000029,-21.040000000000873,9951.800000000001,9912.730000000001,9830.92,9751.486666666666,10001.99,9989.67,9863.74,0.6,532.0,D,D,0.39999999999999997
19/02/2002,9899.24,9923.39,9704.03,9745.14,-98.94999999999891,12.319999999999709,125.93000000000029,9964.9,9951.800000000001,9912.730000000001,9830.92,9903.04,10001.99,9989.67,0.3333333333333333,533.0,D,U,0.6666666666666666
20/02/2002,9742.37,9990.78,9674.91,9941.17,-157.90000000000146,-98.94999999999891,12.319999999999709,9883.39,9964.9,9951.800000000001,9912.730000000001,9745.14,9903.04,10001.99,0.26666666666666666,534.0,U,U,0.7333333333333333
21/02/2002,9933.56,10072.98,9788.11,9834.68,196.03000000000065,-157.90000000000146,-98.94999999999891,9863.116666666667,9883.39,9964.9,9951.800000000001,9941.17,9745.14,9903.04,0.3333333333333333,535.0,D,U,0.6666666666666666
22/02/2002,9834.89,10032.45,9726.67,9968.15,-106.48999999999978,196.03000000000065,-157.90000000000146,9840.33,9863.116666666667,9883.39,9964.9,9834.68,9941.17,9745.14,0.6,536.0,U,D,0.39999999999999997
25/02/2002,9969.75,10204.04,9934.94,10145.71,133.46999999999935,-106.48999999999978,196.03000000000065,9914.666666666666,9840.33,9863.116666666667,9883.39,9968.15,9834.68,9941.17,0.39999999999999997,537.0,U,U,0.6
26/02/2002,10145.86,10241.89,9986.84,10115.26,177.5599999999995,133.46999999999935,-106.48999999999978,9982.846666666666,9914.666666666666,9840.33,9863.116666666667,10145.71,9968.15,9834.68,0.5333333333333333,538.0,D,D,0.4666666666666666
27/02/2002,10117.65,10315.72,10025.86,10127.58,-30.44999999999891,177.5599999999995,133.46999999999935,10076.373333333335,9982.846666666666,9914.666666666666,9840.33,10115.26,10145.71,9968.15,0.26666666666666666,539.0,U,U,0.7333333333333333
28/02/2002,10130.28,10283.89,10055.34,10106.13,12.319999999999709,-30.44999999999891,177.5599999999995,10129.516666666668,10076.373333333335,9982.846666666666,9914.666666666666,10127.58,10115.26,10145.71,0.4666666666666666,540.0,D,U,0.5333333333333333
01/03/2002,10111.04,10397.09,10086.51,10368.86,-21.450000000000728,12.319999999999709,-30.44999999999891,10116.323333333334,10129.516666666668,10076.373333333335,9982.846666666666,10106.13,10127.58,10115.26,0.13333333333333333,541.0,U,U,0.8666666666666666
04/03/2002,10368.1,10656.5,10313.01,10586.82,262.7300000000014,-21.450000000000728,12.319999999999709,10200.856666666667,10116.323333333334,10129.516666666668,10076.373333333335,10368.86,10106.13,10127.58,0.4666666666666666,542.0,U,U,0.5333333333333333
05/03/2002,10591.38,10639.96,10349.9,10433.41,217.95999999999913,262.7300000000014,-21.450000000000728,10353.936666666666,10200.856666666667,10116.323333333334,10129.516666666668,10586.82,10368.86,10106.13,0.39999999999999997,543.0,D,U,0.6
06/03/2002,10431.96,10637.19,10393.84,10574.29,-153.40999999999985,217.95999999999913,262.7300000000014,10463.03,10353.936666666666,10200.856666666667,10116.323333333334,10433.41,10586.82,10368.86,0.26666666666666666,544.0,U,U,0.7333333333333333
07/03/2002,10578.1,10663.82,10405.95,10525.37,140.88000000000102,-153.40999999999985,217.95999999999913,10531.506666666666,10463.03,10353.936666666666,10200.856666666667,10574.29,10433.41,10586.82,0.6666666666666666,545.0,D,D,0.3333333333333333
08/03/2002,10531.67,10728.87,10480.33,10572.49,-48.92000000000007,140.88000000000102,-153.40999999999985,10511.023333333333,10531.506666666666,10463.03,10353.936666666666,10525.37,10574.29,10433.41,0.6,546.0,U,D,0.39999999999999997
11/03/2002,10570.07,10679.68,10470.85,10611.24,47.11999999999898,-48.92000000000007,140.88000000000102,10557.383333333333,10511.023333333333,10531.506666666666,10463.03,10572.49,10525.37,10574.29,0.4666666666666666,547.0,U,U,0.5333333333333333
12/03/2002,10604.32,10682.72,10462.34,10632.35,38.75,47.11999999999898,-48.92000000000007,10569.699999999999,10557.383333333333,10511.023333333333,10531.506666666666,10611.24,10572.49,10525.37,0.39999999999999997,548.0,U,U,0.6
13/03/2002,10620.17,10648.68,10427.67,10501.85,21.110000000000582,38.75,47.11999999999898,10605.36,10569.699999999999,10557.383333333333,10511.023333333333,10632.35,10611.24,10572.49,0.3333333333333333,549.0,D,U,0.6666666666666666
14/03/2002,10501.29,10615.74,10421.17,10517.14,-130.5,21.110000000000582,38.75,10581.813333333334,10605.36,10569.699999999999,10557.383333333333,10501.85,10632.35,10611.24,0.6,550.0,U,D,0.39999999999999997
15/03/2002,10516.45,10663.69,10452.1,10607.23,15.289999999999054,-130.5,21.110000000000582,10550.446666666667,10581.813333333334,10605.36,10569.699999999999,10517.14,10501.85,10632.35,0.5333333333333333,551.0,U,D,0.4666666666666666
18/03/2002,10608.54,10707.01,10488.84,10577.75,90.09000000000015,15.289999999999054,-130.5,10542.073333333332,10550.446666666667,10581.813333333334,10605.36,10607.23,10517.14,10501.85,0.5333333333333333,552.0,D,D,0.4666666666666666
19/03/2002,10578.38,10722.78,10530.63,10635.25,-29.479999999999563,90.09000000000015,15.289999999999054,10567.373333333333,10542.073333333332,10550.446666666667,10581.813333333334,10577.75,10607.23,10517.14,0.4666666666666666,553.0,U,U,0.5333333333333333
20/03/2002,10626.85,10634.84,10455.56,10501.57,57.5,-29.479999999999563,90.09000000000015,10606.743333333334,10567.373333333333,10542.073333333332,10550.446666666667,10635.25,10577.75,10607.23,0.6,554.0,D,D,0.39999999999999997
21/03/2002,10501.99,10577.82,10326.99,10479.84,-133.6800000000003,57.5,-29.479999999999563,10571.523333333333,10606.743333333334,10567.373333333333,10542.073333333332,10501.57,10635.25,10577.75,0.4666666666666666,555.0,D,U,0.5333333333333333
22/03/2002,10477.7,10537.62,10324.23,10427.67,-21.729999999999563,-133.6800000000003,57.5,10538.886666666667,10571.523333333333,10606.743333333334,10567.373333333333,10479.84,10501.57,10635.25,0.3333333333333333,556.0,D,U,0.6666666666666666
25/03/2002,10428.43,10497.76,10255.59,10281.67,-52.17000000000007,-21.729999999999563,-133.6800000000003,10469.693333333335,10538.886666666667,10571.523333333333,10606.743333333334,10427.67,10479.84,10501.57,0.3333333333333333,557.0,D,U,0.6666666666666666
26/03/2002,10280.51,10475.0,10233.65,10353.36,-146.0,-52.17000000000007,-21.729999999999563,10396.393333333333,10469.693333333335,10538.886666666667,10571.523333333333,10281.67,10427.67,10479.84,0.39999999999999997,558.0,U,U,0.6
27/03/2002,10351.28,10490.15,10300.29,10426.91,71.69000000000051,-146.0,-52.17000000000007,10354.233333333334,10396.393333333333,10469.693333333335,10538.886666666667,10353.36,10281.67,10427.67,0.2,559.0,U,U,0.7999999999999999
28/03/2002,10429.68,10537.48,10341.59,10403.94,73.54999999999927,71.69000000000051,-146.0,10353.98,10354.233333333334,10396.393333333333,10469.693333333335,10426.91,10353.36,10281.67,0.5333333333333333,560.0,D,D,0.4666666666666666
01/04/2002,10402.07,10434.52,10226.59,10362.7,-22.969999999999345,73.54999999999927,71.69000000000051,10394.736666666666,10353.98,10354.233333333334,10396.393333333333,10403.94,10426.91,10353.36,0.6666666666666666,561.0,D,D,0.3333333333333333
02/04/2002,10352.46,10394.94,10204.66,10313.71,-41.23999999999978,-22.969999999999345,73.54999999999927,10397.85,10394.736666666666,10353.98,10354.233333333334,10362.7,10403.94,10426.91,0.4666666666666666,562.0,D,U,0.5333333333333333
03/04/2002,10311.81,10377.09,10116.02,10198.29,-48.9900000000016,-41.23999999999978,-22.969999999999345,10360.116666666667,10397.85,10394.736666666666,10353.98,10313.71,10362.7,10403.94,0.26666666666666666,563.0,D,U,0.7333333333333333
04/04/2002,10199.54,10301.53,10118.1,10235.17,-115.41999999999825,-48.9900000000016,-41.23999999999978,10291.566666666668,10360.116666666667,10397.85,10394.736666666666,10198.29,10313.71,10362.7,0.26666666666666666,564.0,U,U,0.7333333333333333
05/04/2002,10235.8,10403.66,10169.79,10271.64,36.8799999999992,-115.41999999999825,-48.9900000000016,10249.056666666665,10291.566666666668,10360.116666666667,10397.85,10235.17,10198.29,10313.71,0.4666666666666666,565.0,U,U,0.5333333333333333
08/04/2002,10258.91,10300.78,10049.94,10249.08,36.469999999999345,36.8799999999992,-115.41999999999825,10235.033333333333,10249.056666666665,10291.566666666668,10360.116666666667,10271.64,10235.17,10198.29,0.6,566.0,D,D,0.39999999999999997
09/04/2002,10249.84,10362.98,10156.57,10208.67,-22.55999999999949,36.469999999999345,36.8799999999992,10251.963333333333,10235.033333333333,10249.056666666665,10291.566666666668,10249.08,10271.64,10235.17,0.6666666666666666,567.0,D,D,0.3333333333333333
10/04/2002,10210.4,10437.43,10175.18,10381.73,-40.409999999999854,-22.55999999999949,36.469999999999345,10243.13,10251.963333333333,10235.033333333333,10249.056666666665,10208.67,10249.08,10271.64,0.6,568.0,U,D,0.39999999999999997
11/04/2002,10378.89,10425.87,10116.37,10176.08,173.0599999999995,-40.409999999999854,-22.55999999999949,10279.826666666666,10243.13,10251.963333333333,10235.033333333333,10381.73,10208.67,10249.08,0.7333333333333333,569.0,D,D,0.26666666666666666
12/04/2002,10178.57,10312.26,10083.92,10190.82,-205.64999999999964,173.0599999999995,-40.409999999999854,10255.493333333334,10279.826666666666,10243.13,10251.963333333333,10176.08,10381.73,10208.67,0.5333333333333333,570.0,U,D,0.4666666666666666
15/04/2002,10189.57,10261.05,10037.9,10093.67,14.739999999999782,-205.64999999999964,173.0599999999995,10249.543333333333,10255.493333333334,10279.826666666666,10243.13,10190.82,10176.08,10381.73,0.3333333333333333,571.0,D,U,0.6666666666666666
16/04/2002,10100.38,10365.12,10100.38,10301.32,-97.14999999999964,14.739999999999782,-205.64999999999964,10153.523333333333,10249.543333333333,10255.493333333334,10279.826666666666,10093.67,10190.82,10176.08,0.4666666666666666,572.0,U,U,0.5333333333333333
17/04/2002,10299.66,10379.51,10137.47,10220.78,207.64999999999964,-97.14999999999964,14.739999999999782,10195.269999999999,10153.523333333333,10249.543333333333,10255.493333333334,10301.32,10093.67,10190.82,0.39999999999999997,573.0,D,U,0.6
18/04/2002,10219.47,10334.67,10010.22,10205.28,-80.53999999999905,207.64999999999964,-97.14999999999964,10205.256666666666,10195.269999999999,10153.523333333333,10249.543333333333,10220.78,10301.32,10093.67,0.2,574.0,D,U,0.7999999999999999
19/04/2002,10212.69,10338.83,10151.52,10257.11,-15.5,-80.53999999999905,207.64999999999964,10242.46,10205.256666666666,10195.269999999999,10153.523333333333,10205.28,10220.78,10301.32,0.4666666666666666,575.0,U,U,0.5333333333333333
22/04/2002,10256.0,10299.39,10056.45,10136.43,51.82999999999993,-15.5,-80.53999999999905,10227.723333333333,10242.46,10205.256666666666,10195.269999999999,10257.11,10205.28,10220.78,0.6666666666666666,576.0,D,D,0.3333333333333333
23/04/2002,10137.2,10243.06,10003.84,10089.24,-120.68000000000029,51.82999999999993,-15.5,10199.606666666667,10227.723333333333,10242.46,10205.256666666666,10136.43,10257.11,10205.28,0.5333333333333333,577.0,D,D,0.4666666666666666
24/04/2002,10090.07,10209.64,9984.0,10030.43,-47.19000000000051,-120.68000000000029,51.82999999999993,10160.926666666666,10199.606666666667,10227.723333333333,10242.46,10089.24,10136.43,10257.11,0.4666666666666666,578.0,D,U,0.5333333333333333
25/04/2002,10028.7,10103.64,9864.08,10035.06,-58.80999999999949,-47.19000000000051,-120.68000000000029,10085.366666666667,10160.926666666666,10199.606666666667,10227.723333333333,10030.43,10089.24,10136.43,0.5333333333333333,579.0,U,D,0.4666666666666666
26/04/2002,10037.42,10127.85,9875.44,9910.72,4.6299999999992,-58.80999999999949,-47.19000000000051,10051.576666666666,10085.366666666667,10160.926666666666,10199.606666666667,10035.06,10030.43,10089.24,0.5333333333333333,580.0,D,D,0.4666666666666666
29/04/2002,9910.52,10012.16,9767.15,9819.87,-124.34000000000015,4.6299999999992,-58.80999999999949,9992.07,10051.576666666666,10085.366666666667,10160.926666666666,9910.72,10035.06,10030.43,0.39999999999999997,581.0,D,U,0.6
30/04/2002,9818.9,10063.64,9775.1,9946.22,-90.84999999999854,-124.34000000000015,4.6299999999992,9921.883333333333,9992.07,10051.576666666666,10085.366666666667,9819.87,9910.72,10035.06,0.26666666666666666,582.0,U,U,0.7333333333333333
01/05/2002,9944.9,10121.21,9778.42,10059.63,126.34999999999854,-90.84999999999854,-124.34000000000015,9892.269999999999,9921.883333333333,9992.07,10051.576666666666,9946.22,9819.87,9910.72,0.6,583.0,U,D,0.39999999999999997
02/05/2002,10057.62,10182.94,9970.92,10091.87,113.40999999999985,126.34999999999854,-90.84999999999854,9941.906666666668,9892.269999999999,9921.883333333333,9992.07,10059.63,9946.22,9819.87,0.6,584.0,U,D,0.39999999999999997
03/05/2002,10091.73,10130.97,9891.49,10006.63,32.2400000000016,113.40999999999985,126.34999999999854,10032.573333333334,9941.906666666668,9892.269999999999,9921.883333333333,10091.87,10059.63,9946.22,0.4666666666666666,585.0,D,U,0.5333333333333333
06/05/2002,10005.8,10081.98,9780.29,9808.04,-85.2400000000016,32.2400000000016,113.40999999999985,10052.71,10032.573333333334,9941.906666666668,9892.269999999999,10006.63,10091.87,10059.63,0.4666666666666666,586.0,D,U,0.5333333333333333
07/05/2002,9810.53,9985.32,9749.73,9836.55,-198.58999999999833,-85.2400000000016,32.2400000000016,9968.846666666666,10052.71,10032.573333333334,9941.906666666668,9808.04,10006.63,10091.87,0.26666666666666666,587.0,U,U,0.7333333333333333
08/05/2002,9847.96,10203.76,9847.96,10141.83,28.5099999999984,-198.58999999999833,-85.2400000000016,9883.74,9968.846666666666,10052.71,10032.573333333334,9836.55,9808.04,10006.63,0.4666666666666666,588.0,U,U,0.5333333333333333
09/05/2002,10137.96,10185.08,9966.63,10037.42,305.28000000000065,28.5099999999984,-198.58999999999833,9928.806666666665,9883.74,9968.846666666666,10052.71,10141.83,9836.55,9808.04,0.4666666666666666,589.0,D,U,0.5333333333333333
10/05/2002,10040.25,10115.23,9891.04,9939.92,-104.40999999999985,305.28000000000065,28.5099999999984,10005.266666666665,9928.806666666665,9883.74,9968.846666666666,10037.42,10141.83,9836.55,0.4666666666666666,590.0,D,U,0.5333333333333333
13/05/2002,9938.82,10148.71,9892.73,10109.66,-97.5,-104.40999999999985,305.28000000000065,10039.723333333333,10005.266666666665,9928.806666666665,9883.74,9939.92,10037.42,10141.83,0.39999999999999997,591.0,U,U,0.6
14/05/2002,10119.34,10346.59,10119.34,10298.14,169.73999999999978,-97.5,-104.40999999999985,10029.0,10039.723333333333,10005.266666666665,9928.806666666665,10109.66,9939.92,10037.42,0.4666666666666666,592.0,U,U,0.5333333333333333
15/05/2002,10288.56,10382.97,10152.97,10243.68,188.47999999999956,169.73999999999978,-97.5,10115.906666666668,10029.0,10039.723333333333,10005.266666666665,10298.14,10109.66,9939.92,0.3333333333333333,593.0,D,U,0.6666666666666666
16/05/2002,10242.11,10374.05,10168.64,10289.21,-54.45999999999913,188.47999999999956,169.73999999999978,10217.16,10115.906666666668,10029.0,10039.723333333333,10243.68,10298.14,10109.66,0.26666666666666666,594.0,U,U,0.7333333333333333
17/05/2002,10291.05,10400.62,10209.49,10353.08,45.529999999998836,-54.45999999999913,188.47999999999956,10277.01,10217.16,10115.906666666668,10029.0,10289.21,10243.68,10298.14,0.5333333333333333,595.0,U,D,0.4666666666666666
20/05/2002,10348.93,10357.44,10164.39,10229.5,63.8700000000008,45.529999999998836,-54.45999999999913,10295.323333333334,10277.01,10217.16,10115.906666666668,10353.08,10289.21,10243.68,0.6666666666666666,596.0,D,D,0.3333333333333333
21/05/2002,10229.08,10322.15,10060.46,10105.71,-123.57999999999993,63.8700000000008,45.529999999998836,10290.596666666666,10295.323333333334,10277.01,10217.16,10229.5,10353.08,10289.21,0.4666666666666666,597.0,D,U,0.5333333333333333
22/05/2002,10098.58,10200.78,10004.41,10157.88,-123.79000000000087,-123.57999999999993,63.8700000000008,10229.43,10290.596666666666,10295.323333333334,10277.01,10105.71,10229.5,10353.08,0.6,598.0,U,D,0.39999999999999997
23/05/2002,10158.3,10268.87,10044.2,10216.08,52.17000000000007,-123.79000000000087,-123.57999999999993,10164.363333333333,10229.43,10290.596666666666,10295.323333333334,10157.88,10105.71,10229.5,0.4666666666666666,599.0,U,U,0.5333333333333333
24/05/2002,10211.92,10255.93,10054.58,10104.26,58.20000000000073,52.17000000000007,-123.79000000000087,10159.89,10164.363333333333,10229.43,10290.596666666666,10216.08,10157.88,10105.71,0.4666666666666666,600.0,D,U,0.5333333333333333
28/05/2002,10106.54,10144.53,9917.64,9981.58,-111.81999999999971,58.20000000000073,52.17000000000007,10159.406666666668,10159.89,10164.363333333333,10229.43,10104.26,10216.08,10157.88,0.3333333333333333,601.0,D,U,0.6666666666666666
29/05/2002,9976.94,10056.31,9860.42,9923.04,-122.68000000000029,-111.81999999999971,58.20000000000073,10100.64,10159.406666666668,10159.89,10164.363333333333,9981.58,10104.26,10216.08,0.6,602.0,D,D,0.39999999999999997
30/05/2002,9915.01,9995.76,9769.64,9911.69,-58.539999999999054,-122.68000000000029,-111.81999999999971,10002.960000000001,10100.64,10159.406666666668,10159.89,9923.04,9981.58,10104.26,0.4666666666666666,603.0,D,U,0.5333333333333333
31/05/2002,9915.15,10074.16,9865.89,9925.25,-11.350000000000364,-58.539999999999054,-122.68000000000029,9938.770000000002,10002.960000000001,10100.64,10159.406666666668,9911.69,9923.04,9981.58,0.4666666666666666,604.0,U,U,0.5333333333333333
03/06/2002,9923.94,10016.04,9685.49,9709.79,13.55999999999949,-11.350000000000364,-58.539999999999054,9919.993333333334,9938.770000000002,10002.960000000001,10100.64,9925.25,9911.69,9923.04,0.6666666666666666,605.0,D,D,0.3333333333333333
04/06/2002,9710.34,9798.74,9541.36,9687.84,-215.45999999999913,13.55999999999949,-11.350000000000364,9848.910000000002,9919.993333333334,9938.770000000002,10002.960000000001,9709.79,9925.25,9911.69,0.4666666666666666,606.0,D,U,0.5333333333333333
05/06/2002,9688.53,9860.91,9636.82,9796.8,-21.950000000000728,-215.45999999999913,13.55999999999949,9774.293333333333,9848.910000000002,9919.993333333334,9938.770000000002,9687.84,9709.79,9925.25,0.4666666666666666,607.0,U,U,0.5333333333333333
06/06/2002,9795.7,9820.41,9552.85,9624.64,108.95999999999913,-21.950000000000728,-215.45999999999913,9731.476666666667,9774.293333333333,9848.910000000002,9919.993333333334,9796.8,9687.84,9709.79,0.5333333333333333,608.0,D,D,0.4666666666666666
07/06/2002,9592.38,9668.18,9416.33,9589.67,-172.15999999999985,108.95999999999913,-21.950000000000728,9703.093333333332,9731.476666666667,9774.293333333333,9848.910000000002,9624.64,9796.8,9687.84,0.5333333333333333,609.0,D,D,0.4666666666666666
10/06/2002,9587.38,9744.33,9509.91,9645.4,-34.969999999999345,-172.15999999999985,108.95999999999913,9670.37,9703.093333333332,9731.476666666667,9774.293333333333,9589.67,9624.64,9796.8,0.4666666666666666,610.0,U,U,0.5333333333333333
11/06/2002,9647.62,9794.17,9487.91,9517.26,55.72999999999956,-34.969999999999345,-172.15999999999985,9619.903333333334,9670.37,9703.093333333332,9731.476666666667,9645.4,9589.67,9624.64,0.3333333333333333,611.0,D,U,0.6666666666666666
12/06/2002,9515.12,9682.37,9380.82,9617.71,-128.13999999999942,55.72999999999956,-34.969999999999345,9584.11,9619.903333333334,9670.37,9703.093333333332,9517.26,9645.4,9589.67,0.39999999999999997,612.0,U,U,0.6
13/06/2002,9612.87,9671.64,9454.41,9502.8,100.44999999999891,-128.13999999999942,55.72999999999956,9593.456666666667,9584.11,9619.903333333334,9670.37,9617.71,9517.26,9645.4,0.3333333333333333,613.0,D,U,0.6666666666666666
14/06/2002,9498.92,9538.93,9229.63,9474.21,-114.90999999999985,100.44999999999891,-128.13999999999942,9545.923333333334,9593.456666666667,9584.11,9619.903333333334,9502.8,9617.71,9517.26,0.4666666666666666,614.0,D,U,0.5333333333333333
17/06/2002,9476.5,9736.58,9462.3,9687.42,-28.590000000000146,-114.90999999999985,100.44999999999891,9531.573333333332,9545.923333333334,9593.456666666667,9584.11,9474.21,9502.8,9617.71,0.5333333333333333,615.0,U,D,0.4666666666666666
18/06/2002,9684.52,9775.83,9588.29,9706.12,213.21000000000095,-28.590000000000146,-114.90999999999985,9554.81,9531.573333333332,9545.923333333334,9593.456666666667,9687.42,9474.21,9502.8,0.5333333333333333,616.0,U,D,0.4666666666666666
19/06/2002,9702.0,9760.2,9514.29,9561.57,18.700000000000728,213.21000000000095,-28.590000000000146,9622.583333333334,9554.81,9531.573333333332,9545.923333333334,9706.12,9687.42,9474.21,0.39999999999999997,617.0,D,U,0.6
20/06/2002,9561.64,9628.11,9390.1,9431.77,-144.5500000000011,18.700000000000728,213.21000000000095,9651.703333333333,9622.583333333334,9554.81,9531.573333333332,9561.57,9706.12,9687.42,0.39999999999999997,618.0,D,U,0.6
21/06/2002,9430.66,9456.76,9186.71,9253.79,-129.79999999999927,-144.5500000000011,18.700000000000728,9566.486666666668,9651.703333333333,9622.583333333334,9554.81,9431.77,9561.57,9706.12,0.4666666666666666,619.0,D,U,0.5333333333333333
24/06/2002,9252.47,9417.23,9046.04,9281.82,-177.97999999999956,-129.79999999999927,-144.5500000000011,9415.710000000001,9566.486666666668,9651.703333333333,9622.583333333334,9253.79,9431.77,9561.57,0.5333333333333333,620.0,U,D,0.4666666666666666
25/06/2002,9285.56,9457.38,9089.17,9126.82,28.029999999998836,-177.97999999999956,-129.79999999999927,9322.460000000001,9415.710000000001,9566.486666666668,9651.703333333333,9281.82,9253.79,9431.77,0.39999999999999997,621.0,D,U,0.6
26/06/2002,9108.22,9207.07,8831.92,9120.11,-155.0,28.029999999998836,-177.97999999999956,9220.81,9322.460000000001,9415.710000000001,9566.486666666668,9126.82,9281.82,9253.79,0.2,622.0,U,U,0.7999999999999999
27/06/2002,9122.12,9342.33,8992.32,9269.92,-6.709999999999127,-155.0,28.029999999998836,9176.25,9220.81,9322.460000000001,9415.710000000001,9120.11,9126.82,9281.82,0.26666666666666666,623.0,U,U,0.7333333333333333
28/06/2002,9270.33,9435.44,9131.49,9243.26,149.8099999999995,-6.709999999999127,-155.0,9172.283333333333,9176.25,9220.81,9322.460000000001,9269.92,9120.11,9126.82,0.6,624.0,D,D,0.39999999999999997
01/07/2002,9239.25,9381.37,9059.88,9109.79,-26.659999999999854,149.8099999999995,-6.709999999999127,9211.096666666666,9172.283333333333,9176.25,9220.81,9243.26,9269.92,9120.11,0.5333333333333333,625.0,D,D,0.4666666666666666
02/07/2002,9104.95,9185.88,8918.11,9007.75,-133.46999999999935,-26.659999999999854,149.8099999999995,9207.656666666668,9211.096666666666,9172.283333333333,9176.25,9109.79,9243.26,9269.92,0.6,626.0,D,D,0.39999999999999997
03/07/2002,9006.37,9140.32,8832.89,9054.97,-102.04000000000087,-133.46999999999935,-26.659999999999854,9120.266666666668,9207.656666666668,9211.096666666666,9172.283333333333,9007.75,9109.79,9243.26,0.26666666666666666,627.0,U,U,0.7333333333333333
05/07/2002,9061.54,9399.65,9054.97,9379.5,47.219999999999345,-102.04000000000087,-133.46999999999935,9057.503333333334,9120.266666666668,9207.656666666668,9211.096666666666,9054.97,9007.75,9109.79,0.3333333333333333,628.0,U,U,0.6666666666666666
08/07/2002,9375.7,9433.08,9184.9,9274.9,324.53000000000065,47.219999999999345,-102.04000000000087,9147.406666666668,9057.503333333334,9120.266666666668,9207.656666666668,9379.5,9054.97,9007.75,0.4666666666666666,629.0,D,U,0.5333333333333333
09/07/2002,9273.38,9357.35,9065.88,9096.09,-104.60000000000036,324.53000000000065,47.219999999999345,9236.456666666667,9147.406666666668,9057.503333333334,9120.266666666668,9274.9,9379.5,9054.97,0.6,630.0,D,D,0.39999999999999997
10/07/2002,9098.16,9188.71,8772.94,8813.5,-178.8099999999995,-104.60000000000036,324.53000000000065,9250.163333333334,9236.456666666667,9147.406666666668,9057.503333333334,9096.09,9274.9,9379.5,0.39999999999999997,631.0,D,U,0.6
11/07/2002,8812.12,8937.87,8557.84,8801.53,-282.59000000000015,-178.8099999999995,-104.60000000000036,9061.496666666666,9250.163333333334,9236.456666666667,9147.406666666668,8813.5,9096.09,9274.9,0.3333333333333333,632.0,D,U,0.6666666666666666
12/07/2002,8805.33,8903.0,8555.15,8684.53,-11.969999999999345,-282.59000000000015,-178.8099999999995,8903.706666666667,9061.496666666666,9250.163333333334,9236.456666666667,8801.53,8813.5,9096.09,0.4666666666666666,633.0,D,U,0.5333333333333333
15/07/2002,8681.28,8720.18,8220.78,8639.19,-117.0,-11.969999999999345,-282.59000000000015,8766.519999999999,8903.706666666667,9061.496666666666,9250.163333333334,8684.53,8801.53,8813.5,0.8666666666666666,634.0,D,D,0.13333333333333333
16/07/2002,8635.31,8697.69,8346.29,8473.11,-45.340000000000146,-117.0,-11.969999999999345,8708.416666666666,8766.519999999999,8903.706666666667,9061.496666666666,8639.19,8684.53,8801.53,0.7999999999999999,635.0,D,D,0.2
17/07/2002,8476.21,8765.39,8401.12,8542.48,-166.07999999999993,-45.340000000000146,-117.0,8598.943333333335,8708.416666666666,8766.519999999999,8903.706666666667,8473.11,8639.19,8684.53,0.6,636.0,U,D,0.39999999999999997
18/07/2002,8540.47,8683.84,8350.72,8409.49,69.36999999999898,-166.07999999999993,-45.340000000000146,8551.593333333334,8598.943333333335,8708.416666666666,8766.519999999999,8542.48,8473.11,8639.19,0.4666666666666666,637.0,D,U,0.5333333333333333
19/07/2002,8356.74,8356.74,7940.83,8019.26,-132.98999999999978,69.36999999999898,-166.07999999999993,8475.026666666667,8551.593333333334,8598.943333333335,8708.416666666666,8409.49,8542.48,8473.11,0.39999999999999997,638.0,D,U,0.6
22/07/2002,8015.04,8173.08,7668.35,7784.58,-390.22999999999956,-132.98999999999978,69.36999999999898,8323.743333333334,8475.026666666667,8551.593333333334,8598.943333333335,8019.26,8409.49,8542.48,0.4666666666666666,639.0,D,U,0.5333333333333333
23/07/2002,7785.55,8007.91,7590.75,7702.34,-234.6800000000003,-390.22999999999956,-132.98999999999978,8071.110000000001,8323.743333333334,8475.026666666667,8551.593333333334,7784.58,8019.26,8409.49,0.3333333333333333,640.0,D,U,0.6666666666666666
24/07/2002,7698.46,8243.07,7489.53,8191.29,-82.23999999999978,-234.6800000000003,-390.22999999999956,7835.393333333333,8071.110000000001,8323.743333333334,8475.026666666667,7702.34,7784.58,8019.26,0.4666666666666666,641.0,U,U,0.5333333333333333
25/07/2002,8185.89,8390.39,7893.34,8186.31,488.9499999999998,-82.23999999999978,-234.6800000000003,7892.736666666667,7835.393333333333,8071.110000000001,8323.743333333334,8191.29,7702.34,7784.58,0.6666666666666666,642.0,U,D,0.3333333333333333
26/07/2002,8192.61,8350.1,8039.89,8264.39,-4.979999999999563,488.9499999999998,-82.23999999999978,8026.646666666667,7892.736666666667,7835.393333333333,8071.110000000001,8186.31,8191.29,7702.34,0.6666666666666666,643.0,U,D,0.3333333333333333
29/07/2002,8267.99,8749.12,8267.99,8711.88,78.07999999999902,-4.979999999999563,488.9499999999998,8213.996666666666,8026.646666666667,7892.736666666667,7835.393333333333,8264.39,8186.31,8191.29,0.26666666666666666,644.0,U,U,0.7333333333333333
30/07/2002,8707.03,8806.86,8484.05,8680.03,447.4899999999998,78.07999999999902,-4.979999999999563,8387.526666666667,8213.996666666666,8026.646666666667,7892.736666666667,8711.88,8264.39,8186.31,0.3333333333333333,645.0,D,U,0.6666666666666666
31/07/2002,8678.65,8793.36,8463.21,8736.59,-31.849999999998545,447.4899999999998,78.07999999999902,8552.099999999999,8387.526666666667,8213.996666666666,8026.646666666667,8680.03,8711.88,8264.39,0.4666666666666666,646.0,U,U,0.5333333333333333
01/08/2002,8732.58,8758.4,8430.68,8506.62,56.55999999999949,-31.849999999998545,447.4899999999998,8709.5,8552.099999999999,8387.526666666667,8213.996666666666,8736.59,8680.03,8711.88,0.6,647.0,D,D,0.39999999999999997
02/08/2002,8504.96,8566.36,8179.8,8313.13,-229.96999999999935,56.55999999999949,-31.849999999998545,8641.080000000002,8709.5,8552.099999999999,8387.526666666667,8506.62,8736.59,8680.03,0.6,648.0,D,D,0.39999999999999997
05/08/2002,8312.92,8371.0,7991.43,8043.63,-193.4900000000016,-229.96999999999935,56.55999999999949,8518.779999999999,8641.080000000002,8709.5,8552.099999999999,8313.13,8506.62,8736.59,0.5333333333333333,649.0,D,D,0.4666666666666666
06/08/2002,8049.93,8472.28,8049.93,8274.09,-269.4999999999991,-193.4900000000016,-229.96999999999935,8287.793333333333,8518.779999999999,8641.080000000002,8709.5,8043.63,8313.13,8506.62,0.26666666666666666,650.0,U,U,0.7333333333333333
07/08/2002,8282.25,8520.95,8171.7,8456.15,230.46000000000004,-269.4999999999991,-193.4900000000016,8210.283333333333,8287.793333333333,8518.779999999999,8641.080000000002,8274.09,8043.63,8313.13,0.4666666666666666,651.0,U,U,0.5333333333333333
08/08/2002,8456.29,8755.7,8364.29,8712.02,182.0599999999995,230.46000000000004,-269.4999999999991,8257.956666666667,8210.283333333333,8287.793333333333,8518.779999999999,8456.15,8274.09,8043.63,0.4666666666666666,652.0,U,U,0.5333333333333333
09/08/2002,8707.24,8824.92,8538.46,8745.45,255.8700000000008,182.0599999999995,230.46000000000004,8480.753333333332,8257.956666666667,8210.283333333333,8287.793333333333,8712.02,8456.15,8274.09,0.6,653.0,U,D,0.39999999999999997
12/08/2002,8741.92,8753.14,8528.15,8688.89,33.43000000000029,255.8700000000008,182.0599999999995,8637.873333333333,8480.753333333332,8257.956666666667,8210.283333333333,8745.45,8712.02,8456.15,0.5333333333333333,654.0,D,D,0.4666666666666666
13/08/2002,8683.15,8801.87,8445.91,8482.39,-56.56000000000131,33.43000000000029,255.8700000000008,8715.453333333333,8637.873333333333,8480.753333333332,8257.956666666667,8688.89,8745.45,8712.02,0.5333333333333333,655.0,D,D,0.4666666666666666
14/08/2002,8479.14,8778.89,8295.34,8743.31,-206.5,-56.56000000000131,33.43000000000029,8638.91,8715.453333333333,8637.873333333333,8480.753333333332,8482.39,8688.89,8745.45,0.5333333333333333,656.0,U,D,0.4666666666666666
15/08/2002,8745.04,8914.37,8620.98,8818.14,260.9200000000001,-206.5,-56.56000000000131,8638.196666666665,8638.91,8715.453333333333,8637.873333333333,8743.31,8482.39,8688.89,0.39999999999999997,657.0,U,U,0.6
16/08/2002,8813.07,8899.42,8644.59,8778.06,74.82999999999993,260.9200000000001,-206.5,8681.279999999999,8638.196666666665,8638.91,8715.453333333333,8818.14,8743.31,8482.39,0.7333333333333333,658.0,D,D,0.26666666666666666
19/08/2002,8777.09,9037.38,8720.81,8990.79,-40.07999999999993,74.82999999999993,260.9200000000001,8779.836666666664,8681.279999999999,8638.196666666665,8638.91,8778.06,8818.14,8743.31,0.39999999999999997,659.0,U,U,0.6
20/08/2002,8986.5,8989.69,8789.13,8872.07,212.73000000000138,-40.07999999999993,74.82999999999993,8862.33,8779.836666666664,8681.279999999999,8638.196666666665,8990.79,8778.06,8818.14,0.5333333333333333,660.0,D,D,0.4666666666666666
21/08/2002,8866.14,9033.52,8768.51,8957.23,-118.72000000000116,212.73000000000138,-40.07999999999993,8880.306666666665,8862.33,8779.836666666664,8681.279999999999,8872.07,8990.79,8778.06,0.39999999999999997,661.0,U,U,0.6
22/08/2002,8961.18,9129.1,8860.34,9053.64,85.15999999999985,-118.72000000000116,212.73000000000138,8940.03,8880.306666666665,8862.33,8779.836666666664,8957.23,8872.07,8990.79,0.5333333333333333,662.0,U,D,0.4666666666666666
23/08/2002,9051.49,9051.49,8806.38,8872.96,96.40999999999985,85.15999999999985,-118.72000000000116,8960.98,8940.03,8880.306666666665,8862.33,9053.64,8957.23,8872.07,0.3333333333333333,663.0,D,U,0.6666666666666666
26/08/2002,8873.93,8981.23,8723.43,8919.01,-180.6800000000003,96.40999999999985,85.15999999999985,8961.276666666667,8960.98,8940.03,8880.306666666665,8872.96,9053.64,8957.23,0.39999999999999997,664.0,U,U,0.6
27/08/2002,8917.49,9040.04,8747.77,8824.41,46.05000000000109,-180.6800000000003,96.40999999999985,8948.536666666667,8961.276666666667,8960.98,8940.03,8919.01,8872.96,9053.64,0.4666666666666666,665.0,D,U,0.5333333333333333
28/08/2002,8823.93,8832.18,8610.79,8694.09,-94.60000000000036,46.05000000000109,-180.6800000000003,8872.126666666667,8948.536666666667,8961.276666666667,8960.98,8824.41,8919.01,8872.96,0.6666666666666666,666.0,D,D,0.3333333333333333
29/08/2002,8690.69,8769.34,8514.1,8670.99,-130.3199999999997,-94.60000000000036,46.05000000000109,8812.503333333332,8872.126666666667,8948.536666666667,8961.276666666667,8694.09,8824.41,8919.01,0.8666666666666666,667.0,D,D,0.13333333333333333
30/08/2002,8669.26,8811.72,8572.85,8663.5,-23.100000000000364,-130.3199999999997,-94.60000000000036,8729.83,8812.503333333332,8872.126666666667,8948.536666666667,8670.99,8694.09,8824.41,0.7333333333333333,668.0,D,D,0.26666666666666666
03/09/2002,8659.27,8659.27,8282.87,8308.05,-7.489999999999782,-23.100000000000364,-130.3199999999997,8676.193333333335,8729.83,8812.503333333332,8872.126666666667,8663.5,8670.99,8694.09,0.6,669.0,D,D,0.39999999999999997
04/09/2002,8308.53,8495.03,8216.98,8425.12,-355.4500000000007,-7.489999999999782,-23.100000000000364,8547.513333333332,8676.193333333335,8729.83,8812.503333333332,8308.05,8663.5,8670.99,0.5333333333333333,670.0,U,D,0.4666666666666666
05/09/2002,8420.2,8420.2,8173.56,8283.7,117.07000000000153,-355.4500000000007,-7.489999999999782,8465.556666666665,8547.513333333332,8676.193333333335,8729.83,8425.12,8308.05,8663.5,0.4666666666666666,671.0,D,U,0.5333333333333333
06/09/2002,8296.46,8526.8,8296.46,8427.2,-141.42000000000007,117.07000000000153,-355.4500000000007,8338.956666666667,8465.556666666665,8547.513333333332,8676.193333333335,8283.7,8425.12,8308.05,0.3333333333333333,672.0,U,U,0.6666666666666666
09/09/2002,8425.88,8584.3,8288.28,8519.38,143.5,-141.42000000000007,117.07000000000153,8378.673333333334,8338.956666666667,8465.556666666665,8547.513333333332,8427.2,8283.7,8425.12,0.4666666666666666,673.0,U,U,0.5333333333333333
10/09/2002,8520.14,8660.94,8447.73,8602.61,92.17999999999847,143.5,-141.42000000000007,8410.093333333332,8378.673333333334,8338.956666666667,8465.556666666665,8519.38,8427.2,8283.7,0.4666666666666666,674.0,U,U,0.5333333333333333
11/09/2002,8604.27,8767.82,8545.11,8581.17,83.23000000000138,92.17999999999847,143.5,8516.396666666667,8410.093333333332,8378.673333333334,8338.956666666667,8602.61,8519.38,8427.2,0.6666666666666666,675.0,D,D,0.3333333333333333
12/09/2002,8574.94,8574.94,8334.82,8379.41,-21.44000000000051,83.23000000000138,92.17999999999847,8567.72,8516.396666666667,8410.093333333332,8378.673333333334,8581.17,8602.61,8519.38,0.6,676.0,D,D,0.39999999999999997
13/09/2002,8377.68,8414.79,8175.85,8312.69,-201.76000000000022,-21.44000000000051,83.23000000000138,8521.063333333334,8567.72,8516.396666666667,8410.093333333332,8379.41,8581.17,8602.61,0.5333333333333333,677.0,D,D,0.4666666666666666
16/09/2002,8311.79,8435.04,8214.27,8380.18,-66.71999999999935,-201.76000000000022,-21.44000000000051,8424.423333333334,8521.063333333334,8567.72,8516.396666666667,8312.69,8379.41,8581.17,0.3333333333333333,678.0,U,U,0.6666666666666666
17/09/2002,8386.35,8508.61,8169.88,8207.55,67.48999999999978,-66.71999999999935,-201.76000000000022,8357.426666666666,8424.423333333334,8521.063333333334,8567.72,8380.18,8312.69,8379.41,0.4666666666666666,679.0,D,U,0.5333333333333333
18/09/2002,8203.07,8283.49,8013.42,8172.45,-172.63000000000102,67.48999999999978,-66.71999999999935,8300.140000000001,8357.426666666666,8424.423333333334,8521.063333333334,8207.55,8380.18,8312.69,0.2,680.0,D,U,0.7999999999999999
19/09/2002,8170.65,8170.65,7904.87,7942.39,-35.099999999999454,-172.63000000000102,67.48999999999978,8253.393333333333,8300.140000000001,8357.426666666666,8424.423333333334,8172.45,8207.55,8380.18,0.5333333333333333,681.0,D,D,0.4666666666666666
20/09/2002,7945.93,8081.04,7868.6,7986.02,-230.0599999999995,-35.099999999999454,-172.63000000000102,8107.463333333333,8253.393333333333,8300.140000000001,8357.426666666666,7942.39,8172.45,8207.55,0.3333333333333333,682.0,U,U,0.6666666666666666
23/09/2002,7984.77,7984.77,7738.06,7872.15,43.63000000000011,-230.0599999999995,-35.099999999999454,8033.62,8107.463333333333,8253.393333333333,8300.140000000001,7986.02,7942.39,8172.45,0.4666666666666666,683.0,D,U,0.5333333333333333
24/09/2002,7871.23,7893.36,7606.77,7683.13,-113.8700000000008,43.63000000000011,-230.0599999999995,7933.5199999999995,8033.62,8107.463333333333,8253.393333333333,7872.15,7986.02,7942.39,0.6,684.0,D,D,0.39999999999999997
25/09/2002,7687.16,7939.9,7641.87,7841.82,-189.01999999999953,-113.8700000000008,43.63000000000011,7847.099999999999,7933.5199999999995,8033.62,8107.463333333333,7683.13,7872.15,7986.02,0.4666666666666666,685.0,U,U,0.5333333333333333
26/09/2002,7844.62,8086.86,7800.97,7997.12,158.6899999999996,-189.01999999999953,-113.8700000000008,7799.033333333333,7847.099999999999,7933.5199999999995,8033.62,7841.82,7683.13,7872.15,0.6,686.0,U,D,0.39999999999999997
27/09/2002,7996.01,7997.12,7664.89,7701.45,155.30000000000018,158.6899999999996,-189.01999999999953,7840.69,7799.033333333333,7847.099999999999,7933.5199999999995,7997.12,7841.82,7683.13,0.6,687.0,D,D,0.39999999999999997
30/09/2002,7698.81,7729.53,7422.28,7591.93,-295.6700000000001,155.30000000000018,158.6899999999996,7846.796666666666,7840.69,7799.033333333333,7847.099999999999,7701.45,7997.12,7841.82,0.4666666666666666,688.0,D,U,0.5333333333333333
01/10/2002,7593.04,7964.24,7558.36,7938.79,-109.51999999999953,-295.6700000000001,155.30000000000018,7763.5,7846.796666666666,7840.69,7799.033333333333,7591.93,7701.45,7997.12,0.39999999999999997,689.0,U,U,0.6
02/10/2002,7936.57,7996.77,7696.66,7755.61,346.8599999999997,-109.51999999999953,-295.6700000000001,7744.056666666667,7763.5,7846.796666666666,7840.69,7938.79,7591.93,7701.45,0.4666666666666666,690.0,D,U,0.5333333333333333
03/10/2002,7753.46,7943.64,7638.47,7717.19,-183.1800000000003,346.8599999999997,-109.51999999999953,7762.110000000001,7744.056666666667,7763.5,7846.796666666666,7755.61,7938.79,7591.93,0.7333333333333333,691.0,D,D,0.26666666666666666
04/10/2002,7719.34,7817.06,7428.32,7528.4,-38.42000000000007,-183.1800000000003,346.8599999999997,7803.863333333334,7762.110000000001,7744.056666666667,7763.5,7717.19,7755.61,7938.79,0.4666666666666666,692.0,D,U,0.5333333333333333
07/10/2002,7528.68,7685.42,7368.46,7422.84,-188.78999999999996,-38.42000000000007,-183.1800000000003,7667.066666666666,7803.863333333334,7762.110000000001,7744.056666666667,7528.4,7717.19,7755.61,0.39999999999999997,693.0,D,U,0.6
08/10/2002,7425.82,7680.57,7294.53,7501.49,-105.55999999999949,-188.78999999999996,-38.42000000000007,7556.143333333333,7667.066666666666,7803.863333333334,7762.110000000001,7422.84,7528.4,7717.19,0.5333333333333333,694.0,U,D,0.4666666666666666
09/10/2002,7499.96,7500.03,7215.39,7286.27,78.64999999999964,-105.55999999999949,-188.78999999999996,7484.243333333333,7556.143333333333,7667.066666666666,7803.863333333334,7501.49,7422.84,7528.4,0.4666666666666666,695.0,D,U,0.5333333333333333
10/10/2002,7286.34,7588.25,7181.47,7533.95,-215.21999999999935,78.64999999999964,-105.55999999999949,7403.533333333333,7484.243333333333,7556.143333333333,7667.066666666666,7286.27,7501.49,7422.84,0.5333333333333333,696.0,U,D,0.4666666666666666
11/10/2002,7540.74,7919.57,7540.74,7850.29,247.67999999999938,-215.21999999999935,78.64999999999964,7440.57,7403.533333333333,7484.243333333333,7556.143333333333,7533.95,7286.27,7501.49,0.39999999999999997,697.0,U,U,0.6
14/10/2002,7848.21,7948.91,7725.23,7877.4,316.34000000000015,247.67999999999938,-215.21999999999935,7556.836666666667,7440.57,7403.533333333333,7484.243333333333,7850.29,7533.95,7286.27,0.39999999999999997,698.0,U,U,0.6
15/10/2002,7883.23,8304.58,7883.23,8255.68,27.109999999999673,316.34000000000015,247.67999999999938,7753.88,7556.836666666667,7440.57,7403.533333333333,7877.4,7850.29,7533.95,0.4666666666666666,699.0,U,U,0.5333333333333333
16/10/2002,8232.1,8232.1,7958.34,8036.03,378.28000000000065,27.109999999999673,316.34000000000015,7994.456666666666,7753.88,7556.836666666667,7440.57,8255.68,7877.4,7850.29,0.4666666666666666,700.0,D,U,0.5333333333333333
17/10/2002,8038.31,8395.99,8038.31,8275.04,-219.65000000000055,378.28000000000065,27.109999999999673,8056.37,7994.456666666666,7753.88,7556.836666666667,8036.03,8255.68,7877.4,0.4666666666666666,701.0,U,U,0.5333333333333333
18/10/2002,8287.72,8383.16,8115.72,8322.4,239.01000000000113,-219.65000000000055,378.28000000000065,8188.916666666667,8056.37,7994.456666666666,7753.88,8275.04,8036.03,8255.68,0.2,702.0,U,U,0.7999999999999999
21/10/2002,8320.74,8580.13,8191.87,8538.24,47.35999999999876,239.01000000000113,-219.65000000000055,8211.156666666668,8188.916666666667,8056.37,7994.456666666666,8322.4,8275.04,8036.03,0.4666666666666666,703.0,U,U,0.5333333333333333
22/10/2002,8534.08,8543.65,8303.33,8450.16,215.84000000000015,47.35999999999876,239.01000000000113,8378.56,8211.156666666668,8188.916666666667,8056.37,8538.24,8322.4,8275.04,0.39999999999999997,704.0,D,U,0.6
23/10/2002,8448.56,8546.57,8256.79,8494.27,-88.07999999999993,215.84000000000015,47.35999999999876,8436.933333333332,8378.56,8211.156666666668,8188.916666666667,8450.16,8538.24,8322.4,0.26666666666666666,705.0,U,U,0.7333333333333333
24/10/2002,8495.38,8607.04,8253.6,8317.34,44.11000000000058,-88.07999999999993,215.84000000000015,8494.223333333333,8436.933333333332,8378.56,8211.156666666668,8494.27,8450.16,8538.24,0.7999999999999999,706.0,D,D,0.2
25/10/2002,8317.48,8474.92,8210.74,8443.99,-176.9300000000003,44.11000000000058,-88.07999999999993,8420.59,8494.223333333333,8436.933333333332,8378.56,8317.34,8494.27,8450.16,0.2,707.0,U,U,0.7999999999999999
28/10/2002,8448.98,8601.01,8281.34,8368.04,126.64999999999964,-176.9300000000003,44.11000000000058,8418.533333333333,8420.59,8494.223333333333,8436.933333333332,8443.99,8317.34,8494.27,0.6,708.0,D,D,0.39999999999999997
29/10/2002,8367.28,8456.19,8161.01,8368.94,-75.94999999999891,126.64999999999964,-176.9300000000003,8376.456666666667,8418.533333333333,8420.59,8494.223333333333,8368.04,8443.99,8317.34,0.26666666666666666,709.0,U,U,0.7333333333333333
30/10/2002,8363.95,8502.32,8273.99,8427.41,0.8999999999996362,-75.94999999999891,126.64999999999964,8393.656666666668,8376.456666666667,8418.533333333333,8420.59,8368.94,8368.04,8443.99,0.39999999999999997,710.0,U,U,0.6
31/10/2002,8427.34,8538.17,8293.17,8397.03,58.469999999999345,0.8999999999996362,-75.94999999999891,8388.130000000001,8393.656666666668,8376.456666666667,8418.533333333333,8427.41,8368.94,8368.04,0.3333333333333333,711.0,D,U,0.6666666666666666
01/11/2002,8395.64,8569.24,8271.77,8517.64,-30.3799999999992,58.469999999999345,0.8999999999996362,8397.793333333333,8388.130000000001,8393.656666666668,8376.456666666667,8397.03,8427.41,8368.94,0.26666666666666666,712.0,U,U,0.7333333333333333
04/11/2002,8521.6,8787.3,8510.08,8571.6,120.60999999999876,-30.3799999999992,58.469999999999345,8447.36,8397.793333333333,8388.130000000001,8393.656666666668,8517.64,8397.03,8427.41,0.6666666666666666,713.0,U,D,0.3333333333333333
05/11/2002,8568.76,8730.92,8497.6,8678.27,53.960000000000946,120.60999999999876,-30.3799999999992,8495.423333333332,8447.36,8397.793333333333,8388.130000000001,8571.6,8517.64,8397.03,0.5333333333333333,714.0,U,D,0.4666666666666666
06/11/2002,8677.17,8841.61,8561.48,8771.01,106.67000000000007,53.960000000000946,120.60999999999876,8589.17,8495.423333333332,8447.36,8397.793333333333,8678.27,8571.6,8517.64,0.4666666666666666,715.0,U,U,0.5333333333333333
07/11/2002,8766.08,8766.08,8517.78,8586.24,92.73999999999978,106.67000000000007,53.960000000000946,8673.626666666669,8589.17,8495.423333333332,8447.36,8771.01,8678.27,8571.6,0.5333333333333333,716.0,D,D,0.4666666666666666
08/11/2002,8585.75,8688.96,8455.01,8537.13,-184.77000000000044,92.73999999999978,106.67000000000007,8678.506666666666,8673.626666666669,8589.17,8495.423333333332,8586.24,8771.01,8678.27,0.5333333333333333,717.0,D,D,0.4666666666666666
11/11/2002,8535.81,8541.09,8315.4,8358.95,-49.11000000000058,-184.77000000000044,92.73999999999978,8631.46,8678.506666666666,8673.626666666669,8589.17,8537.13,8586.24,8771.01,0.5333333333333333,718.0,D,D,0.4666666666666666
12/11/2002,8356.73,8557.25,8286.13,8386.0,-178.17999999999847,-49.11000000000058,-184.77000000000044,8494.106666666667,8631.46,8678.506666666666,8673.626666666669,8358.95,8537.13,8586.24,0.26666666666666666,719.0,U,U,0.7333333333333333
13/11/2002,8380.32,8523.47,8237.65,8398.49,27.049999999999272,-178.17999999999847,-49.11000000000058,8427.36,8494.106666666667,8631.46,8678.506666666666,8386.0,8358.95,8537.13,0.4666666666666666,720.0,U,U,0.5333333333333333
14/11/2002,8403.69,8596.5,8396.27,8542.13,12.489999999999782,27.049999999999272,-178.17999999999847,8381.146666666667,8427.36,8494.106666666667,8631.46,8398.49,8386.0,8358.95,0.4666666666666666,721.0,U,U,0.5333333333333333
15/11/2002,8535.64,8622.3,8421.1,8579.09,143.63999999999942,12.489999999999782,27.049999999999272,8442.206666666665,8381.146666666667,8427.36,8494.106666666667,8542.13,8398.49,8386.0,0.6666666666666666,722.0,U,D,0.3333333333333333
18/11/2002,8579.74,8671.41,8444.26,8486.57,36.960000000000946,143.63999999999942,12.489999999999782,8506.57,8442.206666666665,8381.146666666667,8427.36,8579.09,8542.13,8398.49,0.5333333333333333,723.0,D,D,0.4666666666666666
19/11/2002,8484.93,8566.45,8355.62,8474.78,-92.52000000000044,36.960000000000946,143.63999999999942,8535.93,8506.57,8442.206666666665,8381.146666666667,8486.57,8579.09,8542.13,0.6666666666666666,724.0,D,D,0.3333333333333333
20/11/2002,8469.57,8675.12,8402.72,8623.01,-11.789999999999054,-92.52000000000044,36.960000000000946,8513.480000000001,8535.93,8506.57,8442.206666666665,8474.78,8486.57,8579.09,0.6,725.0,U,D,0.39999999999999997
21/11/2002,8625.48,8910.83,8619.58,8845.15,148.22999999999956,-11.789999999999054,-92.52000000000044,8528.12,8513.480000000001,8535.93,8506.57,8623.01,8474.78,8486.57,0.6,726.0,U,D,0.39999999999999997
22/11/2002,8842.41,8944.16,8732.23,8804.84,222.13999999999942,148.22999999999956,-11.789999999999054,8647.646666666667,8528.12,8513.480000000001,8535.93,8845.15,8623.01,8474.78,0.4666666666666666,727.0,D,U,0.5333333333333333
25/11/2002,8804.97,8918.03,8717.63,8849.4,-40.30999999999949,222.13999999999942,148.22999999999956,8757.666666666666,8647.646666666667,8528.12,8513.480000000001,8804.84,8845.15,8623.01,0.5333333333333333,728.0,U,D,0.4666666666666666
26/11/2002,8844.12,8845.01,8634.53,8676.42,44.55999999999949,-40.30999999999949,222.13999999999942,8833.13,8757.666666666666,8647.646666666667,8528.12,8849.4,8804.84,8845.15,0.39999999999999997,729.0,D,U,0.6
27/11/2002,8678.96,8975.08,8678.96,8931.68,-172.97999999999956,44.55999999999949,-40.30999999999949,8776.886666666665,8833.13,8757.666666666666,8647.646666666667,8676.42,8849.4,8804.84,0.5333333333333333,730.0,U,D,0.4666666666666666
29/11/2002,8933.67,8995.78,8847.42,8896.09,255.26000000000022,-172.97999999999956,44.55999999999949,8819.166666666666,8776.886666666665,8833.13,8757.666666666666,8931.68,8676.42,8849.4,0.5333333333333333,731.0,D,D,0.4666666666666666
02/12/2002,8902.95,9076.35,8757.6,8862.57,-35.590000000000146,255.26000000000022,-172.97999999999956,8834.73,8819.166666666666,8776.886666666665,8833.13,8896.09,8931.68,8676.42,0.6666666666666666,732.0,D,D,0.3333333333333333
03/12/2002,8861.13,8882.04,8649.89,8742.93,-33.52000000000044,-35.590000000000146,255.26000000000022,8896.78,8834.73,8819.166666666666,8776.886666666665,8862.57,8896.09,8931.68,0.39999999999999997,733.0,D,U,0.6
04/12/2002,8734.22,8834.04,8600.93,8737.85,-119.63999999999942,-33.52000000000044,-35.590000000000146,8833.863333333333,8896.78,8834.73,8819.166666666666,8742.93,8862.57,8896.09,0.6666666666666666,734.0,U,D,0.3333333333333333
05/12/2002,8740.66,8796.68,8572.0,8623.28,-5.079999999999927,-119.63999999999942,-33.52000000000044,8781.116666666667,8833.863333333333,8896.78,8834.73,8737.85,8742.93,8862.57,0.7333333333333333,735.0,D,D,0.26666666666666666
06/12/2002,8620.88,8707.21,8469.16,8645.77,-114.56999999999971,-5.079999999999927,-119.63999999999942,8701.353333333333,8781.116666666667,8833.863333333333,8896.78,8623.28,8737.85,8742.93,0.7333333333333333,736.0,U,D,0.26666666666666666
09/12/2002,8643.99,8643.99,8438.24,8473.41,22.48999999999978,-114.56999999999971,-5.079999999999927,8668.966666666667,8701.353333333333,8781.116666666667,8833.863333333333,8645.77,8623.28,8737.85,0.7333333333333333,737.0,D,D,0.26666666666666666
10/12/2002,8473.61,8624.93,8419.86,8574.26,-172.36000000000058,22.48999999999978,-114.56999999999971,8580.820000000002,8668.966666666667,8701.353333333333,8781.116666666667,8473.41,8645.77,8623.28,0.4666666666666666,738.0,U,U,0.5333333333333333
11/12/2002,8571.52,8669.91,8452.84,8589.14,100.85000000000036,-172.36000000000058,22.48999999999978,8564.480000000001,8580.820000000002,8668.966666666667,8701.353333333333,8574.26,8473.41,8645.77,0.4666666666666666,739.0,U,U,0.5333333333333333
12/12/2002,8590.99,8662.71,8466.21,8538.4,14.8799999999992,100.85000000000036,-172.36000000000058,8545.603333333333,8564.480000000001,8580.820000000002,8668.966666666667,8589.14,8574.26,8473.41,0.5333333333333333,740.0,D,D,0.4666666666666666
13/12/2002,8536.07,8563.16,8374.68,8433.71,-50.73999999999978,14.8799999999992,100.85000000000036,8567.266666666668,8545.603333333333,8564.480000000001,8580.820000000002,8538.4,8589.14,8574.26,0.4666666666666666,741.0,D,U,0.5333333333333333
16/12/2002,8436.59,8649.06,8421.58,8627.4,-104.69000000000051,-50.73999999999978,14.8799999999992,8520.416666666666,8567.266666666668,8545.603333333333,8564.480000000001,8433.71,8538.4,8589.14,0.5333333333333333,742.0,U,D,0.4666666666666666
17/12/2002,8626.99,8672.38,8495.21,8535.39,193.6900000000005,-104.69000000000051,-50.73999999999978,8533.17,8520.416666666666,8567.266666666668,8545.603333333333,8627.4,8433.71,8538.4,0.5333333333333333,743.0,D,D,0.4666666666666666
18/12/2002,8531.31,8553.76,8367.89,8447.35,-92.01000000000022,193.6900000000005,-104.69000000000051,8532.166666666666,8533.17,8520.416666666666,8567.266666666668,8535.39,8627.4,8433.71,0.6,744.0,D,D,0.39999999999999997
19/12/2002,8441.94,8530.25,8302.41,8364.8,-88.03999999999905,-92.01000000000022,193.6900000000005,8536.713333333333,8532.166666666666,8533.17,8520.416666666666,8447.35,8535.39,8627.4,0.6666666666666666,745.0,D,D,0.3333333333333333
20/12/2002,8367.41,8557.47,8367.41,8511.32,-82.55000000000109,-88.03999999999905,-92.01000000000022,8449.179999999998,8536.713333333333,8532.166666666666,8533.17,8364.8,8447.35,8535.39,0.26666666666666666,746.0,U,U,0.7333333333333333
23/12/2002,8511.39,8573.92,8418.9,8493.29,146.52000000000044,-82.55000000000109,-88.03999999999905,8441.156666666668,8449.179999999998,8536.713333333333,8532.166666666666,8511.32,8364.8,8447.35,0.6,747.0,D,D,0.39999999999999997
24/12/2002,8491.99,8522.98,8407.45,8448.11,-18.029999999998836,146.52000000000044,-82.55000000000109,8456.47,8441.156666666668,8449.179999999998,8536.713333333333,8493.29,8511.32,8364.8,0.39999999999999997,748.0,D,U,0.6
26/12/2002,8448.86,8587.98,8392.23,8432.61,-45.18000000000029,-18.029999999998836,146.52000000000044,8484.24,8456.47,8441.156666666668,8449.179999999998,8448.11,8493.29,8511.32,0.6666666666666666,749.0,D,D,0.3333333333333333
27/12/2002,8429.28,8470.05,8272.31,8303.78,-15.5,-45.18000000000029,-18.029999999998836,8458.003333333334,8484.24,8456.47,8441.156666666668,8432.61,8448.11,8493.29,0.4666666666666666,750.0,D,U,0.5333333333333333
30/12/2002,8304.06,8405.67,8214.93,8332.85,-128.82999999999993,-15.5,-45.18000000000029,8394.833333333334,8458.003333333334,8484.24,8456.47,8303.78,8432.61,8448.11,0.26666666666666666,751.0,U,U,0.7333333333333333
31/12/2002,8332.24,8400.46,8216.44,8341.63,29.06999999999971,-128.82999999999993,-15.5,8356.413333333332,8394.833333333334,8458.003333333334,8484.24,8332.85,8303.78,8432.61,0.39999999999999997,752.0,U,U,0.6
02/01/2003,8342.38,8633.02,8342.38,8607.52,8.779999999998836,29.06999999999971,-128.82999999999993,8326.086666666668,8356.413333333332,8394.833333333334,8458.003333333334,8341.63,8332.85,8303.78,0.39999999999999997,753.0,U,U,0.6
03/01/2003,8607.38,8669.91,8503.71,8601.69,265.89000000000124,8.779999999998836,29.06999999999971,8427.333333333334,8326.086666666668,8356.413333333332,8394.833333333334,8607.52,8341.63,8332.85,0.4666666666666666,754.0,D,U,0.5333333333333333
06/01/2003,8602.78,8826.71,8578.86,8773.57,-5.829999999999927,265.89000000000124,8.779999999998836,8516.946666666669,8427.333333333334,8326.086666666668,8356.413333333332,8601.69,8607.52,8341.63,0.4666666666666666,755.0,U,U,0.5333333333333333
07/01/2003,8775.84,8843.37,8661.2,8740.59,171.8799999999992,-5.829999999999927,265.89000000000124,8660.926666666666,8516.946666666669,8427.333333333334,8326.086666666668,8773.57,8601.69,8607.52,0.5333333333333333,756.0,D,D,0.4666666666666666
08/01/2003,8735.93,8749.44,8549.72,8595.31,-32.97999999999956,171.8799999999992,-5.829999999999927,8705.283333333335,8660.926666666666,8516.946666666669,8427.333333333334,8740.59,8773.57,8601.69,0.6,757.0,D,D,0.39999999999999997
09/01/2003,8596.68,8814.09,8596.68,8776.18,-145.28000000000065,-32.97999999999956,171.8799999999992,8703.156666666668,8705.283333333335,8660.926666666666,8516.946666666669,8595.31,8740.59,8773.57,0.4666666666666666,758.0,U,U,0.5333333333333333
10/01/2003,8776.04,8846.25,8654.21,8784.89,180.8700000000008,-145.28000000000065,-32.97999999999956,8704.026666666667,8703.156666666668,8705.283333333335,8660.926666666666,8776.18,8595.31,8740.59,0.6,759.0,U,D,0.39999999999999997
13/01/2003,8787.83,8896.09,8721.12,8785.98,8.709999999999127,180.8700000000008,-145.28000000000065,8718.793333333333,8704.026666666667,8703.156666666668,8705.283333333335,8784.89,8776.18,8595.31,0.7333333333333333,760.0,D,D,0.26666666666666666
14/01/2003,8787.22,8865.41,8717.56,8842.62,1.0900000000001455,8.709999999999127,180.8700000000008,8782.35,8718.793333333333,8704.026666666667,8703.156666666668,8785.98,8784.89,8776.18,0.39999999999999997,761.0,U,U,0.6
15/01/2003,8843.64,8865.65,8674.43,8723.18,56.64000000000124,1.0900000000001455,8.709999999999127,8804.496666666666,8782.35,8718.793333333333,8704.026666666667,8842.62,8785.98,8784.89,0.39999999999999997,762.0,D,U,0.6
16/01/2003,8721.12,8837.47,8634.46,8697.87,-119.44000000000051,56.64000000000124,1.0900000000001455,8783.926666666666,8804.496666666666,8782.35,8718.793333333333,8723.18,8842.62,8785.98,0.4666666666666666,763.0,D,U,0.5333333333333333
17/01/2003,8695.82,8695.82,8523.6,8586.74,-25.30999999999949,-119.44000000000051,56.64000000000124,8754.55666666667,8783.926666666666,8804.496666666666,8782.35,8697.87,8723.18,8842.62,0.7333333333333333,764.0,D,D,0.26666666666666666
21/01/2003,8586.26,8650.43,8421.03,8442.9,-111.13000000000102,-25.30999999999949,-119.44000000000051,8669.263333333334,8754.55666666667,8783.926666666666,8804.496666666666,8586.74,8697.87,8723.18,0.6666666666666666,765.0,D,D,0.3333333333333333
22/01/2003,8439.54,8493.5,8270.94,8318.73,-143.84000000000015,-111.13000000000102,-25.30999999999949,8575.836666666668,8669.263333333334,8754.55666666667,8783.926666666666,8442.9,8586.74,8697.87,0.5333333333333333,766.0,D,D,0.4666666666666666
23/01/2003,8320.72,8437.69,8215.61,8369.47,-124.17000000000007,-143.84000000000015,-111.13000000000102,8449.456666666667,8575.836666666668,8669.263333333334,8754.55666666667,8318.73,8442.9,8586.74,0.26666666666666666,767.0,U,U,0.7333333333333333
24/01/2003,8367.89,8367.89,8092.0,8131.01,50.73999999999978,-124.17000000000007,-143.84000000000015,8377.033333333333,8449.456666666667,8575.836666666668,8669.263333333334,8369.47,8318.73,8442.9,0.39999999999999997,768.0,D,U,0.6
27/01/2003,8128.54,8167.41,7929.16,7989.56,-238.45999999999913,50.73999999999978,-124.17000000000007,8273.07,8377.033333333333,8449.456666666667,8575.836666666668,8131.01,8369.47,8318.73,0.2,769.0,D,U,0.7999999999999999
28/01/2003,7991.07,8153.36,7954.95,8088.84,-141.44999999999982,-238.45999999999913,50.73999999999978,8163.346666666667,8273.07,8377.033333333333,8449.456666666667,7989.56,8131.01,8369.47,0.4666666666666666,770.0,U,U,0.5333333333333333
29/01/2003,8087.95,8173.31,7916.89,8110.71,99.27999999999975,-141.44999999999982,-238.45999999999913,8069.803333333333,8163.346666666667,8273.07,8377.033333333333,8088.84,7989.56,8131.01,0.39999999999999997,771.0,U,U,0.6
30/01/2003,8109.14,8169.81,7918.19,7945.13,21.86999999999989,99.27999999999975,-141.44999999999982,8063.036666666667,8069.803333333333,8163.346666666667,8273.07,8110.71,8088.84,7989.56,0.39999999999999997,772.0,D,U,0.6
31/01/2003,7939.72,8121.37,7884.66,8053.81,-165.57999999999993,21.86999999999989,99.27999999999975,8048.2266666666665,8063.036666666667,8069.803333333333,8163.346666666667,7945.13,8110.71,8088.84,0.3333333333333333,773.0,U,U,0.6666666666666666
03/02/2003,8053.74,8189.35,8032.9,8109.82,108.68000000000029,-165.57999999999993,21.86999999999989,8036.55,8048.2266666666665,8063.036666666667,8069.803333333333,8053.81,7945.13,8110.71,0.4666666666666666,774.0,U,U,0.5333333333333333
04/02/2003,8104.61,8104.61,7915.93,8013.29,56.00999999999931,108.68000000000029,-165.57999999999993,8036.253333333334,8036.55,8048.2266666666665,8063.036666666667,8109.82,8053.81,7945.13,0.6666666666666666,775.0,D,D,0.3333333333333333
05/02/2003,8014.45,8162.96,7950.42,7985.18,-96.52999999999975,56.00999999999931,108.68000000000029,8058.973333333334,8036.253333333334,8036.55,8048.2266666666665,8013.29,8109.82,8053.81,0.3333333333333333,776.0,D,U,0.6666666666666666
06/02/2003,7981.95,8031.66,7855.87,7929.3,-28.109999999999673,-96.52999999999975,56.00999999999931,8036.096666666667,8058.973333333334,8036.253333333334,8036.55,7985.18,8013.29,8109.82,0.4666666666666666,777.0,D,U,0.5333333333333333
07/02/2003,7932.45,8019.46,7811.1,7864.23,-55.88000000000011,-28.109999999999673,-96.52999999999975,7975.923333333333,8036.096666666667,8058.973333333334,8036.253333333334,7929.3,7985.18,8013.29,0.6,778.0,D,D,0.39999999999999997
10/02/2003,7865.74,7963.03,7777.98,7920.11,-65.07000000000062,-55.88000000000011,-28.109999999999673,7926.236666666667,7975.923333333333,8036.096666666667,8058.973333333334,7864.23,7929.3,7985.18,0.5333333333333333,779.0,U,D,0.4666666666666666
11/02/2003,7920.93,8010.89,7798.69,7843.11,55.88000000000011,-65.07000000000062,-55.88000000000011,7904.546666666666,7926.236666666667,7975.923333333333,8036.096666666667,7920.11,7864.23,7929.3,0.6,780.0,D,D,0.39999999999999997
12/02/2003,7836.36,7892.96,7720.39,7758.17,-77.0,55.88000000000011,-65.07000000000062,7875.816666666667,7904.546666666666,7926.236666666667,7975.923333333333,7843.11,7920.11,7864.23,0.5333333333333333,781.0,D,D,0.4666666666666666
13/02/2003,7756.55,7817.88,7602.81,7749.87,-84.9399999999996,-77.0,55.88000000000011,7840.463333333333,7875.816666666667,7904.546666666666,7926.236666666667,7758.17,7843.11,7920.11,0.4666666666666666,782.0,D,U,0.5333333333333333
14/02/2003,7750.9,7936.56,7704.96,7908.8,-8.300000000000182,-84.9399999999996,-77.0,7783.716666666666,7840.463333333333,7875.816666666667,7904.546666666666,7749.87,7758.17,7843.11,0.4666666666666666,783.0,U,U,0.5333333333333333
18/02/2003,7909.3,8114.82,7909.3,8041.15,158.9300000000003,-8.300000000000182,-84.9399999999996,7805.613333333334,7783.716666666666,7840.463333333333,7875.816666666667,7908.8,7749.87,7758.17,0.6666666666666666,784.0,U,D,0.3333333333333333
19/02/2003,8033.8,8079.11,7913.7,8000.6,132.34999999999945,158.9300000000003,-8.300000000000182,7899.94,7805.613333333334,7783.716666666666,7840.463333333333,8041.15,7908.8,7749.87,0.7999999999999999,785.0,D,D,0.2
20/02/2003,8002.7,8051.37,7858.24,7914.96,-40.54999999999927,132.34999999999945,158.9300000000003,7983.516666666667,7899.94,7805.613333333334,7783.716666666666,8000.6,8041.15,7908.8,0.6666666666666666,786.0,D,D,0.3333333333333333
21/02/2003,7915.52,8055.79,7843.81,8018.11,-85.64000000000033,-40.54999999999927,132.34999999999945,7985.57,7983.516666666667,7899.94,7805.613333333334,7914.96,8000.6,8041.15,0.6,787.0,U,D,0.39999999999999997
24/02/2003,8017.34,8017.34,7828.06,7858.24,103.14999999999964,-85.64000000000033,-40.54999999999927,7977.89,7985.57,7983.516666666667,7899.94,8018.11,7914.96,8000.6,0.4666666666666666,788.0,D,U,0.5333333333333333
25/02/2003,7856.42,7931.14,7700.53,7909.5,-159.8699999999999,103.14999999999964,-85.64000000000033,7930.436666666666,7977.89,7985.57,7983.516666666667,7858.24,8018.11,7914.96,0.6,789.0,U,D,0.39999999999999997
26/02/2003,7907.39,7944.93,7767.62,7806.98,51.26000000000022,-159.8699999999999,103.14999999999964,7928.616666666666,7930.436666666666,7977.89,7985.57,7909.5,7858.24,8018.11,0.4666666666666666,790.0,D,U,0.5333333333333333
27/02/2003,7807.96,7950.46,7774.34,7884.99,-102.52000000000044,51.26000000000022,-159.8699999999999,7858.240000000001,7928.616666666666,7930.436666666666,7977.89,7806.98,7909.5,7858.24,0.4666666666666666,791.0,U,U,0.5333333333333333
28/02/2003,7886.11,7987.8,7826.72,7891.08,78.01000000000022,-102.52000000000044,51.26000000000022,7867.156666666667,7858.240000000001,7928.616666666666,7930.436666666666,7884.99,7806.98,7909.5,0.5333333333333333,792.0,U,D,0.4666666666666666
03/03/2003,7890.24,7997.66,7809.05,7837.86,6.0900000000001455,78.01000000000022,-102.52000000000044,7861.016666666666,7867.156666666667,7858.240000000001,7928.616666666666,7891.08,7884.99,7806.98,0.6,793.0,D,D,0.39999999999999997
04/03/2003,7838.14,7859.08,7688.98,7704.87,-53.220000000000255,6.0900000000001455,78.01000000000022,7871.31,7861.016666666666,7867.156666666667,7858.240000000001,7837.86,7891.08,7884.99,0.4666666666666666,794.0,D,U,0.5333333333333333
05/03/2003,7702.35,7801.79,7639.82,7775.6,-132.98999999999978,-53.220000000000255,6.0900000000001455,7811.2699999999995,7871.31,7861.016666666666,7867.156666666667,7704.87,7837.86,7891.08,0.3333333333333333,795.0,U,U,0.6666666666666666
06/03/2003,7774.76,7795.07,7624.97,7673.99,70.73000000000047,-132.98999999999978,-53.220000000000255,7772.776666666668,7811.2699999999995,7871.31,7861.016666666666,7775.6,7704.87,7837.86,0.4666666666666666,796.0,D,U,0.5333333333333333
07/03/2003,7671.75,7780.57,7536.18,7740.03,-101.61000000000058,70.73000000000047,-132.98999999999978,7718.153333333333,7772.776666666668,7811.2699999999995,7871.31,7673.99,7775.6,7704.87,0.6,797.0,U,D,0.39999999999999997
10/03/2003,7739.4,7739.4,7545.77,7568.18,66.03999999999996,-101.61000000000058,70.73000000000047,7729.873333333333,7718.153333333333,7772.776666666668,7811.2699999999995,7740.03,7673.99,7775.6,0.4666666666666666,798.0,D,U,0.5333333333333333
11/03/2003,7568.53,7673.98,7488.0,7524.06,-171.84999999999945,66.03999999999996,-101.61000000000058,7660.733333333334,7729.873333333333,7718.153333333333,7772.776666666668,7568.18,7740.03,7673.99,0.4666666666666666,799.0,D,U,0.5333333333333333
12/03/2003,7517.76,7582.96,7397.31,7552.07,-44.11999999999989,-171.84999999999945,66.03999999999996,7610.756666666667,7660.733333333334,7729.873333333333,7718.153333333333,7524.06,7568.18,7740.03,0.5333333333333333,800.0,U,D,0.4666666666666666
13/03/2003,7555.29,7847.03,7555.29,7821.75,28.00999999999931,-44.11999999999989,-171.84999999999945,7548.1033333333335,7610.756666666667,7660.733333333334,7729.873333333333,7552.07,7524.06,7568.18,0.4666666666666666,801.0,U,U,0.5333333333333333
14/03/2003,7822.17,7961.6,7761.25,7859.71,269.6800000000003,28.00999999999931,-44.11999999999989,7632.626666666667,7548.1033333333335,7610.756666666667,7660.733333333334,7821.75,7552.07,7524.06,0.3333333333333333,802.0,U,U,0.6666666666666666
17/03/2003,7857.96,8163.56,7763.56,8141.92,37.960000000000036,269.6800000000003,28.00999999999931,7744.509999999999,7632.626666666667,7548.1033333333335,7610.756666666667,7859.71,7821.75,7552.07,0.4666666666666666,803.0,U,U,0.5333333333333333
18/03/2003,8142.69,8253.48,8057.54,8194.23,282.21000000000004,37.960000000000036,269.6800000000003,7941.126666666666,7744.509999999999,7632.626666666667,7548.1033333333335,8141.92,7859.71,7821.75,0.5333333333333333,804.0,U,D,0.4666666666666666
19/03/2003,8193.04,8304.04,8116.01,8265.45,52.30999999999949,282.21000000000004,37.960000000000036,8065.286666666667,7941.126666666666,7744.509999999999,7632.626666666667,8194.23,8141.92,7859.71,0.6,805.0,U,D,0.39999999999999997
20/03/2003,8264.68,8335.2,8122.59,8286.6,71.22000000000116,52.30999999999949,282.21000000000004,8200.533333333333,8065.286666666667,7941.126666666666,7744.509999999999,8265.45,8194.23,8141.92,0.3333333333333333,806.0,U,U,0.6666666666666666
21/03/2003,8290.38,8552.08,8290.38,8521.97,21.149999999999636,71.22000000000116,52.30999999999949,8248.76,8200.533333333333,8065.286666666667,7941.126666666666,8286.6,8265.45,8194.23,0.26666666666666666,807.0,U,U,0.7333333333333333
24/03/2003,8514.82,8514.82,8166.78,8214.68,235.36999999999898,21.149999999999636,71.22000000000116,8358.006666666668,8248.76,8200.533333333333,8065.286666666667,8521.97,8286.6,8265.45,0.4666666666666666,808.0,D,U,0.5333333333333333
25/03/2003,8216.85,8355.93,8155.65,8280.23,-307.28999999999905,235.36999999999898,21.149999999999636,8341.083333333334,8358.006666666668,8248.76,8200.533333333333,8214.68,8521.97,8286.6,0.26666666666666666,809.0,U,U,0.7333333333333333
26/03/2003,8279.88,8323.01,8165.52,8229.88,65.54999999999927,-307.28999999999905,235.36999999999898,8338.960000000001,8341.083333333334,8358.006666666668,8248.76,8280.23,8214.68,8521.97,0.6,810.0,D,D,0.39999999999999997
27/03/2003,8226.39,8272.03,8085.4,8201.45,-50.350000000000364,65.54999999999927,-307.28999999999905,8241.596666666666,8338.960000000001,8341.083333333334,8358.006666666668,8229.88,8280.23,8214.68,0.4666666666666666,811.0,D,U,0.5333333333333333
28/03/2003,8198.85,8224.83,8070.77,8145.77,-28.429999999998472,-50.350000000000364,65.54999999999927,8237.186666666666,8241.596666666666,8338.960000000001,8341.083333333334,8201.45,8229.88,8280.23,0.5333333333333333,812.0,D,D,0.4666666666666666
31/03/2003,8142.83,8142.83,7903.97,7992.13,-55.68000000000029,-28.429999999998472,-50.350000000000364,8192.366666666667,8237.186666666666,8241.596666666666,8338.960000000001,8145.77,8201.45,8229.88,0.4666666666666666,813.0,D,U,0.5333333333333333
01/04/2003,7992.83,8133.03,7947.38,8069.86,-153.64000000000033,-55.68000000000029,-28.429999999998472,8113.116666666668,8192.366666666667,8237.186666666666,8241.596666666666,7992.13,8145.77,8201.45,0.3333333333333333,814.0,U,U,0.6666666666666666
02/04/2003,8070.98,8342.27,8070.98,8285.06,77.72999999999956,-153.64000000000033,-55.68000000000029,8069.253333333334,8113.116666666668,8192.366666666667,8237.186666666666,8069.86,7992.13,8145.77,0.4666666666666666,815.0,U,U,0.5333333333333333
03/04/2003,8285.76,8378.76,8199.49,8240.38,215.19999999999982,77.72999999999956,-153.64000000000033,8115.683333333333,8069.253333333334,8113.116666666668,8192.366666666667,8285.06,8069.86,7992.13,0.4666666666666666,816.0,D,U,0.5333333333333333
04/04/2003,8240.59,8348.29,8176.66,8277.15,-44.68000000000029,215.19999999999982,77.72999999999956,8198.433333333332,8115.683333333333,8069.253333333334,8113.116666666668,8240.38,8285.06,8069.86,0.39999999999999997,817.0,U,U,0.6
07/04/2003,8284.15,8550.4,8272.24,8300.41,36.77000000000044,-44.68000000000029,215.19999999999982,8267.529999999999,8198.433333333332,8115.683333333333,8069.253333333334,8277.15,8240.38,8285.06,0.3333333333333333,818.0,U,U,0.6666666666666666
08/04/2003,8299.12,8382.43,8222.24,8298.92,23.26000000000022,36.77000000000044,-44.68000000000029,8272.646666666666,8267.529999999999,8198.433333333332,8115.683333333333,8300.41,8277.15,8240.38,0.26666666666666666,819.0,D,U,0.7333333333333333
09/04/2003,8299.28,8404.25,8174.9,8197.94,-1.4899999999997817,23.26000000000022,36.77000000000044,8292.159999999998,8272.646666666666,8267.529999999999,8198.433333333332,8298.92,8300.41,8277.15,0.4666666666666666,820.0,D,U,0.5333333333333333
10/04/2003,8198.99,8274.56,8109.85,8221.33,-100.97999999999956,-1.4899999999997817,23.26000000000022,8265.756666666668,8292.159999999998,8272.646666666666,8267.529999999999,8197.94,8298.92,8300.41,0.5333333333333333,821.0,U,D,0.4666666666666666
11/04/2003,8223.22,8360.76,8156.77,8203.41,23.389999999999418,-100.97999999999956,-1.4899999999997817,8239.396666666667,8265.756666666668,8292.159999999998,8272.646666666666,8221.33,8197.94,8298.92,0.5333333333333333,822.0,D,D,0.4666666666666666
14/04/2003,8203.97,8375.19,8175.6,8351.1,-17.920000000000073,23.389999999999418,-100.97999999999956,8207.56,8239.396666666667,8265.756666666668,8292.159999999998,8203.41,8221.33,8197.94,0.5333333333333333,823.0,U,D,0.4666666666666666
15/04/2003,8347.66,8443.11,8251.38,8402.36,147.6900000000005,-17.920000000000073,23.389999999999418,8258.613333333333,8207.56,8239.396666666667,8265.756666666668,8351.1,8203.41,8221.33,0.5333333333333333,824.0,U,D,0.4666666666666666
16/04/2003,8405.72,8459.15,8217.27,8257.61,51.26000000000022,147.6900000000005,-17.920000000000073,8318.956666666667,8258.613333333333,8207.56,8239.396666666667,8402.36,8351.1,8203.41,0.3333333333333333,825.0,D,U,0.6666666666666666
17/04/2003,8255.79,8388.28,8172.52,8337.65,-144.75,51.26000000000022,147.6900000000005,8337.023333333333,8318.956666666667,8258.613333333333,8207.56,8257.61,8402.36,8351.1,0.4666666666666666,826.0,U,U,0.5333333333333333
21/04/2003,8336.67,8423.09,8270.56,8328.9,80.03999999999905,-144.75,51.26000000000022,8332.54,8337.023333333333,8318.956666666667,8258.613333333333,8337.65,8257.61,8402.36,0.5333333333333333,827.0,D,D,0.4666666666666666
22/04/2003,8326.38,8509.43,8238.14,8484.99,-8.75,80.03999999999905,-144.75,8308.053333333335,8332.54,8337.023333333333,8318.956666666667,8328.9,8337.65,8257.61,0.3333333333333333,828.0,U,U,0.6666666666666666
23/04/2003,8484.92,8587.72,8398.65,8515.66,156.09000000000015,-8.75,80.03999999999905,8383.846666666666,8308.053333333335,8332.54,8337.023333333333,8484.99,8328.9,8337.65,0.5333333333333333,829.0,U,D,0.4666666666666666
24/04/2003,8512.44,8527.99,8363.28,8440.04,30.670000000000073,156.09000000000015,-8.75,8443.183333333332,8383.846666666666,8308.053333333335,8332.54,8515.66,8484.99,8328.9,0.39999999999999997,830.0,D,U,0.6
25/04/2003,8438.98,8453.06,8258.8,8306.35,-75.61999999999898,30.670000000000073,156.09000000000015,8480.230000000001,8443.183333333332,8383.846666666666,8308.053333333335,8440.04,8515.66,8484.99,0.6666666666666666,831.0,D,D,0.3333333333333333
28/04/2003,8306.84,8515.8,8290.46,8471.61,-133.6900000000005,-75.61999999999898,30.670000000000073,8420.683333333334,8480.230000000001,8443.183333333332,8383.846666666666,8306.35,8440.04,8515.66,0.39999999999999997,832.0,U,U,0.6
29/04/2003,8472.88,8578.55,8414.61,8502.99,165.26000000000022,-133.6900000000005,-75.61999999999898,8406.0,8420.683333333334,8480.230000000001,8443.183333333332,8471.61,8306.35,8440.04,0.6666666666666666,833.0,U,D,0.3333333333333333
30/04/2003,8501.38,8557.62,8402.36,8480.09,31.3799999999992,165.26000000000022,-133.6900000000005,8426.983333333332,8406.0,8420.683333333334,8480.230000000001,8502.99,8471.61,8306.35,0.4666666666666666,834.0,D,U,0.5333333333333333
01/05/2003,8478.48,8519.09,8328.55,8454.25,-22.899999999999636,31.3799999999992,165.26000000000022,8484.896666666666,8426.983333333332,8406.0,8420.683333333334,8480.09,8502.99,8471.61,0.7333333333333333,835.0,D,D,0.26666666666666666
02/05/2003,8453.48,8612.86,8389.4,8582.68,-25.840000000000146,-22.899999999999636,31.3799999999992,8479.11,8484.896666666666,8426.983333333332,8406.0,8454.25,8480.09,8502.99,0.5333333333333333,836.0,U,D,0.4666666666666666
05/05/2003,8583.17,8643.11,8472.67,8531.57,128.4300000000003,-25.840000000000146,-22.899999999999636,8505.673333333334,8479.11,8484.896666666666,8426.983333333332,8582.68,8454.25,8480.09,0.5333333333333333,837.0,D,D,0.4666666666666666
06/05/2003,8531.28,8658.18,8486.88,8588.36,-51.11000000000058,128.4300000000003,-25.840000000000146,8522.833333333334,8505.673333333334,8479.11,8484.896666666666,8531.57,8582.68,8454.25,0.5333333333333333,838.0,U,D,0.4666666666666666
07/05/2003,8585.42,8650.82,8494.87,8560.63,56.79000000000087,-51.11000000000058,128.4300000000003,8567.536666666667,8522.833333333334,8505.673333333334,8479.11,8588.36,8531.57,8582.68,0.5333333333333333,839.0,D,D,0.4666666666666666
08/05/2003,8558.67,8591.01,8435.61,8491.22,-27.730000000001382,56.79000000000087,-51.11000000000058,8560.186666666666,8567.536666666667,8522.833333333334,8505.673333333334,8560.63,8588.36,8531.57,0.4666666666666666,840.0,D,U,0.5333333333333333
09/05/2003,8492.69,8637.58,8482.89,8604.6,-69.40999999999985,-27.730000000001382,56.79000000000087,8546.736666666666,8560.186666666666,8567.536666666667,8522.833333333334,8491.22,8560.63,8588.36,0.6,841.0,U,D,0.39999999999999997
12/05/2003,8603.9,8764.12,8544.24,8726.73,113.38000000000102,-69.40999999999985,-27.730000000001382,8552.15,8546.736666666666,8560.186666666666,8567.536666666667,8604.6,8491.22,8560.63,0.39999999999999997,842.0,U,U,0.6
13/05/2003,8722.88,8757.4,8611.18,8679.25,122.1299999999992,113.38000000000102,-69.40999999999985,8607.516666666666,8552.15,8546.736666666666,8560.186666666666,8726.73,8604.6,8491.22,0.4666666666666666,843.0,D,U,0.5333333333333333
14/05/2003,8673.29,8744.94,8575.96,8647.82,-47.47999999999956,122.1299999999992,113.38000000000102,8670.193333333335,8607.516666666666,8552.15,8546.736666666666,8679.25,8726.73,8604.6,0.6,844.0,D,D,0.39999999999999997
15/05/2003,8649.22,8766.58,8613.84,8713.14,-31.43000000000029,-47.47999999999956,122.1299999999992,8684.6,8670.193333333335,8607.516666666666,8552.15,8647.82,8679.25,8726.73,0.5333333333333333,845.0,U,D,0.4666666666666666
16/05/2003,8710.36,8766.36,8614.33,8678.97,65.31999999999971,-31.43000000000029,-47.47999999999956,8680.07,8684.6,8670.193333333335,8607.516666666666,8713.14,8647.82,8679.25,0.4666666666666666,846.0,D,U,0.5333333333333333
19/05/2003,8676.52,8676.52,8455.72,8493.39,-34.17000000000007,65.31999999999971,-31.43000000000029,8679.976666666667,8680.07,8684.6,8670.193333333335,8678.97,8713.14,8647.82,0.6666666666666666,847.0,D,D,0.3333333333333333
20/05/2003,8494.09,8593.61,8394.51,8491.36,-185.57999999999993,-34.17000000000007,65.31999999999971,8628.5,8679.976666666667,8680.07,8684.6,8493.39,8678.97,8713.14,0.6,848.0,D,D,0.39999999999999997
21/05/2003,8485.62,8577.64,8389.68,8516.43,-2.029999999998836,-185.57999999999993,-34.17000000000007,8554.573333333334,8628.5,8679.976666666667,8680.07,8491.36,8493.39,8678.97,0.39999999999999997,849.0,U,U,0.6
22/05/2003,8516.99,8650.33,8495.35,8594.02,25.06999999999971,-2.029999999998836,-185.57999999999993,8500.393333333333,8554.573333333334,8628.5,8679.976666666667,8516.43,8491.36,8493.39,0.4666666666666666,850.0,U,U,0.5333333333333333
23/05/2003,8594.02,8668.47,8513.98,8601.38,77.59000000000015,25.06999999999971,-2.029999999998836,8533.936666666666,8500.393333333333,8554.573333333334,8628.5,8594.02,8516.43,8491.36,0.5333333333333333,851.0,U,D,0.4666666666666666
27/05/2003,8600.54,8812.3,8523.64,8781.35,7.359999999998763,77.59000000000015,25.06999999999971,8570.61,8533.936666666666,8500.393333333333,8554.573333333334,8601.38,8594.02,8516.43,0.5333333333333333,852.0,U,D,0.4666666666666666
28/05/2003,8781.84,8885.34,8721.9,8793.12,179.97000000000116,7.359999999998763,77.59000000000015,8658.916666666666,8570.61,8533.936666666666,8500.393333333333,8781.35,8601.38,8594.02,0.4666666666666666,853.0,U,U,0.5333333333333333
29/05/2003,8787.23,8895.99,8657.96,8711.18,11.770000000000437,179.97000000000116,7.359999999998763,8725.283333333333,8658.916666666666,8570.61,8533.936666666666,8793.12,8781.35,8601.38,0.6666666666666666,854.0,D,D,0.3333333333333333
30/05/2003,8711.46,8897.04,8711.46,8850.26,-81.94000000000051,11.770000000000437,179.97000000000116,8761.883333333333,8725.283333333333,8658.916666666666,8570.61,8711.18,8793.12,8781.35,0.39999999999999997,855.0,U,U,0.6
02/06/2003,8851.45,9040.46,8833.66,8897.81,139.07999999999993,-81.94000000000051,11.770000000000437,8784.853333333334,8761.883333333333,8725.283333333333,8658.916666666666,8850.26,8711.18,8793.12,0.4666666666666666,856.0,U,U,0.5333333333333333
03/06/2003,8898.23,8973.02,8823.51,8922.95,47.54999999999927,139.07999999999993,-81.94000000000051,8819.75,8784.853333333334,8761.883333333333,8725.283333333333,8897.81,8850.26,8711.18,0.5333333333333333,857.0,U,D,0.4666666666666666
04/06/2003,8919.94,9076.94,8882.75,9038.98,25.140000000001237,47.54999999999927,139.07999999999993,8890.34,8819.75,8784.853333333334,8761.883333333333,8922.95,8897.81,8850.26,0.4666666666666666,858.0,U,U,0.5333333333333333
05/06/2003,9036.67,9106.7,8905.37,9041.3,116.02999999999884,25.140000000001237,47.54999999999927,8953.246666666668,8890.34,8819.75,8784.853333333334,9038.98,8922.95,8897.81,0.39999999999999997,859.0,U,U,0.6
06/06/2003,9045.57,9248.71,9008.87,9062.79,2.319999999999709,116.02999999999884,25.140000000001237,9001.076666666666,8953.246666666668,8890.34,8819.75,9041.3,9038.98,8922.95,0.39999999999999997,860.0,U,U,0.6
09/06/2003,9061.18,9109.43,8909.78,8980.0,21.4900000000016,2.319999999999709,116.02999999999884,9047.69,9001.076666666666,8953.246666666668,8890.34,9062.79,9041.3,9038.98,0.39999999999999997,861.0,D,U,0.6
10/06/2003,8980.79,9111.11,8946.06,9054.89,-82.79000000000087,21.4900000000016,2.319999999999709,9028.03,9047.69,9001.076666666666,8953.246666666668,8980.0,9062.79,9041.3,0.39999999999999997,862.0,U,U,0.6
11/06/2003,9048.85,9202.08,9010.13,9183.22,74.88999999999942,-82.79000000000087,21.4900000000016,9032.56,9028.03,9047.69,9001.076666666666,9054.89,8980.0,9062.79,0.4666666666666666,863.0,U,U,0.5333333333333333
12/06/2003,9184.29,9270.64,9089.38,9196.55,128.32999999999993,74.88999999999942,-82.79000000000087,9072.703333333333,9032.56,9028.03,9047.69,9183.22,9054.89,8980.0,0.4666666666666666,864.0,U,U,0.5333333333333333
13/06/2003,9197.88,9234.23,9042.63,9117.12,13.329999999999927,128.32999999999993,74.88999999999942,9144.886666666667,9072.703333333333,9032.56,9028.03,9196.55,9183.22,9054.89,0.4666666666666666,865.0,D,U,0.5333333333333333
16/06/2003,9117.56,9335.49,9117.56,9318.96,-79.42999999999847,13.329999999999927,128.32999999999993,9165.63,9144.886666666667,9072.703333333333,9032.56,9117.12,9196.55,9183.22,0.39999999999999997,866.0,U,U,0.6
17/06/2003,9319.66,9406.5,9234.78,9323.02,201.83999999999833,-79.42999999999847,13.329999999999927,9210.876666666665,9165.63,9144.886666666667,9072.703333333333,9318.96,9117.12,9196.55,0.39999999999999997,867.0,U,U,0.6
18/06/2003,9322.67,9363.15,9185.17,9293.8,4.06000000000131,201.83999999999833,-79.42999999999847,9253.033333333335,9210.876666666665,9165.63,9144.886666666667,9323.02,9318.96,9117.12,0.6666666666666666,868.0,D,D,0.3333333333333333
19/06/2003,9293.8,9346.34,9134.5,9179.53,-29.220000000001164,4.06000000000131,201.83999999999833,9311.926666666666,9253.033333333335,9210.876666666665,9165.63,9293.8,9323.02,9318.96,0.3333333333333333,869.0,D,U,0.6666666666666666
20/06/2003,9180.93,9306.36,9149.21,9200.75,-114.26999999999862,-29.220000000001164,4.06000000000131,9265.449999999999,9311.926666666666,9253.033333333335,9210.876666666665,9179.53,9293.8,9323.02,0.3333333333333333,870.0,U,U,0.6666666666666666
23/06/2003,9199.49,9215.32,9003.83,9072.95,21.219999999999345,-114.26999999999862,-29.220000000001164,9224.693333333335,9265.449999999999,9311.926666666666,9253.033333333335,9200.75,9179.53,9293.8,0.3333333333333333,871.0,D,U,0.6666666666666666
24/06/2003,9071.48,9179.25,9020.08,9109.85,-127.79999999999927,21.219999999999345,-114.26999999999862,9151.076666666666,9224.693333333335,9265.449999999999,9311.926666666666,9072.95,9200.75,9179.53,0.26666666666666666,872.0,U,U,0.7333333333333333
25/06/2003,9109.57,9195.2,8984.29,9011.53,36.899999999999636,-127.79999999999927,21.219999999999345,9127.85,9151.076666666666,9224.693333333335,9265.449999999999,9109.85,9072.95,9200.75,0.39999999999999997,873.0,D,U,0.6
26/06/2003,9011.06,9118.82,8953.83,9079.04,-98.31999999999971,36.899999999999636,-127.79999999999927,9064.776666666667,9127.85,9151.076666666666,9224.693333333335,9011.53,9109.85,9072.95,0.26666666666666666,874.0,U,U,0.7333333333333333
27/06/2003,9079.74,9135.91,8938.26,8989.05,67.51000000000022,-98.31999999999971,36.899999999999636,9066.806666666667,9064.776666666667,9127.85,9151.076666666666,9079.04,9011.53,9109.85,0.26666666666666666,875.0,D,U,0.7333333333333333
30/06/2003,8990.74,9100.12,8934.71,8985.44,-89.9900000000016,67.51000000000022,-98.31999999999971,9026.539999999999,9066.806666666667,9064.776666666667,9127.85,8989.05,9079.04,9011.53,0.26666666666666666,876.0,D,U,0.7333333333333333
01/07/2003,8983.66,9068.05,8843.61,9040.95,-3.609999999998763,-89.9900000000016,67.51000000000022,9017.843333333332,9026.539999999999,9066.806666666667,9064.776666666667,8985.44,8989.05,9079.04,0.39999999999999997,877.0,U,U,0.6
02/07/2003,9043.54,9168.82,9025.12,9142.84,55.51000000000022,-3.609999999998763,-89.9900000000016,9005.146666666666,9017.843333333332,9026.539999999999,9066.806666666667,9040.95,8985.44,8989.05,0.3333333333333333,878.0,U,U,0.6666666666666666
03/07/2003,9141.16,9164.48,9014.06,9070.21,101.88999999999942,55.51000000000022,-3.609999999998763,9056.41,9005.146666666666,9017.843333333332,9026.539999999999,9142.84,9040.95,8985.44,0.39999999999999997,879.0,D,U,0.6
07/07/2003,9073.92,9289.9,9073.92,9216.79,-72.63000000000102,101.88999999999942,55.51000000000022,9084.666666666666,9056.41,9005.146666666666,9017.843333333332,9070.21,9142.84,9040.95,0.4666666666666666,880.0,U,U,0.5333333333333333
08/07/2003,9213.48,9281.77,9122.24,9223.09,146.58000000000175,-72.63000000000102,101.88999999999942,9143.28,9084.666666666666,9056.41,9005.146666666666,9216.79,9070.21,9142.84,0.3333333333333333,881.0,U,U,0.6666666666666666
09/07/2003,9221.9,9270.22,9077.91,9156.21,6.299999999999272,146.58000000000175,-72.63000000000102,9170.03,9143.28,9084.666666666666,9056.41,9223.09,9216.79,9070.21,0.6666666666666666,882.0,D,D,0.3333333333333333
10/07/2003,9154.53,9154.53,8978.13,9036.04,-66.88000000000102,6.299999999999272,146.58000000000175,9198.696666666667,9170.03,9143.28,9084.666666666666,9156.21,9223.09,9216.79,0.5333333333333333,883.0,D,D,0.4666666666666666
11/07/2003,9036.39,9176.59,9009.01,9119.59,-120.16999999999825,-66.88000000000102,6.299999999999272,9138.446666666667,9198.696666666667,9170.03,9143.28,9036.04,9156.21,9223.09,0.39999999999999997,884.0,U,U,0.6
14/07/2003,9126.45,9316.44,9126.45,9177.15,83.54999999999927,-120.16999999999825,-66.88000000000102,9103.946666666667,9138.446666666667,9198.696666666667,9170.03,9119.59,9036.04,9156.21,0.39999999999999997,885.0,U,U,0.6
15/07/2003,9179.18,9260.42,9054.6,9128.97,57.55999999999949,83.54999999999927,-120.16999999999825,9110.926666666666,9103.946666666667,9138.446666666667,9198.696666666667,9177.15,9119.59,9036.04,0.3333333333333333,886.0,D,U,0.6666666666666666
16/07/2003,9133.7,9185.63,9005.23,9094.59,-48.18000000000029,57.55999999999949,83.54999999999927,9141.903333333334,9110.926666666666,9103.946666666667,9138.446666666667,9128.97,9177.15,9119.59,0.3333333333333333,887.0,D,U,0.6666666666666666
17/07/2003,9089.34,9160.27,8968.82,9050.82,-34.3799999999992,-48.18000000000029,57.55999999999949,9133.57,9141.903333333334,9110.926666666666,9103.946666666667,9094.59,9128.97,9177.15,0.26666666666666666,888.0,D,U,0.7333333333333333
18/07/2003,9052.29,9212.31,9034.36,9188.15,-43.77000000000044,-34.3799999999992,-48.18000000000029,9091.46,9133.57,9141.903333333334,9110.926666666666,9050.82,9094.59,9128.97,0.13333333333333333,889.0,U,U,0.8666666666666666
21/07/2003,9187.8,9219.87,9025.12,9096.69,137.32999999999993,-43.77000000000044,-34.3799999999992,9111.186666666666,9091.46,9133.57,9141.903333333334,9188.15,9050.82,9094.59,0.3333333333333333,890.0,D,U,0.6666666666666666
22/07/2003,9098.65,9221.83,9008.6,9158.45,-91.45999999999913,137.32999999999993,-43.77000000000044,9111.886666666667,9111.186666666666,9091.46,9133.57,9096.69,9188.15,9050.82,0.4666666666666666,891.0,U,U,0.5333333333333333
23/07/2003,9159.08,9249.91,9064.69,9194.24,61.76000000000022,-91.45999999999913,137.32999999999993,9147.763333333334,9111.886666666667,9111.186666666666,9091.46,9158.45,9096.69,9188.15,0.39999999999999997,892.0,U,U,0.6
24/07/2003,9196.56,9313.99,9092.98,9112.51,35.789999999999054,61.76000000000022,-91.45999999999913,9149.793333333333,9147.763333333334,9111.886666666667,9111.186666666666,9194.24,9158.45,9096.69,0.39999999999999997,893.0,D,U,0.6
25/07/2003,9113.85,9296.62,9062.38,9284.57,-81.72999999999956,35.789999999999054,61.76000000000022,9155.066666666668,9149.793333333333,9147.763333333334,9111.886666666667,9112.51,9194.24,9158.45,0.26666666666666666,894.0,U,U,0.7333333333333333
28/07/2003,9284.92,9356.77,9182.96,9266.51,172.0599999999995,-81.72999999999956,35.789999999999054,9197.106666666667,9155.066666666668,9149.793333333333,9147.763333333334,9284.57,9112.51,9194.24,0.3333333333333333,895.0,D,U,0.6666666666666666
29/07/2003,9268.19,9327.36,9135.62,9204.46,-18.05999999999949,172.0599999999995,-81.72999999999956,9221.196666666669,9197.106666666667,9155.066666666668,9149.793333333333,9266.51,9284.57,9112.51,0.5333333333333333,896.0,D,D,0.4666666666666666
30/07/2003,9204.39,9272.88,9131.7,9200.05,-62.05000000000109,-18.05999999999949,172.0599999999995,9251.846666666666,9221.196666666669,9197.106666666667,9155.066666666668,9204.46,9266.51,9284.57,0.39999999999999997,897.0,D,U,0.6
31/07/2003,9199.35,9398.02,9183.8,9233.8,-4.4099999999998545,-62.05000000000109,-18.05999999999949,9223.673333333334,9251.846666666666,9221.196666666669,9197.106666666667,9200.05,9204.46,9266.51,0.39999999999999997,898.0,U,U,0.6
01/08/2003,9232.68,9266.37,9100.12,9153.97,33.75,-4.4099999999998545,-62.05000000000109,9212.769999999999,9223.673333333334,9251.846666666666,9221.196666666669,9233.8,9200.05,9204.46,0.4666666666666666,899.0,D,U,0.5333333333333333
04/08/2003,9154.18,9231.84,9033.66,9186.04,-79.82999999999993,33.75,-4.4099999999998545,9195.94,9212.769999999999,9223.673333333334,9251.846666666666,9153.97,9233.8,9200.05,0.39999999999999997,900.0,U,U,0.6
05/08/2003,9185.27,9210.21,9024.77,9036.32,32.07000000000153,-79.82999999999993,33.75,9191.269999999999,9195.94,9212.769999999999,9223.673333333334,9186.04,9153.97,9233.8,0.4666666666666666,901.0,D,U,0.5333333333333333
06/08/2003,9032.96,9151.38,8964.13,9061.74,-149.72000000000116,32.07000000000153,-79.82999999999993,9125.443333333335,9191.269999999999,9195.94,9212.769999999999,9036.32,9186.04,9153.97,0.26666666666666666,902.0,U,U,0.7333333333333333
07/08/2003,9060.48,9171.13,9003.63,9126.45,25.420000000000073,-149.72000000000116,32.07000000000153,9094.699999999999,9125.443333333335,9191.269999999999,9195.94,9061.74,9036.32,9186.04,0.3333333333333333,903.0,U,U,0.6666666666666666
08/08/2003,9127.36,9230.37,9097.74,9191.09,64.71000000000095,25.420000000000073,-149.72000000000116,9074.836666666666,9094.699999999999,9125.443333333335,9191.269999999999,9126.45,9061.74,9036.32,0.26666666666666666,904.0,U,U,0.7333333333333333
11/08/2003,9189.62,9275.61,9124.0,9217.35,64.63999999999942,64.71000000000095,25.420000000000073,9126.426666666668,9074.836666666666,9094.699999999999,9125.443333333335,9191.09,9126.45,9061.74,0.4666666666666666,905.0,U,U,0.5333333333333333
12/08/2003,9218.12,9329.04,9163.29,9310.06,26.26000000000022,64.63999999999942,64.71000000000095,9178.296666666667,9126.426666666668,9074.836666666666,9094.699999999999,9217.35,9191.09,9126.45,0.5333333333333333,906.0,U,D,0.4666666666666666
13/08/2003,9303.69,9350.19,9213.43,9271.76,92.70999999999913,26.26000000000022,64.63999999999942,9239.5,9178.296666666667,9126.426666666668,9074.836666666666,9310.06,9217.35,9191.09,0.5333333333333333,907.0,D,D,0.4666666666666666
14/08/2003,9272.25,9356.63,9193.33,9310.56,-38.29999999999927,92.70999999999913,26.26000000000022,9266.39,9239.5,9178.296666666667,9126.426666666668,9271.76,9310.06,9217.35,0.5333333333333333,908.0,U,D,0.4666666666666666
15/08/2003,9308.52,9360.27,9253.2,9321.69,38.79999999999927,-38.29999999999927,92.70999999999913,9297.46,9266.39,9239.5,9178.296666666667,9310.56,9271.76,9310.06,0.26666666666666666,909.0,U,U,0.7333333333333333
18/08/2003,9320.66,9466.79,9309.16,9412.45,11.130000000001019,38.79999999999927,-38.29999999999927,9301.336666666668,9297.46,9266.39,9239.5,9321.69,9310.56,9271.76,0.3333333333333333,910.0,U,U,0.6666666666666666
19/08/2003,9412.17,9490.6,9315.25,9428.9,90.76000000000022,11.130000000001019,38.79999999999927,9348.233333333334,9301.336666666668,9297.46,9266.39,9412.45,9321.69,9310.56,0.3333333333333333,911.0,U,U,0.6666666666666666
20/08/2003,9420.13,9454.49,9324.03,9397.51,16.44999999999891,90.76000000000022,11.130000000001019,9387.68,9348.233333333334,9301.336666666668,9297.46,9428.9,9412.45,9321.69,0.3333333333333333,912.0,D,U,0.6666666666666666
21/08/2003,9399.96,9517.37,9345.71,9423.68,-31.389999999999418,16.44999999999891,90.76000000000022,9412.953333333333,9387.68,9348.233333333334,9301.336666666668,9397.51,9428.9,9412.45,0.3333333333333333,913.0,U,U,0.6666666666666666
22/08/2003,9436.04,9535.97,9323.26,9348.87,26.170000000000073,-31.389999999999418,16.44999999999891,9416.696666666667,9412.953333333333,9387.68,9348.233333333334,9423.68,9397.51,9428.9,0.3333333333333333,914.0,D,U,0.6666666666666666
25/08/2003,9349.44,9381.51,9242.56,9317.64,-74.80999999999949,26.170000000000073,-31.389999999999418,9390.020000000002,9416.696666666667,9412.953333333333,9387.68,9348.87,9423.68,9397.51,0.5333333333333333,915.0,D,D,0.4666666666666666
26/08/2003,9316.03,9372.45,9203.54,9340.45,-31.230000000001382,-74.80999999999949,26.170000000000073,9363.396666666667,9390.020000000002,9416.696666666667,9412.953333333333,9317.64,9348.87,9423.68,0.39999999999999997,916.0,U,U,0.6
27/08/2003,9339.82,9387.82,9280.03,9333.79,22.81000000000131,-31.230000000001382,-74.80999999999949,9335.653333333334,9363.396666666667,9390.020000000002,9416.696666666667,9340.45,9317.64,9348.87,0.4666666666666666,917.0,D,U,0.5333333333333333
28/08/2003,9334.35,9415.68,9246.48,9374.21,-6.6599999999998545,22.81000000000131,-31.230000000001382,9330.626666666667,9335.653333333334,9363.396666666667,9390.020000000002,9333.79,9340.45,9317.64,0.5333333333333333,918.0,U,D,0.4666666666666666
29/08/2003,9373.33,9444.25,9320.52,9415.82,40.419999999998254,-6.6599999999998545,22.81000000000131,9349.483333333334,9330.626666666667,9335.653333333334,9363.396666666667,9374.21,9333.79,9340.45,0.39999999999999997,919.0,U,U,0.6
02/09/2003,9416.67,9563.83,9357.44,9523.27,41.61000000000058,40.419999999998254,-6.6599999999998545,9374.606666666667,9349.483333333334,9330.626666666667,9335.653333333334,9415.82,9374.21,9333.79,0.39999999999999997,920.0,U,U,0.6
03/09/2003,9521.86,9632.75,9465.72,9568.46,107.45000000000073,41.61000000000058,40.419999999998254,9437.766666666666,9374.606666666667,9349.483333333334,9330.626666666667,9523.27,9415.82,9374.21,0.2,921.0,U,U,0.7999999999999999
04/09/2003,9569.09,9661.8,9492.74,9587.9,45.18999999999869,107.45000000000073,41.61000000000058,9502.516666666666,9437.766666666666,9374.606666666667,9349.483333333334,9568.46,9523.27,9415.82,0.26666666666666666,922.0,U,U,0.7333333333333333
05/09/2003,9589.52,9602.22,9441.93,9503.34,19.44000000000051,45.18999999999869,107.45000000000073,9559.876666666665,9502.516666666666,9437.766666666666,9374.606666666667,9587.9,9568.46,9523.27,0.3333333333333333,923.0,D,U,0.6666666666666666
08/09/2003,9503.41,9638.57,9492.25,9586.29,-84.55999999999949,19.44000000000051,45.18999999999869,9553.233333333334,9559.876666666665,9502.516666666666,9437.766666666666,9503.34,9587.9,9568.46,0.39999999999999997,924.0,U,U,0.6
09/09/2003,9584.92,9617.02,9459.85,9507.2,82.95000000000073,-84.55999999999949,19.44000000000051,9559.176666666666,9553.233333333334,9559.876666666665,9502.516666666666,9586.29,9503.34,9587.9,0.7333333333333333,925.0,D,D,0.26666666666666666
10/09/2003,9504.88,9545.51,9373.08,9420.46,-79.09000000000015,82.95000000000073,-84.55999999999949,9532.276666666667,9559.176666666666,9553.233333333334,9559.876666666665,9507.2,9586.29,9503.34,0.6,926.0,D,D,0.39999999999999997
11/09/2003,9415.05,9540.6,9374.49,9459.76,-86.7400000000016,-79.09000000000015,82.95000000000073,9504.65,9532.276666666667,9559.176666666666,9553.233333333334,9420.46,9507.2,9586.29,0.5333333333333333,927.0,U,D,0.4666666666666666
12/09/2003,9456.88,9517.37,9348.59,9471.55,39.30000000000109,-86.7400000000016,-79.09000000000015,9462.473333333333,9504.65,9532.276666666667,9559.176666666666,9459.76,9420.46,9507.2,0.6,928.0,U,D,0.39999999999999997
15/09/2003,9471.19,9541.02,9396.03,9448.81,11.789999999999054,39.30000000000109,-86.7400000000016,9450.59,9462.473333333333,9504.65,9532.276666666667,9471.55,9459.76,9420.46,0.6,929.0,D,D,0.39999999999999997
16/09/2003,9449.16,9587.9,9426.84,9567.34,-22.73999999999978,11.789999999999054,39.30000000000109,9460.039999999999,9450.59,9462.473333333333,9504.65,9448.81,9471.55,9459.76,0.4666666666666666,930.0,U,U,0.5333333333333333
17/09/2003,9566.08,9641.45,9510.28,9545.65,118.53000000000065,-22.73999999999978,11.789999999999054,9495.9,9460.039999999999,9450.59,9462.473333333333,9567.34,9448.81,9471.55,0.4666666666666666,931.0,D,U,0.5333333333333333
18/09/2003,9544.04,9691.55,9513.37,9659.13,-21.69000000000051,118.53000000000065,-22.73999999999978,9520.6,9495.9,9460.039999999999,9450.59,9545.65,9567.34,9448.81,0.5333333333333333,932.0,U,D,0.4666666666666666
19/09/2003,9661.8,9719.49,9582.64,9644.82,113.47999999999956,-21.69000000000051,118.53000000000065,9590.706666666665,9520.6,9495.9,9460.039999999999,9659.13,9545.65,9567.34,0.6,933.0,D,D,0.39999999999999997
22/09/2003,9641.8,9641.87,9467.83,9535.41,-14.30999999999949,113.47999999999956,-21.69000000000051,9616.533333333333,9590.706666666665,9520.6,9495.9,9644.82,9659.13,9545.65,0.4666666666666666,934.0,D,U,0.5333333333333333
23/09/2003,9535.76,9623.34,9479.41,9576.04,-109.40999999999985,-14.30999999999949,113.47999999999956,9613.119999999999,9616.533333333333,9590.706666666665,9520.6,9535.41,9644.82,9659.13,0.39999999999999997,935.0,U,U,0.6
24/09/2003,9575.97,9612.53,9400.67,9425.51,40.63000000000102,-109.40999999999985,-14.30999999999949,9585.423333333334,9613.119999999999,9616.533333333333,9590.706666666665,9576.04,9535.41,9644.82,0.6,936.0,D,D,0.39999999999999997
25/09/2003,9425.58,9493.44,9311.47,9343.96,-150.53000000000065,40.63000000000102,-109.40999999999985,9512.32,9585.423333333334,9613.119999999999,9616.533333333333,9425.51,9576.04,9535.41,0.5333333333333333,937.0,D,D,0.4666666666666666
26/09/2003,9342.43,9407.89,9257.99,9313.08,-81.55000000000109,-150.53000000000065,40.63000000000102,9448.503333333334,9512.32,9585.423333333334,9613.119999999999,9343.96,9425.51,9576.04,0.5333333333333333,938.0,D,D,0.4666666666666666
29/09/2003,9314.42,9431.54,9259.68,9380.24,-30.8799999999992,-81.55000000000109,-150.53000000000065,9360.85,9448.503333333334,9512.32,9585.423333333334,9313.08,9343.96,9425.51,0.4666666666666666,939.0,U,U,0.5333333333333333
30/09/2003,9378.1,9393.35,9199.43,9275.06,67.15999999999985,-30.8799999999992,-81.55000000000109,9345.76,9360.85,9448.503333333334,9512.32,9380.24,9313.08,9343.96,0.39999999999999997,940.0,D,U,0.6
01/10/2003,9275.06,9472.69,9275.06,9469.2,-105.18000000000029,67.15999999999985,-30.8799999999992,9322.793333333333,9345.76,9360.85,9448.503333333334,9275.06,9380.24,9313.08,0.5333333333333333,941.0,U,D,0.4666666666666666
02/10/2003,9464.76,9539.2,9397.87,9487.8,194.14000000000124,-105.18000000000029,67.15999999999985,9374.833333333334,9322.793333333333,9345.76,9360.85,9469.2,9275.06,9380.24,0.3333333333333333,942.0,U,U,0.6666666666666666
03/10/2003,9492.54,9701.87,9492.54,9572.31,18.599999999998545,194.14000000000124,-105.18000000000029,9410.686666666666,9374.833333333334,9322.793333333333,9345.76,9487.8,9469.2,9275.06,0.39999999999999997,943.0,U,U,0.6
06/10/2003,9572.39,9656.09,9524.39,9594.98,84.51000000000022,18.599999999998545,194.14000000000124,9509.769999999999,9410.686666666666,9374.833333333334,9322.793333333333,9572.31,9487.8,9469.2,0.26666666666666666,944.0,U,U,0.7333333333333333
07/10/2003,9593.28,9672.68,9512.76,9654.61,22.670000000000073,84.51000000000022,18.599999999998545,9551.696666666667,9509.769999999999,9410.686666666666,9374.833333333334,9594.98,9572.31,9487.8,0.39999999999999997,945.0,U,U,0.6
08/10/2003,9653.33,9699.35,9571.35,9630.9,59.63000000000102,22.670000000000073,84.51000000000022,9607.300000000001,9551.696666666667,9509.769999999999,9410.686666666666,9654.61,9594.98,9572.31,0.6,946.0,D,D,0.39999999999999997
09/10/2003,9633.35,9798.08,9617.35,9680.01,-23.710000000000946,59.63000000000102,22.670000000000073,9626.83,9607.300000000001,9551.696666666667,9509.769999999999,9630.9,9654.61,9594.98,0.39999999999999997,947.0,U,U,0.6
10/10/2003,9682.9,9743.12,9622.31,9674.68,49.11000000000058,-23.710000000000946,59.63000000000102,9655.173333333334,9626.83,9607.300000000001,9551.696666666667,9680.01,9630.9,9654.61,0.2,948.0,D,U,0.7999999999999999
13/10/2003,9675.72,9814.97,9675.72,9764.38,-5.329999999999927,49.11000000000058,-23.710000000000946,9661.863333333333,9655.173333333334,9626.83,9607.300000000001,9674.68,9680.01,9630.9,0.2,949.0,U,U,0.7999999999999999
14/10/2003,9763.27,9833.42,9696.9,9812.98,89.69999999999891,-5.329999999999927,49.11000000000058,9706.356666666667,9661.863333333333,9655.173333333334,9626.83,9764.38,9674.68,9680.01,0.2,950.0,U,U,0.7999999999999999
15/10/2003,9824.09,9901.64,9731.57,9803.05,48.600000000000364,89.69999999999891,-5.329999999999927,9750.679999999998,9706.356666666667,9661.863333333333,9655.173333333334,9812.98,9764.38,9674.68,0.3333333333333333,951.0,D,U,0.6666666666666666
16/10/2003,9798.68,9838.53,9679.13,9791.72,-9.930000000000291,48.600000000000364,89.69999999999891,9793.47,9750.679999999998,9706.356666666667,9661.863333333333,9803.05,9812.98,9764.38,0.39999999999999997,952.0,D,U,0.6
17/10/2003,9791.86,9833.12,9679.72,9721.79,-11.329999999999927,-9.930000000000291,48.600000000000364,9802.583333333334,9793.47,9750.679999999998,9706.356666666667,9791.72,9803.05,9812.98,0.5333333333333333,953.0,D,D,0.4666666666666666
20/10/2003,9721.5,9816.97,9665.35,9777.94,-69.92999999999847,-11.329999999999927,-9.930000000000291,9772.186666666666,9802.583333333334,9793.47,9750.679999999998,9721.79,9791.72,9803.05,0.6,954.0,U,D,0.39999999999999997
21/10/2003,9778.31,9824.9,9697.94,9747.64,56.149999999999636,-69.92999999999847,-11.329999999999927,9763.816666666668,9772.186666666666,9802.583333333334,9793.47,9777.94,9721.79,9791.72,0.5333333333333333,955.0,D,D,0.4666666666666666
22/10/2003,9741.98,9741.98,9551.65,9598.24,-30.30000000000109,56.149999999999636,-69.92999999999847,9749.123333333335,9763.816666666668,9772.186666666666,9802.583333333334,9747.64,9777.94,9721.79,0.4666666666666666,956.0,D,U,0.5333333333333333
23/10/2003,9597.2,9661.05,9517.5,9613.13,-149.39999999999964,-30.30000000000109,56.149999999999636,9707.94,9749.123333333335,9763.816666666668,9772.186666666666,9598.24,9747.64,9777.94,0.39999999999999997,957.0,U,U,0.6
24/10/2003,9600.98,9631.5,9463.28,9582.46,14.889999999999418,-149.39999999999964,-30.30000000000109,9653.003333333332,9707.94,9749.123333333335,9763.816666666668,9613.13,9598.24,9747.64,0.26666666666666666,958.0,D,U,0.7333333333333333
27/10/2003,9584.54,9696.98,9553.8,9608.16,-30.670000000000073,14.889999999999418,-149.39999999999964,9597.943333333333,9653.003333333332,9707.94,9749.123333333335,9582.46,9613.13,9598.24,0.3333333333333333,959.0,U,U,0.6666666666666666
28/10/2003,9609.72,9769.57,9592.54,9748.31,25.700000000000728,-30.670000000000073,14.889999999999418,9601.249999999998,9597.943333333333,9653.003333333332,9707.94,9608.16,9582.46,9613.13,0.26666666666666666,960.0,U,U,0.7333333333333333
29/10/2003,9747.05,9830.23,9663.27,9774.53,140.14999999999964,25.700000000000728,-30.670000000000073,9646.31,9601.249999999998,9597.943333333333,9653.003333333332,9748.31,9608.16,9582.46,0.26666666666666666,961.0,U,U,0.7333333333333333
30/10/2003,9772.01,9882.97,9719.2,9786.61,26.220000000001164,140.14999999999964,25.700000000000728,9710.333333333334,9646.31,9601.249999999998,9597.943333333333,9774.53,9748.31,9608.16,0.2,962.0,U,U,0.7999999999999999
31/10/2003,9786.75,9880.08,9745.94,9801.12,12.079999999999927,26.220000000001164,140.14999999999964,9769.816666666668,9710.333333333334,9646.31,9601.249999999998,9786.61,9774.53,9748.31,0.39999999999999997,963.0,U,U,0.6
03/11/2003,9802.46,9936.31,9792.6,9858.46,14.510000000000218,12.079999999999927,26.220000000001164,9787.42,9769.816666666668,9710.333333333334,9646.31,9801.12,9786.61,9774.53,0.4666666666666666,964.0,U,U,0.5333333333333333
04/11/2003,9857.49,9905.94,9770.46,9838.83,57.33999999999833,14.510000000000218,12.079999999999927,9815.396666666667,9787.42,9769.816666666668,9710.333333333334,9858.46,9801.12,9786.61,0.6666666666666666,965.0,D,D,0.3333333333333333
05/11/2003,9837.64,9883.86,9746.98,9820.83,-19.6299999999992,57.33999999999833,14.510000000000218,9832.803333333335,9815.396666666667,9787.42,9769.816666666668,9838.83,9858.46,9801.12,0.6666666666666666,966.0,D,D,0.3333333333333333
06/11/2003,9820.68,9888.9,9738.53,9856.97,-18.0,-19.6299999999992,57.33999999999833,9839.373333333335,9832.803333333335,9815.396666666667,9787.42,9820.83,9838.83,9858.46,0.6666666666666666,967.0,U,D,0.3333333333333333
07/11/2003,9857.12,9945.71,9770.31,9809.79,36.13999999999942,-18.0,-19.6299999999992,9838.876666666665,9839.373333333335,9832.803333333335,9815.396666666667,9856.97,9820.83,9838.83,0.6,968.0,D,D,0.39999999999999997
10/11/2003,9807.49,9861.05,9702.46,9756.53,-47.17999999999847,36.13999999999942,-18.0,9829.196666666667,9838.876666666665,9839.373333333335,9832.803333333335,9809.79,9856.97,9820.83,0.5333333333333333,969.0,D,D,0.4666666666666666
11/11/2003,9756.53,9801.21,9673.64,9737.79,-53.26000000000022,-47.17999999999847,36.13999999999942,9807.763333333334,9829.196666666667,9838.876666666665,9839.373333333335,9756.53,9809.79,9856.97,0.5333333333333333,970.0,D,D,0.4666666666666666
12/11/2003,9729.5,9882.6,9700.02,9848.83,-18.73999999999978,-53.26000000000022,-47.17999999999847,9768.036666666667,9807.763333333334,9829.196666666667,9838.876666666665,9737.79,9756.53,9809.79,0.5333333333333333,971.0,U,D,0.4666666666666666
13/11/2003,9846.97,9895.71,9740.53,9837.94,111.03999999999905,-18.73999999999978,-53.26000000000022,9781.050000000001,9768.036666666667,9807.763333333334,9829.196666666667,9848.83,9737.79,9756.53,0.4666666666666666,972.0,D,U,0.5333333333333333
14/11/2003,9836.46,9919.19,9709.13,9768.68,-10.889999999999418,111.03999999999905,-18.73999999999978,9808.186666666668,9781.050000000001,9768.036666666667,9807.763333333334,9837.94,9848.83,9737.79,0.7333333333333333,973.0,D,D,0.26666666666666666
17/11/2003,9765.64,9775.35,9603.57,9710.83,-69.26000000000022,-10.889999999999418,111.03999999999905,9818.483333333334,9808.186666666668,9781.050000000001,9768.036666666667,9768.68,9837.94,9848.83,0.4666666666666666,974.0,D,U,0.5333333333333333
18/11/2003,9711.44,9792.16,9601.35,9624.16,-57.850000000000364,-69.26000000000022,-10.889999999999418,9772.483333333335,9818.483333333334,9808.186666666668,9781.050000000001,9710.83,9768.68,9837.94,0.4666666666666666,975.0,D,U,0.5333333333333333
19/11/2003,9620.68,9731.94,9584.31,9690.46,-86.67000000000007,-57.850000000000364,-69.26000000000022,9701.223333333333,9772.483333333335,9818.483333333334,9808.186666666668,9624.16,9710.83,9768.68,0.5333333333333333,976.0,U,D,0.4666666666666666
20/11/2003,9688.46,9756.09,9576.91,9619.42,66.29999999999927,-86.67000000000007,-57.850000000000364,9675.15,9701.223333333333,9772.483333333335,9818.483333333334,9690.46,9624.16,9710.83,0.39999999999999997,977.0,D,U,0.6
21/11/2003,9622.02,9692.53,9556.68,9628.53,-71.03999999999905,66.29999999999927,-86.67000000000007,9644.68,9675.15,9701.223333333333,9772.483333333335,9619.42,9690.46,9624.16,0.39999999999999997,978.0,U,U,0.6
24/11/2003,9629.87,9788.6,9629.87,9747.79,9.110000000000582,-71.03999999999905,66.29999999999927,9646.136666666665,9644.68,9675.15,9701.223333333333,9628.53,9619.42,9690.46,0.39999999999999997,979.0,U,U,0.6
25/11/2003,9748.68,9821.94,9679.13,9763.94,119.26000000000022,9.110000000000582,-71.03999999999905,9665.246666666668,9646.136666666665,9644.68,9675.15,9747.79,9628.53,9619.42,0.39999999999999997,980.0,U,U,0.6
26/11/2003,9763.49,9838.01,9689.05,9779.57,16.149999999999636,119.26000000000022,9.110000000000582,9713.42,9665.246666666668,9646.136666666665,9644.68,9763.94,9747.79,9628.53,0.26666666666666666,981.0,U,U,0.7333333333333333
28/11/2003,9779.72,9832.16,9733.2,9782.46,15.6299999999992,16.149999999999636,119.26000000000022,9763.766666666668,9713.42,9665.246666666668,9646.136666666665,9779.57,9763.94,9747.79,0.39999999999999997,982.0,U,U,0.6
01/12/2003,9785.35,9943.34,9777.64,9899.05,2.889999999999418,15.6299999999992,16.149999999999636,9775.323333333334,9763.766666666668,9713.42,9665.246666666668,9782.46,9779.57,9763.94,0.4666666666666666,983.0,U,U,0.5333333333333333
02/12/2003,9899.64,9936.97,9798.83,9853.64,116.59000000000015,2.889999999999418,15.6299999999992,9820.359999999999,9775.323333333334,9763.766666666668,9713.42,9899.05,9782.46,9779.57,0.6,984.0,D,D,0.39999999999999997
03/12/2003,9851.94,9974.45,9824.31,9873.42,-45.409999999999854,116.59000000000015,2.889999999999418,9845.05,9820.359999999999,9775.323333333334,9763.766666666668,9853.64,9899.05,9782.46,0.6,985.0,U,D,0.39999999999999997
04/12/2003,9874.83,9978.08,9814.97,9930.82,19.780000000000655,-45.409999999999854,116.59000000000015,9875.37,9845.05,9820.359999999999,9775.323333333334,9873.42,9853.64,9899.05,0.6666666666666666,986.0,U,D,0.3333333333333333
05/12/2003,9923.27,9954.16,9819.05,9862.68,57.399999999999636,19.780000000000655,-45.409999999999854,9885.96,9875.37,9845.05,9820.359999999999,9930.82,9873.42,9853.64,0.4666666666666666,987.0,D,U,0.5333333333333333
08/12/2003,9862.01,9997.34,9824.83,9965.27,-68.13999999999942,57.399999999999636,19.780000000000655,9888.973333333333,9885.96,9875.37,9845.05,9862.68,9930.82,9873.42,0.6,988.0,U,D,0.39999999999999997
09/12/2003,9966.45,10048.75,9887.57,9923.42,102.59000000000015,-68.13999999999942,57.399999999999636,9919.59,9888.973333333333,9885.96,9875.37,9965.27,9862.68,9930.82,0.4666666666666666,989.0,D,U,0.5333333333333333
10/12/2003,9922.38,10000.53,9848.97,9921.86,-41.850000000000364,102.59000000000015,-68.13999999999942,9917.123333333335,9919.59,9888.973333333333,9885.96,9923.42,9965.27,9862.68,0.7333333333333333,990.0,D,D,0.26666666666666666
11/12/2003,9922.45,10056.97,9896.16,10008.16,-1.5599999999994907,-41.850000000000364,102.59000000000015,9936.85,9917.123333333335,9919.59,9888.973333333333,9921.86,9923.42,9965.27,0.5333333333333333,991.0,U,D,0.4666666666666666
12/12/2003,10008.75,10091.71,9946.6,10042.16,86.29999999999927,-1.5599999999994907,-41.850000000000364,9951.146666666666,9936.85,9917.123333333335,9919.59,10008.16,9921.86,9923.42,0.6,992.0,U,D,0.39999999999999997
15/12/2003,10046.53,10180.97,9994.38,10022.82,34.0,86.29999999999927,-1.5599999999994907,9990.726666666667,9951.146666666666,9936.85,9917.123333333335,10042.16,10008.16,9921.86,0.5333333333333333,993.0,D,D,0.4666666666666666
16/12/2003,10023.34,10173.19,9986.23,10129.56,-19.340000000000146,34.0,86.29999999999927,10024.38,9990.726666666667,9951.146666666666,9936.85,10022.82,10042.16,10008.16,0.5333333333333333,994.0,U,D,0.4666666666666666
17/12/2003,10128.75,10186.67,10040.08,10145.26,106.73999999999978,-19.340000000000146,34.0,10064.846666666666,10024.38,9990.726666666667,9951.146666666666,10129.56,10022.82,10042.16,0.6,995.0,U,D,0.39999999999999997
18/12/2003,10141.41,10278.82,10117.78,10248.08,15.700000000000728,106.73999999999978,-19.340000000000146,10099.213333333333,10064.846666666666,10024.38,9990.726666666667,10145.26,10129.56,10022.82,0.26666666666666666,996.0,U,U,0.7333333333333333
19/12/2003,10249.48,10345.44,10189.63,10278.22,102.81999999999971,15.700000000000728,106.73999999999978,10174.300000000001,10099.213333333333,10064.846666666666,10024.38,10248.08,10145.26,10129.56,0.39999999999999997,997.0,U,U,0.6
22/12/2003,10276.48,10371.11,10216.08,10338.0,30.139999999999418,102.81999999999971,15.700000000000728,10223.853333333333,10174.300000000001,10099.213333333333,10064.846666666666,10278.22,10248.08,10145.26,0.4666666666666666,998.0,U,U,0.5333333333333333
23/12/2003,10337.56,10421.48,10265.71,10341.26,59.780000000000655,30.139999999999418,102.81999999999971,10288.1,10223.853333333333,10174.300000000001,10099.213333333333,10338.0,10278.22,10248.08,0.6666666666666666,999.0,U,D,0.3333333333333333
24/12/2003,10341.41,10365.63,10263.04,10305.19,3.2600000000002183,59.780000000000655,30.139999999999418,10319.160000000002,10288.1,10223.853333333333,10174.300000000001,10341.26,10338.0,10278.22,0.6,1000.0,D,D,0.39999999999999997
26/12/2003,10305.85,10368.89,10282.22,10324.67,-36.06999999999971,3.2600000000002183,59.780000000000655,10328.150000000001,10319.160000000002,10288.1,10223.853333333333,10305.19,10341.26,10338.0,0.39999999999999997,1001.0,U,U,0.6
29/12/2003,10321.35,10457.78,10319.7,10450.0,19.479999999999563,-36.06999999999971,3.2600000000002183,10323.706666666667,10328.150000000001,10319.160000000002,10288.1,10324.67,10305.19,10341.26,0.3333333333333333,1002.0,U,U,0.6666666666666666
30/12/2003,10449.7,10493.11,10374.52,10425.04,125.32999999999993,19.479999999999563,-36.06999999999971,10359.953333333333,10323.706666666667,10328.150000000001,10319.160000000002,10450.0,10324.67,10305.19,0.4666666666666666,1003.0,D,U,0.5333333333333333
31/12/2003,10426.3,10494.44,10382.89,10453.92,-24.959999999999127,125.32999999999993,19.479999999999563,10399.903333333334,10359.953333333333,10323.706666666667,10328.150000000001,10425.04,10450.0,10324.67,0.7333333333333333,1004.0,U,D,0.26666666666666666
02/01/2004,10452.74,10554.96,10367.41,10409.85,28.8799999999992,-24.959999999999127,125.32999999999993,10442.986666666666,10399.903333333334,10359.953333333333,10323.706666666667,10453.92,10425.04,10450.0,0.4666666666666666,1005.0,D,U,0.5333333333333333
05/01/2004,10411.85,10575.92,10411.85,10544.07,-44.06999999999971,28.8799999999992,-24.959999999999127,10429.603333333333,10442.986666666666,10399.903333333334,10359.953333333333,10409.85,10453.92,10425.04,0.39999999999999997,1006.0,U,U,0.6
06/01/2004,10543.85,10584.07,10454.37,10538.66,134.21999999999935,-44.06999999999971,28.8799999999992,10469.28,10429.603333333333,10442.986666666666,10399.903333333334,10544.07,10409.85,10453.92,0.6,1007.0,D,D,0.39999999999999997
07/01/2004,10535.46,10587.55,10432.0,10529.03,-5.4099999999998545,134.21999999999935,-44.06999999999971,10497.526666666667,10469.28,10429.603333333333,10442.986666666666,10538.66,10544.07,10409.85,0.5333333333333333,1008.0,D,D,0.4666666666666666
08/01/2004,10530.07,10651.99,10480.59,10592.44,-9.6299999999992,-5.4099999999998545,134.21999999999935,10537.253333333334,10497.526666666667,10469.28,10429.603333333333,10529.03,10538.66,10544.07,0.39999999999999997,1009.0,U,U,0.6
09/01/2004,10589.25,10603.48,10420.52,10458.89,63.409999999999854,-9.6299999999992,-5.4099999999998545,10553.376666666669,10537.253333333334,10497.526666666667,10469.28,10592.44,10529.03,10538.66,0.2,1010.0,D,U,0.7999999999999999
12/01/2004,10461.55,10543.03,10389.85,10485.18,-133.5500000000011,63.409999999999854,-9.6299999999992,10526.786666666667,10553.376666666669,10537.253333333334,10497.526666666667,10458.89,10592.44,10529.03,0.4666666666666666,1011.0,U,U,0.5333333333333333
13/01/2004,10485.18,10539.25,10341.19,10427.18,26.290000000000873,-133.5500000000011,63.409999999999854,10512.17,10526.786666666667,10553.376666666669,10537.253333333334,10485.18,10458.89,10592.44,0.2,1012.0,D,U,0.7999999999999999
14/01/2004,10428.67,10573.85,10426.89,10538.37,-58.0,26.290000000000873,-133.5500000000011,10457.083333333334,10512.17,10526.786666666667,10553.376666666669,10427.18,10485.18,10458.89,0.3333333333333333,1013.0,U,U,0.6666666666666666
15/01/2004,10534.52,10639.03,10454.52,10553.85,111.19000000000051,-58.0,26.290000000000873,10483.576666666668,10457.083333333334,10512.17,10526.786666666667,10538.37,10427.18,10485.18,0.39999999999999997,1014.0,U,U,0.6
16/01/2004,10556.37,10666.88,10503.7,10600.51,15.479999999999563,111.19000000000051,-58.0,10506.466666666667,10483.576666666668,10457.083333333334,10512.17,10553.85,10538.37,10427.18,0.6,1015.0,U,D,0.39999999999999997
20/01/2004,10601.4,10676.96,10447.92,10528.66,46.659999999999854,15.479999999999563,111.19000000000051,10564.243333333334,10506.466666666667,10483.576666666668,10457.083333333334,10600.51,10553.85,10538.37,0.3333333333333333,1016.0,D,U,0.6666666666666666
21/01/2004,10522.77,10665.7,10453.11,10623.62,-71.85000000000036,46.659999999999854,15.479999999999563,10561.006666666666,10564.243333333334,10506.466666666667,10483.576666666668,10528.66,10600.51,10553.85,0.4666666666666666,1017.0,U,U,0.5333333333333333
22/01/2004,10624.22,10717.4,10545.03,10623.18,94.96000000000095,-71.85000000000036,46.659999999999854,10584.263333333334,10561.006666666666,10564.243333333334,10506.466666666667,10623.62,10528.66,10600.51,0.4666666666666666,1018.0,D,U,0.5333333333333333
23/01/2004,10625.25,10691.77,10490.14,10568.29,-0.4400000000005093,94.96000000000095,-71.85000000000036,10591.82,10584.263333333334,10561.006666666666,10564.243333333334,10623.18,10623.62,10528.66,0.3333333333333333,1019.0,D,U,0.6666666666666666
26/01/2004,10568.0,10725.18,10510.44,10702.51,-54.88999999999942,-0.4400000000005093,94.96000000000095,10605.03,10591.82,10584.263333333334,10561.006666666666,10568.29,10623.18,10623.62,0.39999999999999997,1020.0,U,U,0.6
27/01/2004,10701.1,10748.81,10579.33,10609.92,134.21999999999935,-54.88999999999942,-0.4400000000005093,10631.326666666668,10605.03,10591.82,10584.263333333334,10702.51,10568.29,10623.18,0.6666666666666666,1021.0,D,D,0.3333333333333333
28/01/2004,10610.07,10703.25,10412.44,10468.37,-92.59000000000015,134.21999999999935,-54.88999999999942,10626.906666666668,10631.326666666668,10605.03,10591.82,10609.92,10702.51,10568.29,0.6,1022.0,D,D,0.39999999999999997
29/01/2004,10467.41,10611.56,10369.92,10510.29,-141.54999999999927,-92.59000000000015,134.21999999999935,10593.6,10626.906666666668,10631.326666666668,10605.03,10468.37,10609.92,10702.51,0.6,1023.0,U,D,0.39999999999999997
30/01/2004,10510.22,10551.03,10385.56,10488.07,41.92000000000007,-141.54999999999927,-92.59000000000015,10529.526666666667,10593.6,10626.906666666668,10631.326666666668,10510.29,10468.37,10609.92,0.4666666666666666,1024.0,D,U,0.5333333333333333
02/02/2004,10487.78,10614.44,10395.55,10499.18,-22.220000000001164,41.92000000000007,-141.54999999999927,10488.910000000002,10529.526666666667,10593.6,10626.906666666668,10488.07,10510.29,10468.37,0.39999999999999997,1025.0,U,U,0.6
03/02/2004,10499.48,10571.48,10414.15,10505.18,11.110000000000582,-22.220000000001164,41.92000000000007,10499.18,10488.910000000002,10529.526666666667,10593.6,10499.18,10488.07,10510.29,0.2,1026.0,U,U,0.7999999999999999
04/02/2004,10503.11,10567.85,10394.81,10470.74,6.0,11.110000000000582,-22.220000000001164,10497.476666666667,10499.18,10488.910000000002,10529.526666666667,10505.18,10499.18,10488.07,0.39999999999999997,1027.0,D,U,0.6
05/02/2004,10469.33,10566.37,10399.92,10495.55,-34.44000000000051,6.0,11.110000000000582,10491.699999999999,10497.476666666667,10499.18,10488.910000000002,10470.74,10505.18,10499.18,0.3333333333333333,1028.0,U,U,0.6666666666666666
06/02/2004,10494.89,10634.81,10433.7,10593.03,24.80999999999949,-34.44000000000051,6.0,10490.49,10491.699999999999,10497.476666666667,10499.18,10495.55,10470.74,10505.18,0.2,1029.0,U,U,0.7999999999999999
09/02/2004,10592.0,10634.81,10433.7,10579.03,97.48000000000138,24.80999999999949,-34.44000000000051,10519.773333333333,10490.49,10491.699999999999,10497.476666666667,10593.03,10495.55,10470.74,0.3333333333333333,1030.0,D,U,0.6666666666666666
10/02/2004,10578.74,10667.03,10511.18,10613.85,-14.0,97.48000000000138,24.80999999999949,10555.87,10519.773333333333,10490.49,10491.699999999999,10579.03,10593.03,10495.55,0.2,1031.0,U,U,0.7999999999999999
11/02/2004,10605.48,10779.4,10561.55,10737.7,34.81999999999971,-14.0,97.48000000000138,10595.303333333335,10555.87,10519.773333333333,10490.49,10613.85,10579.03,10593.03,0.39999999999999997,1032.0,U,U,0.6
12/02/2004,10735.18,10775.03,10636.44,10694.07,123.85000000000036,34.81999999999971,-14.0,10643.526666666667,10595.303333333335,10555.87,10519.773333333333,10737.7,10613.85,10579.03,0.4666666666666666,1033.0,D,U,0.5333333333333333
13/02/2004,10696.22,10755.47,10578.66,10627.85,-43.63000000000102,123.85000000000036,34.81999999999971,10681.873333333335,10643.526666666667,10595.303333333335,10555.87,10694.07,10737.7,10613.85,0.4666666666666666,1034.0,D,U,0.5333333333333333
17/02/2004,10628.88,10762.07,10628.88,10714.88,-66.21999999999935,-43.63000000000102,123.85000000000036,10686.54,10681.873333333335,10643.526666666667,10595.303333333335,10627.85,10694.07,10737.7,0.39999999999999997,1035.0,U,U,0.6
18/02/2004,10706.68,10764.36,10623.62,10671.99,87.02999999999884,-66.21999999999935,-43.63000000000102,10678.933333333332,10686.54,10681.873333333335,10643.526666666667,10714.88,10627.85,10694.07,0.39999999999999997,1036.0,D,U,0.6
19/02/2004,10674.59,10794.95,10626.44,10664.73,-42.88999999999942,87.02999999999884,-66.21999999999935,10671.573333333334,10678.933333333332,10686.54,10681.873333333335,10671.99,10714.88,10627.85,0.4666666666666666,1037.0,D,U,0.5333333333333333
20/02/2004,10666.29,10722.77,10559.11,10619.03,-7.260000000000218,-42.88999999999942,87.02999999999884,10683.866666666667,10671.573333333334,10678.933333333332,10686.54,10664.73,10671.99,10714.88,0.39999999999999997,1038.0,D,U,0.6
23/02/2004,10619.55,10711.84,10508.89,10609.62,-45.69999999999891,-7.260000000000218,-42.88999999999942,10651.916666666666,10683.866666666667,10671.573333333334,10678.933333333332,10619.03,10664.73,10671.99,0.6,1039.0,D,D,0.39999999999999997
24/02/2004,10609.55,10681.4,10479.33,10566.37,-9.409999999999854,-45.69999999999891,-7.260000000000218,10631.126666666669,10651.916666666666,10683.866666666667,10671.573333333334,10609.62,10619.03,10664.73,0.6,1040.0,D,D,0.39999999999999997
25/02/2004,10566.59,10660.73,10509.4,10601.62,-43.25,-9.409999999999854,-45.69999999999891,10598.340000000002,10631.126666666669,10651.916666666666,10683.866666666667,10566.37,10609.62,10619.03,0.4666666666666666,1041.0,U,U,0.5333333333333333
26/02/2004,10598.14,10652.96,10493.7,10580.14,35.25,-43.25,-9.409999999999854,10592.536666666667,10598.340000000002,10631.126666666669,10651.916666666666,10601.62,10566.37,10609.62,0.5333333333333333,1042.0,D,D,0.4666666666666666
27/02/2004,10581.55,10689.55,10519.03,10583.92,-21.480000000001382,35.25,-43.25,10582.710000000001,10592.536666666667,10598.340000000002,10631.126666666669,10580.14,10601.62,10566.37,0.39999999999999997,1043.0,U,U,0.6
01/03/2004,10582.25,10720.14,10568.74,10678.14,3.780000000000655,-21.480000000001382,35.25,10588.56,10582.710000000001,10592.536666666667,10598.340000000002,10583.92,10580.14,10601.62,0.6,1044.0,U,D,0.39999999999999997
02/03/2004,10678.36,10713.92,10539.4,10591.48,94.21999999999935,3.780000000000655,-21.480000000001382,10614.066666666666,10588.56,10582.710000000001,10592.536666666667,10678.14,10583.92,10580.14,0.6,1045.0,D,D,0.39999999999999997
03/03/2004,10588.59,10651.03,10506.66,10593.11,-86.65999999999985,94.21999999999935,3.780000000000655,10617.846666666666,10614.066666666666,10588.56,10582.710000000001,10591.48,10678.14,10583.92,0.4666666666666666,1046.0,U,U,0.5333333333333333
04/03/2004,10593.48,10645.33,10522.59,10588.0,1.6300000000010186,-86.65999999999985,94.21999999999935,10620.91,10617.846666666666,10614.066666666666,10588.56,10593.11,10591.48,10678.14,0.4666666666666666,1047.0,D,U,0.5333333333333333
05/03/2004,10582.59,10681.4,10497.11,10595.55,-5.110000000000582,1.6300000000010186,-86.65999999999985,10590.863333333333,10620.91,10617.846666666666,10614.066666666666,10588.0,10593.11,10591.48,0.4666666666666666,1048.0,U,U,0.5333333333333333
08/03/2004,10595.37,10677.85,10505.85,10529.48,7.549999999999272,-5.110000000000582,1.6300000000010186,10592.22,10590.863333333333,10620.91,10617.846666666666,10595.55,10588.0,10593.11,0.4666666666666666,1049.0,D,U,0.5333333333333333
09/03/2004,10529.52,10567.03,10391.48,10456.96,-66.06999999999971,7.549999999999272,-5.110000000000582,10571.01,10592.22,10590.863333333333,10620.91,10529.48,10595.55,10588.0,0.4666666666666666,1050.0,D,U,0.5333333333333333
10/03/2004,10457.59,10523.11,10259.34,10296.89,-72.52000000000044,-66.06999999999971,7.549999999999272,10527.33,10571.01,10592.22,10590.863333333333,10456.96,10529.48,10595.55,0.7333333333333333,1051.0,D,D,0.26666666666666666
11/03/2004,10288.85,10356.22,10102.75,10128.38,-160.0699999999997,-72.52000000000044,-66.06999999999971,10427.776666666667,10527.33,10571.01,10592.22,10296.89,10456.96,10529.48,0.3333333333333333,1052.0,D,U,0.6666666666666666
12/03/2004,10130.67,10281.63,10097.04,10240.08,-168.51000000000022,-160.0699999999997,-72.52000000000044,10294.076666666666,10427.776666666667,10527.33,10571.01,10128.38,10296.89,10456.96,0.3333333333333333,1053.0,U,U,0.6666666666666666
15/03/2004,10238.45,10252.68,10066.08,10102.89,111.70000000000073,-168.51000000000022,-160.0699999999997,10221.783333333333,10294.076666666666,10427.776666666667,10527.33,10240.08,10128.38,10296.89,0.4666666666666666,1054.0,D,U,0.5333333333333333
16/03/2004,10103.41,10253.26,10085.34,10184.67,-137.1900000000005,111.70000000000073,-168.51000000000022,10157.116666666667,10221.783333333333,10294.076666666666,10427.776666666667,10102.89,10240.08,10128.38,0.39999999999999997,1055.0,U,U,0.6
17/03/2004,10184.3,10356.59,10184.3,10300.3,81.78000000000065,-137.1900000000005,111.70000000000073,10175.88,10157.116666666667,10221.783333333333,10294.076666666666,10184.67,10102.89,10240.08,0.6,1056.0,U,D,0.39999999999999997
18/03/2004,10298.96,10355.04,10187.78,10295.78,115.6299999999992,81.78000000000065,-137.1900000000005,10195.953333333333,10175.88,10157.116666666667,10221.783333333333,10300.3,10184.67,10102.89,0.39999999999999997,1057.0,D,U,0.6
19/03/2004,10295.85,10355.41,10163.71,10186.6,-4.519999999998618,115.6299999999992,81.78000000000065,10260.25,10195.953333333333,10175.88,10157.116666666667,10295.78,10300.3,10184.67,0.6666666666666666,1058.0,D,D,0.3333333333333333
22/03/2004,10185.93,10185.93,9985.19,10064.75,-109.18000000000029,-4.519999999998618,115.6299999999992,10260.893333333333,10260.25,10195.953333333333,10175.88,10186.6,10295.78,10300.3,0.5333333333333333,1059.0,D,D,0.4666666666666666
23/03/2004,10066.67,10177.04,10020.75,10063.64,-121.85000000000036,-109.18000000000029,-4.519999999998618,10182.376666666667,10260.893333333333,10260.25,10195.953333333333,10064.75,10186.6,10295.78,0.6,1060.0,D,D,0.39999999999999997
24/03/2004,10065.41,10140.23,9975.86,10048.23,-1.110000000000582,-121.85000000000036,-109.18000000000029,10104.996666666666,10182.376666666667,10260.893333333333,10260.25,10063.64,10064.75,10186.6,0.5333333333333333,1061.0,D,D,0.4666666666666666
25/03/2004,10049.56,10246.15,10049.56,10218.82,-15.409999999999854,-1.110000000000582,-121.85000000000036,10058.873333333333,10104.996666666666,10182.376666666667,10260.893333333333,10048.23,10063.64,10064.75,0.4666666666666666,1062.0,U,U,0.5333333333333333
26/03/2004,10218.37,10306.22,10145.63,10212.97,170.59000000000015,-15.409999999999854,-1.110000000000582,10110.23,10058.873333333333,10104.996666666666,10182.376666666667,10218.82,10048.23,10063.64,0.4666666666666666,1063.0,D,U,0.5333333333333333
29/03/2004,10212.91,10389.93,10212.91,10329.63,-5.850000000000364,170.59000000000015,-15.409999999999854,10160.006666666666,10110.23,10058.873333333333,10104.996666666666,10212.97,10218.82,10048.23,0.2,1064.0,U,U,0.7999999999999999
30/03/2004,10327.63,10411.41,10264.15,10381.7,116.65999999999985,-5.850000000000364,170.59000000000015,10253.806666666665,10160.006666666666,10110.23,10058.873333333333,10329.63,10212.97,10218.82,0.39999999999999997,1065.0,U,U,0.6
31/03/2004,10380.89,10428.59,10287.11,10357.7,52.07000000000153,116.65999999999985,-5.850000000000364,10308.1,10253.806666666665,10160.006666666666,10110.23,10381.7,10329.63,10212.97,0.6666666666666666,1066.0,D,D,0.3333333333333333
01/04/2004,10357.52,10449.33,10299.48,10373.33,-24.0,52.07000000000153,116.65999999999985,10356.343333333334,10308.1,10253.806666666665,10160.006666666666,10357.7,10381.7,10329.63,0.39999999999999997,1067.0,U,U,0.6
02/04/2004,10375.33,10548.74,10375.33,10470.59,15.6299999999992,-24.0,52.07000000000153,10370.910000000002,10356.343333333334,10308.1,10253.806666666665,10373.33,10357.7,10381.7,0.26666666666666666,1068.0,U,U,0.7333333333333333
05/04/2004,10470.59,10582.22,10423.33,10558.37,97.26000000000022,15.6299999999992,-24.0,10400.539999999999,10370.910000000002,10356.343333333334,10308.1,10470.59,10373.33,10357.7,0.4666666666666666,1069.0,U,U,0.5333333333333333
06/04/2004,10553.76,10596.37,10467.26,10570.81,87.78000000000065,97.26000000000022,15.6299999999992,10467.43,10400.539999999999,10370.910000000002,10356.343333333334,10558.37,10470.59,10373.33,0.6,1070.0,U,D,0.39999999999999997
07/04/2004,10569.26,10580.51,10422.74,10480.15,12.43999999999869,87.78000000000065,97.26000000000022,10533.256666666666,10467.43,10400.539999999999,10370.910000000002,10570.81,10558.37,10470.59,0.4666666666666666,1071.0,D,U,0.5333333333333333
08/04/2004,10482.77,10590.15,10383.84,10442.03,-90.65999999999985,12.43999999999869,87.78000000000065,10536.443333333335,10533.256666666666,10467.43,10400.539999999999,10480.15,10570.81,10558.37,0.4666666666666666,1072.0,D,U,0.5333333333333333
12/04/2004,10444.38,10559.28,10439.27,10515.56,-38.11999999999898,-90.65999999999985,12.43999999999869,10497.663333333332,10536.443333333335,10533.256666666666,10467.43,10442.03,10480.15,10570.81,0.26666666666666666,1073.0,U,U,0.7333333333333333
13/04/2004,10516.05,10572.13,10343.17,10381.28,73.52999999999884,-38.11999999999898,-90.65999999999985,10479.246666666666,10497.663333333332,10536.443333333335,10533.256666666666,10515.56,10442.03,10480.15,0.6,1074.0,D,D,0.39999999999999997
14/04/2004,10378.1,10453.39,10259.35,10377.95,-134.27999999999884,73.52999999999884,-38.11999999999898,10446.29,10479.246666666666,10497.663333333332,10536.443333333335,10381.28,10515.56,10442.03,0.3333333333333333,1075.0,D,U,0.6666666666666666
15/04/2004,10377.95,10481.21,10279.37,10397.46,-3.3299999999999272,-134.27999999999884,73.52999999999884,10424.93,10446.29,10479.246666666666,10497.663333333332,10377.95,10381.28,10515.56,0.3333333333333333,1076.0,U,U,0.6666666666666666
16/04/2004,10398.32,10500.57,10343.74,10451.97,19.5099999999984,-3.3299999999999272,-134.27999999999884,10385.563333333334,10424.93,10446.29,10479.246666666666,10397.46,10377.95,10381.28,0.3333333333333333,1077.0,U,U,0.6666666666666666
19/04/2004,10451.62,10501.79,10351.97,10437.85,54.51000000000022,19.5099999999984,-3.3299999999999272,10409.126666666665,10385.563333333334,10424.93,10446.29,10451.97,10397.46,10377.95,0.5333333333333333,1078.0,D,D,0.4666666666666666
20/04/2004,10437.85,10530.61,10297.39,10314.5,-14.119999999998981,54.51000000000022,19.5099999999984,10429.093333333332,10409.126666666665,10385.563333333334,10424.93,10437.85,10451.97,10397.46,0.4666666666666666,1079.0,D,U,0.5333333333333333
21/04/2004,10311.87,10398.53,10200.38,10317.27,-123.35000000000036,-14.119999999998981,54.51000000000022,10401.44,10429.093333333332,10409.126666666665,10385.563333333334,10314.5,10437.85,10451.97,0.4666666666666666,1080.0,U,U,0.5333333333333333
22/04/2004,10314.99,10529.12,10255.88,10461.2,2.7700000000004366,-123.35000000000036,-14.119999999998981,10356.539999999999,10401.44,10429.093333333332,10409.126666666665,10317.27,10314.5,10437.85,0.4666666666666666,1081.0,U,U,0.5333333333333333
23/04/2004,10463.11,10543.95,10362.97,10472.84,143.9300000000003,2.7700000000004366,-123.35000000000036,10364.323333333334,10356.539999999999,10401.44,10429.093333333332,10461.2,10317.27,10314.5,0.4666666666666666,1082.0,U,U,0.5333333333333333
26/04/2004,10472.91,10540.26,10396.75,10444.73,11.639999999999418,143.9300000000003,2.7700000000004366,10417.103333333334,10364.323333333334,10356.539999999999,10401.44,10472.84,10461.2,10317.27,0.7999999999999999,1083.0,D,D,0.2
27/04/2004,10445.38,10570.92,10410.52,10478.16,-28.110000000000582,11.639999999999418,143.9300000000003,10459.59,10417.103333333334,10364.323333333334,10356.539999999999,10444.73,10472.84,10461.2,0.6,1084.0,U,D,0.39999999999999997
28/04/2004,10476.67,10479.58,10301.65,10342.6,33.43000000000029,-28.110000000000582,11.639999999999418,10465.243333333334,10459.59,10417.103333333334,10364.323333333334,10478.16,10444.73,10472.84,0.3333333333333333,1085.0,D,U,0.6666666666666666
29/04/2004,10339.41,10443.81,10199.31,10272.27,-135.5599999999995,33.43000000000029,-28.110000000000582,10421.83,10465.243333333334,10459.59,10417.103333333334,10342.6,10478.16,10444.73,0.3333333333333333,1086.0,D,U,0.6666666666666666
30/04/2004,10273.06,10374.61,10198.39,10225.57,-70.32999999999993,-135.5599999999995,33.43000000000029,10364.343333333334,10421.83,10465.243333333334,10459.59,10272.27,10342.6,10478.16,0.3333333333333333,1087.0,D,U,0.6666666666666666
03/05/2004,10227.27,10365.74,10199.67,10314.0,-46.70000000000073,-70.32999999999993,-135.5599999999995,10280.146666666667,10364.343333333334,10421.83,10465.243333333334,10225.57,10272.27,10342.6,0.3333333333333333,1088.0,U,U,0.6666666666666666
04/05/2004,10314.32,10403.14,10232.31,10317.2,88.43000000000029,-46.70000000000073,-70.32999999999993,10270.613333333333,10280.146666666667,10364.343333333334,10421.83,10314.0,10225.57,10272.27,0.4666666666666666,1089.0,U,U,0.5333333333333333
05/05/2004,10316.98,10382.98,10249.63,10310.95,3.2000000000007276,88.43000000000029,-46.70000000000073,10285.59,10270.613333333333,10280.146666666667,10364.343333333334,10317.2,10314.0,10225.57,0.6666666666666666,1090.0,D,D,0.3333333333333333
06/05/2004,10308.2,10332.1,10147.21,10241.26,-6.25,3.2000000000007276,88.43000000000029,10314.050000000001,10285.59,10270.613333333333,10280.146666666667,10310.95,10317.2,10314.0,0.3333333333333333,1091.0,D,U,0.6666666666666666
07/05/2004,10240.62,10302.93,10086.94,10117.34,-69.69000000000051,-6.25,3.2000000000007276,10289.803333333335,10314.050000000001,10285.59,10270.613333333333,10241.26,10310.95,10317.2,0.26666666666666666,1092.0,D,U,0.7333333333333333
10/05/2004,10116.28,10116.28,9881.86,9990.02,-123.92000000000007,-69.69000000000051,-6.25,10223.183333333332,10289.803333333335,10314.050000000001,10285.59,10117.34,10241.26,10310.95,0.5333333333333333,1093.0,D,D,0.4666666666666666
11/05/2004,9989.24,10092.78,9928.91,10019.47,-127.31999999999971,-123.92000000000007,-69.69000000000051,10116.206666666667,10223.183333333332,10289.803333333335,10314.050000000001,9990.02,10117.34,10241.26,0.3333333333333333,1094.0,U,U,0.6666666666666666
12/05/2004,10011.52,10089.87,9822.1,10045.16,29.44999999999891,-127.31999999999971,-123.92000000000007,10042.276666666667,10116.206666666667,10223.183333333332,10289.803333333335,10019.47,9990.02,10117.34,0.6,1095.0,U,D,0.39999999999999997
13/05/2004,10044.31,10100.24,9924.94,10010.74,25.69000000000051,29.44999999999891,-127.31999999999971,10018.216666666665,10042.276666666667,10116.206666666667,10223.183333333332,10045.16,10019.47,9990.02,0.39999999999999997,1096.0,D,U,0.6
14/05/2004,10008.43,10096.69,9912.45,10012.87,-34.42000000000007,25.69000000000051,29.44999999999891,10025.123333333331,10018.216666666665,10042.276666666667,10116.206666666667,10010.74,10045.16,10019.47,0.39999999999999997,1097.0,U,U,0.6
17/05/2004,10009.92,10009.92,9827.21,9906.91,2.1300000000010186,-34.42000000000007,25.69000000000051,10022.923333333334,10025.123333333331,10018.216666666665,10042.276666666667,10012.87,10010.74,10045.16,0.39999999999999997,1098.0,D,U,0.6
18/05/2004,9906.71,10028.27,9895.77,9968.51,-105.96000000000095,2.1300000000010186,-34.42000000000007,9976.84,10022.923333333334,10025.123333333331,10018.216666666665,9906.91,10012.87,10010.74,0.6,1099.0,U,D,0.39999999999999997
19/05/2004,9962.55,10124.79,9919.9,9937.71,61.600000000000364,-105.96000000000095,2.1300000000010186,9962.763333333334,9976.84,10022.923333333334,10025.123333333331,9968.51,9906.91,10012.87,0.6,1100.0,D,D,0.39999999999999997
20/05/2004,9939.12,10014.5,9867.73,9937.64,-30.80000000000109,61.600000000000364,-105.96000000000095,9937.71,9962.763333333334,9976.84,10022.923333333334,9937.71,9968.51,9906.91,0.6666666666666666,1101.0,D,D,0.3333333333333333
21/05/2004,9939.34,10058.5,9910.81,9966.74,-0.06999999999970896,-30.80000000000109,61.600000000000364,9947.953333333333,9937.71,9962.763333333334,9976.84,9937.64,9937.71,9968.51,0.6666666666666666,1102.0,U,D,0.3333333333333333
24/05/2004,9968.02,10084.91,9891.22,9958.43,29.100000000000364,-0.06999999999970896,-30.80000000000109,9947.363333333333,9947.953333333333,9937.71,9962.763333333334,9966.74,9937.64,9937.71,0.7333333333333333,1103.0,D,D,0.26666666666666666
25/05/2004,9958.08,10139.27,9895.41,10117.62,-8.30999999999949,29.100000000000364,-0.06999999999970896,9954.269999999999,9947.363333333333,9947.953333333333,9937.71,9958.43,9966.74,9937.64,0.6666666666666666,1104.0,U,D,0.3333333333333333
26/05/2004,10116.84,10175.75,10034.16,10109.89,159.1900000000005,-8.30999999999949,29.100000000000364,10014.263333333334,9954.269999999999,9947.363333333333,9947.953333333333,10117.62,9958.43,9966.74,0.5333333333333333,1105.0,D,D,0.4666666666666666
27/05/2004,10109.89,10267.66,10106.13,10205.2,-7.730000000001382,159.1900000000005,-8.30999999999949,10061.980000000001,10014.263333333334,9954.269999999999,9947.363333333333,10109.89,10117.62,9958.43,0.3333333333333333,1106.0,U,U,0.6666666666666666
28/05/2004,10205.83,10250.27,10137.14,10188.45,95.31000000000131,-7.730000000001382,159.1900000000005,10144.236666666668,10061.980000000001,10014.263333333334,9954.269999999999,10205.2,10109.89,10117.62,0.3333333333333333,1107.0,D,U,0.6666666666666666
01/06/2004,10187.18,10254.17,10104.07,10202.65,-16.75,95.31000000000131,-7.730000000001382,10167.846666666666,10144.236666666668,10061.980000000001,10014.263333333334,10188.45,10205.2,10109.89,0.26666666666666666,1108.0,U,U,0.7333333333333333
02/06/2004,10199.78,10310.1,10170.57,10262.97,14.199999999998909,-16.75,95.31000000000131,10198.766666666668,10167.846666666666,10144.236666666668,10061.980000000001,10202.65,10188.45,10205.2,0.6666666666666666,1109.0,U,D,0.3333333333333333
03/06/2004,10261.85,10309.46,10163.4,10195.91,60.31999999999971,14.199999999998909,-16.75,10218.023333333333,10198.766666666668,10167.846666666666,10144.236666666668,10262.97,10202.65,10188.45,0.5333333333333333,1110.0,D,D,0.4666666666666666
04/06/2004,10196.83,10327.84,10196.83,10242.82,-67.05999999999949,60.31999999999971,14.199999999998909,10220.51,10218.023333333333,10198.766666666668,10167.846666666666,10195.91,10262.97,10202.65,0.4666666666666666,1111.0,U,U,0.5333333333333333
07/06/2004,10243.31,10410.81,10243.31,10391.08,46.909999999999854,-67.05999999999949,60.31999999999971,10233.9,10220.51,10218.023333333333,10198.766666666668,10242.82,10195.91,10262.97,0.6,1112.0,U,D,0.39999999999999997
08/06/2004,10389.41,10462.97,10323.94,10432.52,148.26000000000022,46.909999999999854,-67.05999999999949,10276.603333333333,10233.9,10220.51,10218.023333333333,10391.08,10242.82,10195.91,0.6,1113.0,U,D,0.39999999999999997
09/06/2004,10431.1,10466.59,10325.07,10368.44,41.44000000000051,148.26000000000022,46.909999999999854,10355.473333333333,10276.603333333333,10233.9,10220.51,10432.52,10391.08,10242.82,0.7999999999999999,1114.0,D,D,0.2
10/06/2004,10367.8,10448.0,10333.94,10410.1,-64.07999999999993,41.44000000000051,148.26000000000022,10397.346666666666,10355.473333333333,10276.603333333333,10233.9,10368.44,10432.52,10391.08,0.39999999999999997,1115.0,U,U,0.6
14/06/2004,10401.23,10403.5,10283.48,10334.73,41.659999999999854,-64.07999999999993,41.44000000000051,10403.686666666666,10397.346666666666,10355.473333333333,10276.603333333333,10410.1,10368.44,10432.52,0.5333333333333333,1116.0,D,D,0.4666666666666666
15/06/2004,10336.51,10464.04,10319.89,10380.43,-75.3700000000008,41.659999999999854,-64.07999999999993,10371.09,10403.686666666666,10397.346666666666,10355.473333333333,10334.73,10410.1,10368.44,0.26666666666666666,1117.0,U,U,0.7333333333333333
16/06/2004,10380.23,10433.52,10320.6,10379.58,45.70000000000073,-75.3700000000008,41.659999999999854,10375.086666666668,10371.09,10403.686666666666,10397.346666666666,10380.43,10334.73,10410.1,0.3333333333333333,1118.0,D,U,0.6666666666666666
17/06/2004,10378.59,10417.69,10308.25,10377.52,-0.8500000000003638,45.70000000000073,-75.3700000000008,10364.913333333332,10375.086666666668,10371.09,10403.686666666666,10379.58,10380.43,10334.73,0.5333333333333333,1119.0,D,D,0.4666666666666666
18/06/2004,10375.82,10471.84,10328.2,10416.41,-2.0599999999994907,-0.8500000000003638,45.70000000000073,10379.176666666668,10364.913333333332,10375.086666666668,10371.09,10377.52,10379.58,10380.43,0.39999999999999997,1120.0,U,U,0.6
21/06/2004,10417.82,10471.76,10336.44,10371.47,38.88999999999942,-2.0599999999994907,-0.8500000000003638,10391.17,10379.176666666668,10364.913333333332,10375.086666666668,10416.41,10377.52,10379.58,0.39999999999999997,1121.0,D,U,0.6
22/06/2004,10370.21,10431.05,10284.24,10395.07,-44.94000000000051,38.88999999999942,-2.0599999999994907,10388.466666666667,10391.17,10379.176666666668,10364.913333333332,10371.47,10416.41,10377.52,0.5333333333333333,1122.0,U,D,0.4666666666666666
23/06/2004,10395.14,10498.67,10323.32,10479.57,23.600000000000364,-44.94000000000051,38.88999999999942,10394.316666666666,10388.466666666667,10391.17,10379.176666666668,10395.07,10371.47,10416.41,0.3333333333333333,1123.0,U,U,0.6666666666666666
24/06/2004,10477.43,10530.01,10398.16,10443.81,84.5,23.600000000000364,-44.94000000000051,10415.37,10394.316666666666,10388.466666666667,10391.17,10479.57,10395.07,10371.47,0.4666666666666666,1124.0,D,U,0.5333333333333333
25/06/2004,10444.24,10514.67,10329.88,10371.84,-35.76000000000022,84.5,23.600000000000364,10439.483333333332,10415.37,10394.316666666666,10388.466666666667,10443.81,10479.57,10395.07,0.6,1125.0,D,D,0.39999999999999997
28/06/2004,10377.52,10505.16,10317.64,10357.09,-71.96999999999935,-35.76000000000022,84.5,10431.74,10439.483333333332,10415.37,10394.316666666666,10371.84,10443.81,10479.57,0.5333333333333333,1126.0,D,D,0.4666666666666666
29/06/2004,10356.35,10460.25,10315.65,10413.43,-14.75,-71.96999999999935,-35.76000000000022,10390.913333333334,10431.74,10439.483333333332,10415.37,10357.09,10371.84,10443.81,0.39999999999999997,1127.0,U,U,0.6
30/06/2004,10413.43,10489.16,10348.98,10435.48,56.340000000000146,-14.75,-71.96999999999935,10380.786666666667,10390.913333333334,10431.74,10439.483333333332,10413.43,10357.09,10371.84,0.5333333333333333,1128.0,U,D,0.4666666666666666
01/07/2004,10434.0,10473.23,10255.55,10334.16,22.049999999999272,56.340000000000146,-14.75,10402.0,10380.786666666667,10390.913333333334,10431.74,10435.48,10413.43,10357.09,0.7333333333333333,1129.0,D,D,0.26666666666666666
02/07/2004,10334.0,10371.4,10228.71,10282.83,-101.31999999999971,22.049999999999272,56.340000000000146,10394.356666666667,10402.0,10380.786666666667,10390.913333333334,10334.16,10435.48,10413.43,0.39999999999999997,1130.0,D,U,0.6
06/07/2004,10280.26,10308.43,10163.6,10219.34,-51.32999999999993,-101.31999999999971,22.049999999999272,10350.823333333334,10394.356666666667,10402.0,10380.786666666667,10282.83,10334.16,10435.48,0.4666666666666666,1131.0,D,U,0.5333333333333333
07/07/2004,10211.92,10300.53,10156.45,10240.29,-63.48999999999978,-51.32999999999993,-101.31999999999971,10278.776666666667,10350.823333333334,10394.356666666667,10402.0,10219.34,10282.83,10334.16,0.3333333333333333,1132.0,U,U,0.6666666666666666
08/07/2004,10238.52,10297.73,10134.99,10171.56,20.950000000000728,-63.48999999999978,-51.32999999999993,10247.486666666666,10278.776666666667,10350.823333333334,10394.356666666667,10240.29,10219.34,10282.83,0.4666666666666666,1133.0,D,U,0.5333333333333333
09/07/2004,10173.12,10277.16,10150.32,10213.22,-68.73000000000138,20.950000000000728,-63.48999999999978,10210.396666666667,10247.486666666666,10278.776666666667,10350.823333333334,10171.56,10240.29,10219.34,0.6,1134.0,U,D,0.39999999999999997
12/07/2004,10211.75,10284.39,10130.42,10238.22,41.659999999999854,-68.73000000000138,20.950000000000728,10208.356666666667,10210.396666666667,10247.486666666666,10278.776666666667,10213.22,10171.56,10240.29,0.4666666666666666,1135.0,U,U,0.5333333333333333
13/07/2004,10238.37,10297.58,10188.45,10247.59,25.0,41.659999999999854,-68.73000000000138,10207.666666666666,10208.356666666667,10210.396666666667,10247.486666666666,10238.22,10213.22,10171.56,0.6666666666666666,1136.0,U,D,0.3333333333333333
14/07/2004,10232.84,10313.95,10129.31,10208.8,9.3700000000008,25.0,41.659999999999854,10233.01,10207.666666666666,10208.356666666667,10210.396666666667,10247.59,10238.22,10213.22,0.5333333333333333,1137.0,D,D,0.4666666666666666
15/07/2004,10208.2,10275.27,10115.81,10163.16,-38.79000000000087,9.3700000000008,25.0,10231.536666666665,10233.01,10207.666666666666,10208.356666666667,10208.8,10247.59,10238.22,0.5333333333333333,1138.0,D,D,0.4666666666666666
16/07/2004,10162.34,10289.4,10095.32,10139.78,-45.63999999999942,-38.79000000000087,9.3700000000008,10206.516666666666,10231.536666666665,10233.01,10207.666666666666,10163.16,10208.8,10247.59,0.6666666666666666,1139.0,D,D,0.3333333333333333
19/07/2004,10140.95,10211.6,10027.33,10094.06,-23.3799999999992,-45.63999999999942,-38.79000000000087,10170.58,10206.516666666666,10231.536666666665,10233.01,10139.78,10163.16,10208.8,0.6,1140.0,D,D,0.39999999999999997
20/07/2004,10094.43,10186.9,10031.24,10149.07,-45.720000000001164,-23.3799999999992,-45.63999999999942,10132.333333333334,10170.58,10206.516666666666,10231.536666666665,10094.06,10139.78,10163.16,0.5333333333333333,1141.0,U,D,0.4666666666666666
21/07/2004,10156.3,10279.96,10027.92,10046.13,55.01000000000022,-45.720000000001164,-23.3799999999992,10127.636666666667,10132.333333333334,10170.58,10206.516666666666,10149.07,10094.06,10139.78,0.7333333333333333,1142.0,D,D,0.26666666666666666
22/07/2004,10047.6,10114.41,9906.62,10050.33,-102.94000000000051,55.01000000000022,-45.720000000001164,10096.419999999998,10127.636666666667,10132.333333333334,10170.58,10046.13,10149.07,10094.06,0.39999999999999997,1143.0,U,U,0.6
23/07/2004,10045.46,10069.51,9893.93,9962.22,4.200000000000728,-102.94000000000051,55.01000000000022,10081.843333333332,10096.419999999998,10127.636666666667,10132.333333333334,10050.33,10046.13,10149.07,0.6,1144.0,D,D,0.39999999999999997
26/07/2004,9964.71,10054.32,9874.38,9961.92,-88.11000000000058,4.200000000000728,-102.94000000000051,10019.56,10081.843333333332,10096.419999999998,10127.636666666667,9962.22,10050.33,10046.13,0.5333333333333333,1145.0,D,D,0.4666666666666666
27/07/2004,9963.54,10133.95,9942.75,10085.14,-0.2999999999992724,-88.11000000000058,4.200000000000728,9991.49,10019.56,10081.843333333332,10096.419999999998,9961.92,9962.22,10050.33,0.3333333333333333,1146.0,U,U,0.6666666666666666
28/07/2004,10084.03,10170.31,9966.34,10117.07,123.21999999999935,-0.2999999999992724,-88.11000000000058,10003.093333333332,9991.49,10019.56,10081.843333333332,10085.14,9961.92,9962.22,0.6,1147.0,U,D,0.39999999999999997
29/07/2004,10115.52,10213.08,10049.74,10129.24,31.93000000000029,123.21999999999935,-0.2999999999992724,10054.71,10003.093333333332,9991.49,10019.56,10117.07,10085.14,9961.92,0.3333333333333333,1148.0,U,U,0.6666666666666666
30/07/2004,10129.12,10194.13,10045.76,10139.71,12.170000000000073,31.93000000000029,123.21999999999935,10110.483333333332,10054.71,10003.093333333332,9991.49,10129.24,10117.07,10085.14,0.3333333333333333,1149.0,U,U,0.6666666666666666
02/08/2004,10138.45,10224.29,10063.75,10179.16,10.469999999999345,12.170000000000073,31.93000000000029,10128.673333333332,10110.483333333332,10054.71,10003.093333333332,10139.71,10129.24,10117.07,0.2,1150.0,U,U,0.7999999999999999
03/08/2004,10178.27,10228.49,10064.57,10120.24,39.45000000000073,10.469999999999345,12.170000000000073,10149.369999999999,10128.673333333332,10110.483333333332,10054.71,10179.16,10139.71,10129.24,0.3333333333333333,1151.0,D,U,0.6666666666666666
04/08/2004,10117.96,10186.16,10029.02,10126.51,-58.92000000000007,39.45000000000073,10.469999999999345,10146.37,10149.369999999999,10128.673333333332,10110.483333333332,10120.24,10179.16,10139.71,0.3333333333333333,1152.0,U,U,0.6666666666666666
05/08/2004,10127.1,10158.44,9945.84,9963.03,6.270000000000437,-58.92000000000007,39.45000000000073,10141.970000000001,10146.37,10149.369999999999,10128.673333333332,10126.51,10120.24,10179.16,0.6666666666666666,1153.0,D,D,0.3333333333333333
06/08/2004,9960.67,9963.47,9767.54,9815.33,-163.47999999999956,6.270000000000437,-58.92000000000007,10069.926666666666,10141.970000000001,10146.37,10149.369999999999,9963.03,10126.51,10120.24,0.4666666666666666,1154.0,D,U,0.5333333333333333
09/08/2004,9816.14,9902.49,9773.74,9814.66,-147.70000000000073,-163.47999999999956,6.270000000000437,9968.29,10069.926666666666,10141.970000000001,10146.37,9815.33,9963.03,10126.51,0.39999999999999997,1155.0,D,U,0.6
10/08/2004,9815.55,9961.7,9798.44,9944.67,-0.6700000000000728,-147.70000000000073,-163.47999999999956,9864.34,9968.29,10069.926666666666,10141.970000000001,9814.66,9815.33,9963.03,0.4666666666666666,1156.0,U,U,0.5333333333333333
11/08/2004,9931.24,9981.61,9804.63,9938.32,130.01000000000022,-0.6700000000000728,-147.70000000000073,9858.22,9864.34,9968.29,10069.926666666666,9944.67,9814.66,9815.33,0.4666666666666666,1157.0,U,U,0.5333333333333333
12/08/2004,9936.48,9940.02,9780.52,9814.59,-6.350000000000364,130.01000000000022,-0.6700000000000728,9899.216666666667,9858.22,9864.34,9968.29,9938.32,9944.67,9814.66,0.5333333333333333,1158.0,D,D,0.4666666666666666
13/08/2004,9814.11,9897.34,9746.6,9825.35,-123.72999999999956,-6.350000000000364,130.01000000000022,9899.193333333333,9899.216666666667,9858.22,9864.34,9814.59,9938.32,9944.67,0.3333333333333333,1159.0,U,U,0.6666666666666666
16/08/2004,9825.35,9987.58,9807.44,9954.55,10.760000000000218,-123.72999999999956,-6.350000000000364,9859.42,9899.193333333333,9899.216666666667,9858.22,9825.35,9814.59,9938.32,0.39999999999999997,1160.0,U,U,0.6
17/08/2004,9955.5,10053.21,9916.05,9972.83,129.1999999999989,10.760000000000218,-123.72999999999956,9864.83,9859.42,9899.193333333333,9899.216666666667,9954.55,9825.35,9814.59,0.39999999999999997,1161.0,U,U,0.6
18/08/2004,9964.22,10097.01,9910.82,10083.15,18.280000000000655,129.1999999999989,10.760000000000218,9917.576666666668,9864.83,9859.42,9899.193333333333,9972.83,9954.55,9825.35,0.6,1162.0,U,D,0.39999999999999997
19/08/2004,10082.78,10111.91,9972.39,10040.82,110.31999999999971,18.280000000000655,129.1999999999989,10003.51,9917.576666666668,9864.83,9859.42,10083.15,9972.83,9954.55,0.6,1163.0,D,D,0.39999999999999997
20/08/2004,10040.81,10143.76,9989.65,10110.14,-42.32999999999993,110.31999999999971,18.280000000000655,10032.266666666666,10003.51,9917.576666666668,9864.83,10040.82,10083.15,9972.83,0.4666666666666666,1164.0,U,U,0.5333333333333333
23/08/2004,10111.1,10159.54,10046.72,10073.05,69.31999999999971,-42.32999999999993,110.31999999999971,10078.036666666667,10032.266666666666,10003.51,9917.576666666668,10110.14,10040.82,10083.15,0.5333333333333333,1165.0,D,D,0.4666666666666666
24/08/2004,10074.89,10165.07,10044.66,10098.63,-37.090000000000146,69.31999999999971,-42.32999999999993,10074.67,10078.036666666667,10032.266666666666,10003.51,10073.05,10110.14,10040.82,0.26666666666666666,1166.0,U,U,0.7333333333333333
25/08/2004,10098.49,10224.29,10041.93,10181.74,25.579999999999927,-37.090000000000146,69.31999999999971,10093.94,10074.67,10078.036666666667,10032.266666666666,10098.63,10073.05,10110.14,0.26666666666666666,1167.0,U,U,0.7333333333333333
26/08/2004,10181.07,10225.61,10124.88,10173.41,83.11000000000058,25.579999999999927,-37.090000000000146,10117.806666666665,10093.94,10074.67,10078.036666666667,10181.74,10098.63,10073.05,0.4666666666666666,1168.0,D,U,0.5333333333333333
27/08/2004,10174.07,10235.49,10143.91,10195.01,-8.329999999999927,83.11000000000058,25.579999999999927,10151.26,10117.806666666665,10093.94,10074.67,10173.41,10181.74,10098.63,0.4666666666666666,1169.0,U,U,0.5333333333333333
30/08/2004,10193.83,10226.87,10110.43,10122.52,21.600000000000364,-8.329999999999927,83.11000000000058,10183.386666666667,10151.26,10117.806666666665,10093.94,10195.01,10173.41,10181.74,0.5333333333333333,1170.0,D,D,0.4666666666666666
31/08/2004,10121.97,10198.03,10056.09,10173.92,-72.48999999999978,21.600000000000364,-8.329999999999927,10163.646666666666,10183.386666666667,10151.26,10117.806666666665,10122.52,10195.01,10173.41,0.39999999999999997,1171.0,U,U,0.6
01/09/2004,10170.12,10230.48,10092.37,10168.46,51.399999999999636,-72.48999999999978,21.600000000000364,10163.816666666666,10163.646666666666,10183.386666666667,10151.26,10173.92,10122.52,10195.01,0.7333333333333333,1172.0,D,D,0.26666666666666666
02/09/2004,10168.39,10312.99,10129.01,10290.28,-5.460000000000946,51.399999999999636,-72.48999999999978,10154.966666666667,10163.816666666666,10163.646666666666,10183.386666666667,10168.46,10173.92,10122.52,0.4666666666666666,1173.0,U,U,0.5333333333333333
03/09/2004,10277.82,10346.99,10229.52,10260.2,121.82000000000153,-5.460000000000946,51.399999999999636,10210.886666666665,10154.966666666667,10163.816666666666,10163.646666666666,10290.28,10168.46,10173.92,0.6,1174.0,D,D,0.39999999999999997
07/09/2004,10261.52,10388.95,10255.62,10341.16,-30.079999999999927,121.82000000000153,-5.460000000000946,10239.646666666666,10210.886666666665,10154.966666666667,10163.816666666666,10260.2,10290.28,10168.46,0.4666666666666666,1175.0,U,U,0.5333333333333333
08/09/2004,10342.42,10390.64,10267.94,10313.36,80.95999999999913,-30.079999999999927,121.82000000000153,10297.213333333335,10239.646666666666,10210.886666666665,10154.966666666667,10341.16,10260.2,10290.28,0.6,1176.0,D,D,0.39999999999999997
09/09/2004,10313.36,10337.33,10269.49,10289.1,-27.799999999999272,80.95999999999913,-30.079999999999927,10304.906666666668,10297.213333333335,10239.646666666666,10210.886666666665,10313.36,10341.16,10260.2,0.6666666666666666,1177.0,D,D,0.3333333333333333
10/09/2004,10289.47,10348.68,10196.19,10313.07,-24.26000000000022,-27.799999999999272,80.95999999999913,10314.54,10304.906666666668,10297.213333333335,10239.646666666666,10289.1,10313.36,10341.16,0.26666666666666666,1178.0,U,U,0.7333333333333333
13/09/2004,10306.65,10380.47,10250.61,10314.76,23.969999999999345,-24.26000000000022,-27.799999999999272,10305.176666666666,10314.54,10304.906666666668,10297.213333333335,10313.07,10289.1,10313.36,0.4666666666666666,1179.0,U,U,0.5333333333333333
14/09/2004,10315.13,10374.79,10260.93,10318.16,1.6900000000005093,23.969999999999345,-24.26000000000022,10305.643333333333,10305.176666666666,10314.54,10304.906666666668,10314.76,10313.07,10289.1,0.6,1180.0,U,D,0.39999999999999997
15/09/2004,10316.9,10324.87,10195.6,10231.36,3.399999999999636,1.6900000000005093,23.969999999999345,10315.33,10305.643333333333,10305.176666666666,10314.54,10318.16,10314.76,10313.07,0.3333333333333333,1181.0,D,U,0.6666666666666666
16/09/2004,10231.59,10315.72,10194.35,10244.49,-86.79999999999927,3.399999999999636,1.6900000000005093,10288.093333333332,10315.33,10305.643333333333,10305.176666666666,10231.36,10318.16,10314.76,0.3333333333333333,1182.0,U,U,0.6666666666666666
17/09/2004,10245.82,10352.37,10219.71,10284.46,13.1299999999992,-86.79999999999927,3.399999999999636,10264.67,10288.093333333332,10315.33,10305.643333333333,10244.49,10231.36,10318.16,0.39999999999999997,1183.0,U,U,0.6
20/09/2004,10283.87,10293.23,10152.9,10204.89,39.969999999999345,13.1299999999992,-86.79999999999927,10253.436666666666,10264.67,10288.093333333332,10315.33,10284.46,10244.49,10231.36,0.6,1184.0,D,D,0.39999999999999997
21/09/2004,10204.52,10291.39,10159.54,10244.93,-79.56999999999971,39.969999999999345,13.1299999999992,10244.613333333333,10253.436666666666,10264.67,10288.093333333332,10204.89,10284.46,10244.49,0.5333333333333333,1185.0,U,D,0.4666666666666666
22/09/2004,10244.05,10244.05,10075.33,10109.18,40.04000000000087,-79.56999999999971,39.969999999999345,10244.76,10244.613333333333,10253.436666666666,10264.67,10244.93,10204.89,10284.46,0.5333333333333333,1186.0,D,D,0.4666666666666666
23/09/2004,10108.29,10134.84,9999.67,10038.9,-135.75,40.04000000000087,-79.56999999999971,10186.333333333334,10244.76,10244.613333333333,10253.436666666666,10109.18,10244.93,10204.89,0.5333333333333333,1187.0,D,D,0.4666666666666666
24/09/2004,10039.42,10111.39,9993.92,10047.24,-70.28000000000065,-135.75,40.04000000000087,10131.003333333334,10186.333333333334,10244.76,10244.613333333333,10038.9,10109.18,10244.93,0.6,1188.0,U,D,0.39999999999999997
27/09/2004,10046.65,10077.32,9952.78,9988.54,8.340000000000146,-70.28000000000065,-135.75,10065.106666666667,10131.003333333334,10186.333333333334,10244.76,10047.24,10038.9,10109.18,0.6,1189.0,D,D,0.39999999999999997
28/09/2004,9989.73,10132.04,9950.71,10077.4,-58.69999999999891,8.340000000000146,-70.28000000000065,10024.893333333333,10065.106666666667,10131.003333333334,10186.333333333334,9988.54,10047.24,10038.9,0.4666666666666666,1190.0,U,U,0.5333333333333333
29/09/2004,10078.06,10160.5,10002.57,10136.24,88.85999999999876,-58.69999999999891,8.340000000000146,10037.726666666667,10024.893333333333,10065.106666666667,10131.003333333334,10077.4,9988.54,10047.24,0.4666666666666666,1191.0,U,U,0.5333333333333333
30/09/2004,10136.38,10155.49,9987.36,10080.27,58.840000000000146,88.85999999999876,-58.69999999999891,10067.393333333333,10037.726666666667,10024.893333333333,10065.106666666667,10136.24,10077.4,9988.54,0.2,1192.0,D,U,0.7999999999999999
01/10/2004,10082.04,10237.05,10081.38,10192.65,-55.969999999999345,58.840000000000146,88.85999999999876,10097.97,10067.393333333333,10037.726666666667,10024.893333333333,10080.27,10136.24,10077.4,0.13333333333333333,1193.0,U,U,0.8666666666666666
04/10/2004,10191.4,10313.81,10153.79,10216.54,112.3799999999992,-55.969999999999345,58.840000000000146,10136.386666666667,10097.97,10067.393333333333,10037.726666666667,10192.65,10080.27,10136.24,0.39999999999999997,1194.0,U,U,0.6
05/10/2004,10216.76,10253.93,10123.19,10177.68,23.890000000001237,112.3799999999992,-55.969999999999345,10163.153333333334,10136.386666666667,10097.97,10067.393333333333,10216.54,10192.65,10080.27,0.3333333333333333,1195.0,D,U,0.6666666666666666
06/10/2004,10170.7,10267.14,10112.2,10239.92,-38.86000000000058,23.890000000001237,112.3799999999992,10195.623333333335,10163.153333333334,10136.386666666667,10097.97,10177.68,10216.54,10192.65,0.4666666666666666,1196.0,U,U,0.5333333333333333
07/10/2004,10239.84,10267.57,10086.83,10125.4,62.23999999999978,-38.86000000000058,23.890000000001237,10211.38,10195.623333333335,10163.153333333334,10136.386666666667,10239.92,10177.68,10216.54,0.7333333333333333,1197.0,D,D,0.26666666666666666
08/10/2004,10124.11,10177.53,10013.91,10055.2,-114.52000000000044,62.23999999999978,-38.86000000000058,10181.0,10211.38,10195.623333333335,10163.153333333334,10125.4,10239.92,10177.68,0.5333333333333333,1198.0,D,D,0.4666666666666666
11/10/2004,10056.09,10142.74,10017.67,10081.97,-70.19999999999891,-114.52000000000044,62.23999999999978,10140.173333333334,10181.0,10211.38,10195.623333333335,10055.2,10125.4,10239.92,0.6666666666666666,1199.0,U,D,0.3333333333333333
12/10/2004,10080.42,10121.49,9985.44,10077.18,26.769999999998618,-70.19999999999891,-114.52000000000044,10087.523333333333,10140.173333333334,10181.0,10211.38,10081.97,10055.2,10125.4,0.6666666666666666,1200.0,D,D,0.3333333333333333
13/10/2004,10085.21,10157.11,9935.08,10002.33,-4.789999999999054,26.769999999998618,-70.19999999999891,10071.449999999999,10087.523333333333,10140.173333333334,10181.0,10077.18,10081.97,10055.2,0.5333333333333333,1201.0,D,D,0.4666666666666666
14/10/2004,10002.54,10048.48,9837.22,9894.45,-74.85000000000036,-4.789999999999054,26.769999999998618,10053.826666666668,10071.449999999999,10087.523333333333,10140.173333333334,10002.33,10077.18,10081.97,0.6,1202.0,D,D,0.39999999999999997
15/10/2004,9895.63,10022.31,9845.56,9933.38,-107.8799999999992,-74.85000000000036,-4.789999999999054,9991.320000000002,10053.826666666668,10071.449999999999,10087.523333333333,9894.45,10002.33,10077.18,0.4666666666666666,1203.0,U,U,0.5333333333333333
18/10/2004,9932.98,10002.18,9816.73,9956.32,38.92999999999847,-107.8799999999992,-74.85000000000036,9943.386666666665,9991.320000000002,10053.826666666668,10071.449999999999,9933.38,9894.45,10002.33,0.4666666666666666,1204.0,U,U,0.5333333333333333
19/10/2004,9958.38,10064.2,9854.19,9897.62,22.94000000000051,38.92999999999847,-107.8799999999992,9928.050000000001,9943.386666666665,9991.320000000002,10053.826666666668,9956.32,9933.38,9894.45,0.7333333333333333,1205.0,D,D,0.26666666666666666
20/10/2004,9895.19,9957.05,9766.95,9886.93,-58.69999999999891,22.94000000000051,38.92999999999847,9929.106666666667,9928.050000000001,9943.386666666665,9991.320000000002,9897.62,9956.32,9933.38,0.6666666666666666,1206.0,D,D,0.3333333333333333
21/10/2004,9884.65,9969.07,9769.16,9865.76,-10.69000000000051,-58.69999999999891,22.94000000000051,9913.623333333335,9929.106666666667,9928.050000000001,9943.386666666665,9886.93,9897.62,9956.32,0.6,1207.0,D,D,0.39999999999999997
22/10/2004,9863.85,9920.99,9732.81,9757.81,-21.170000000000073,-10.69000000000051,-58.69999999999891,9883.436666666668,9913.623333333335,9929.106666666667,9928.050000000001,9865.76,9886.93,9897.62,0.5333333333333333,1208.0,D,D,0.4666666666666666
25/10/2004,9757.22,9827.2,9660.18,9749.99,-107.95000000000073,-21.170000000000073,-10.69000000000051,9836.833333333334,9883.436666666668,9913.623333333335,9929.106666666667,9757.81,9865.76,9886.93,0.4666666666666666,1209.0,D,U,0.5333333333333333
26/10/2004,9750.59,9914.65,9718.94,9888.48,-7.819999999999709,-107.95000000000073,-21.170000000000073,9791.186666666666,9836.833333333334,9883.436666666668,9913.623333333335,9749.99,9757.81,9865.76,0.4666666666666666,1210.0,U,U,0.5333333333333333
27/10/2004,9888.25,10051.96,9807.8,10002.03,138.48999999999978,-7.819999999999709,-107.95000000000073,9798.76,9791.186666666666,9836.833333333334,9883.436666666668,9888.48,9749.99,9757.81,0.5333333333333333,1211.0,U,D,0.4666666666666666
28/10/2004,9998.94,10074.89,9900.42,10004.54,113.55000000000109,138.48999999999978,-7.819999999999709,9880.166666666666,9798.76,9791.186666666666,9836.833333333334,10002.03,9888.48,9749.99,0.4666666666666666,1212.0,U,U,0.5333333333333333
29/10/2004,10004.69,10083.44,9936.77,10027.47,2.5100000000002183,113.55000000000109,138.48999999999978,9965.016666666668,9880.166666666666,9798.76,9791.186666666666,10004.54,10002.03,9888.48,0.4666666666666666,1213.0,U,U,0.5333333333333333
01/11/2004,10028.73,10124.44,9953.29,10054.39,22.929999999998472,2.5100000000002183,113.55000000000109,10011.346666666666,9965.016666666668,9880.166666666666,9798.76,10027.47,10004.54,10002.03,0.5333333333333333,1214.0,U,D,0.4666666666666666
02/11/2004,10053.87,10180.85,9976.29,10035.73,26.920000000000073,22.929999999998472,2.5100000000002183,10028.800000000001,10011.346666666666,9965.016666666668,9880.166666666666,10054.39,10027.47,10004.54,0.4666666666666666,1215.0,D,U,0.5333333333333333
03/11/2004,10137.05,10253.27,10062.8,10137.05,-18.659999999999854,26.920000000000073,22.929999999998472,10039.196666666667,10028.800000000001,10011.346666666666,9965.016666666668,10035.73,10054.39,10027.47,0.3333333333333333,1216.0,D,U,0.6666666666666666
04/11/2004,10132.48,10352.81,10076.36,10314.76,101.31999999999971,-18.659999999999854,26.920000000000073,10075.723333333333,10039.196666666667,10028.800000000001,10011.346666666666,10137.05,10035.73,10054.39,0.4666666666666666,1217.0,U,U,0.5333333333333333
05/11/2004,10317.05,10458.1,10279.96,10387.54,177.71000000000095,101.31999999999971,-18.659999999999854,10162.513333333334,10075.723333333333,10039.196666666667,10028.800000000001,10314.76,10137.05,10035.73,0.3333333333333333,1218.0,U,U,0.6666666666666666
08/11/2004,10385.15,10452.58,10313.51,10391.31,72.78000000000065,177.71000000000095,101.31999999999971,10279.783333333333,10162.513333333334,10075.723333333333,10039.196666666667,10387.54,10314.76,10137.05,0.39999999999999997,1219.0,U,U,0.6
09/11/2004,10387.62,10466.81,10327.0,10386.37,3.7699999999986176,72.78000000000065,177.71000000000095,10364.536666666667,10279.783333333333,10162.513333333334,10075.723333333333,10391.31,10387.54,10314.76,0.4666666666666666,1220.0,D,U,0.5333333333333333
10/11/2004,10378.59,10470.21,10330.54,10385.48,-4.93999999999869,3.7699999999986176,72.78000000000065,10388.406666666668,10364.536666666667,10279.783333333333,10162.513333333334,10386.37,10391.31,10387.54,0.39999999999999997,1221.0,U,U,0.6
11/11/2004,10386.95,10513.42,10364.1,10469.84,-0.8900000000012369,-4.93999999999869,3.7699999999986176,10387.72,10388.406666666668,10364.536666666667,10279.783333333333,10385.48,10386.37,10391.31,0.4666666666666666,1222.0,U,U,0.5333333333333333
12/11/2004,10469.21,10565.48,10419.77,10539.01,84.36000000000058,-0.8900000000012369,-4.93999999999869,10413.896666666666,10387.72,10388.406666666668,10364.536666666667,10469.84,10385.48,10386.37,0.5333333333333333,1223.0,U,D,0.4666666666666666
15/11/2004,10541.89,10612.31,10463.34,10550.24,69.17000000000007,84.36000000000058,-0.8900000000012369,10464.776666666667,10413.896666666666,10387.72,10388.406666666668,10539.01,10469.84,10385.48,0.39999999999999997,1224.0,U,U,0.6
16/11/2004,10549.79,10570.56,10445.31,10487.65,11.229999999999563,69.17000000000007,84.36000000000058,10519.696666666665,10464.776666666667,10413.896666666666,10387.72,10550.24,10539.01,10469.84,0.4666666666666666,1225.0,D,U,0.5333333333333333
17/11/2004,10481.83,10655.09,10470.21,10549.57,-62.590000000000146,11.229999999999563,69.17000000000007,10525.633333333333,10519.696666666665,10464.776666666667,10413.896666666666,10487.65,10550.24,10539.01,0.39999999999999997,1226.0,U,U,0.6
18/11/2004,10549.2,10639.43,10499.62,10572.55,61.92000000000007,-62.590000000000146,11.229999999999563,10529.153333333334,10525.633333333333,10519.696666666665,10464.776666666667,10549.57,10487.65,10550.24,0.2,1227.0,U,U,0.7999999999999999
19/11/2004,10571.63,10588.29,10419.89,10456.91,22.979999999999563,61.92000000000007,-62.590000000000146,10536.59,10529.153333333334,10525.633333333333,10519.696666666665,10572.55,10549.57,10487.65,0.39999999999999997,1228.0,D,U,0.6
22/11/2004,10455.73,10535.46,10380.95,10489.42,-115.63999999999942,22.979999999999563,61.92000000000007,10526.343333333332,10536.59,10529.153333333334,10525.633333333333,10456.91,10572.55,10549.57,0.3333333333333333,1229.0,U,U,0.6666666666666666
23/11/2004,10486.69,10547.28,10407.18,10492.6,32.51000000000022,-115.63999999999942,22.979999999999563,10506.293333333333,10526.343333333332,10536.59,10529.153333333334,10489.42,10456.91,10572.55,0.26666666666666666,1230.0,U,U,0.7333333333333333
24/11/2004,10493.86,10565.76,10451.66,10520.31,3.180000000000291,32.51000000000022,-115.63999999999942,10479.643333333333,10506.293333333333,10526.343333333332,10536.59,10492.6,10489.42,10456.91,0.5333333333333333,1231.0,U,D,0.4666666666666666
26/11/2004,10518.69,10574.7,10479.52,10522.23,27.709999999999127,3.180000000000291,32.51000000000022,10500.776666666667,10479.643333333333,10506.293333333333,10526.343333333332,10520.31,10492.6,10489.42,0.2,1232.0,U,U,0.7999999999999999
29/11/2004,10520.64,10590.73,10390.92,10475.9,1.9200000000000728,27.709999999999127,3.180000000000291,10511.713333333333,10500.776666666667,10479.643333333333,10506.293333333333,10522.23,10520.31,10492.6,0.39999999999999997,1233.0,D,U,0.6
30/11/2004,10475.27,10530.8,10380.58,10428.02,-46.32999999999993,1.9200000000000728,27.709999999999127,10506.146666666667,10511.713333333333,10500.776666666667,10479.643333333333,10475.9,10522.23,10520.31,0.39999999999999997,1234.0,D,U,0.6
01/12/2004,10425.8,10618.59,10421.66,10590.22,-47.8799999999992,-46.32999999999993,1.9200000000000728,10475.383333333333,10506.146666666667,10511.713333333333,10500.776666666667,10428.02,10475.9,10522.23,0.26666666666666666,1235.0,U,U,0.7333333333333333
02/12/2004,10590.44,10670.02,10485.21,10585.12,162.1999999999989,-47.8799999999992,-46.32999999999993,10498.046666666667,10475.383333333333,10506.146666666667,10511.713333333333,10590.22,10428.02,10475.9,0.5333333333333333,1236.0,D,D,0.4666666666666666
03/12/2004,10597.9,10670.47,10515.73,10592.21,-5.099999999998545,162.1999999999989,-47.8799999999992,10534.453333333333,10498.046666666667,10475.383333333333,10506.146666666667,10585.12,10590.22,10428.02,0.5333333333333333,1237.0,D,D,0.4666666666666666
06/12/2004,10591.32,10614.82,10490.31,10547.06,7.0899999999983265,-5.099999999998545,162.1999999999989,10589.183333333332,10534.453333333333,10498.046666666667,10475.383333333333,10592.21,10585.12,10590.22,0.39999999999999997,1238.0,D,U,0.6
07/12/2004,10546.8,10612.9,10423.21,10440.58,-45.149999999999636,7.0899999999983265,-5.099999999998545,10574.796666666667,10589.183333333332,10534.453333333333,10498.046666666667,10547.06,10592.21,10585.12,0.39999999999999997,1239.0,D,U,0.6
08/12/2004,10438.77,10550.16,10395.05,10494.23,-106.47999999999956,-45.149999999999636,7.0899999999983265,10526.616666666667,10574.796666666667,10589.183333333332,10534.453333333333,10440.58,10547.06,10592.21,0.5333333333333333,1240.0,U,D,0.4666666666666666
09/12/2004,10492.45,10579.94,10389.81,10552.82,53.649999999999636,-106.47999999999956,-45.149999999999636,10493.956666666667,10526.616666666667,10574.796666666667,10589.183333333332,10494.23,10440.58,10547.06,0.4666666666666666,1241.0,U,U,0.5333333333333333
10/12/2004,10552.16,10616.23,10469.62,10543.22,58.590000000000146,53.649999999999636,-106.47999999999956,10495.876666666665,10493.956666666667,10526.616666666667,10574.796666666667,10552.82,10494.23,10440.58,0.6666666666666666,1242.0,D,D,0.3333333333333333
13/12/2004,10543.44,10678.52,10520.61,10638.32,-9.600000000000364,58.590000000000146,53.649999999999636,10530.089999999998,10495.876666666665,10493.956666666667,10526.616666666667,10543.22,10552.82,10494.23,0.2,1243.0,U,U,0.7999999999999999
14/12/2004,10640.53,10715.76,10571.67,10676.45,95.10000000000036,-9.600000000000364,58.590000000000146,10578.12,10530.089999999998,10495.876666666665,10493.956666666667,10638.32,10543.22,10552.82,0.5333333333333333,1244.0,U,D,0.4666666666666666
15/12/2004,10675.71,10749.53,10601.74,10691.45,38.13000000000102,95.10000000000036,-9.600000000000364,10619.33,10578.12,10530.089999999998,10495.876666666665,10676.45,10638.32,10543.22,0.39999999999999997,1245.0,U,U,0.6
16/12/2004,10691.71,10776.43,10612.31,10705.64,15.0,38.13000000000102,95.10000000000036,10668.74,10619.33,10578.12,10530.089999999998,10691.45,10676.45,10638.32,0.4666666666666666,1246.0,U,U,0.5333333333333333
17/12/2004,10704.83,10766.01,10562.76,10649.92,14.18999999999869,15.0,38.13000000000102,10691.18,10668.74,10619.33,10578.12,10705.64,10691.45,10676.45,0.4666666666666666,1247.0,D,U,0.5333333333333333
20/12/2004,10652.14,10769.13,10622.2,10661.6,-55.719999999999345,14.18999999999869,15.0,10682.336666666668,10691.18,10668.74,10619.33,10649.92,10705.64,10691.45,0.4666666666666666,1248.0,U,U,0.5333333333333333
21/12/2004,10661.89,10789.66,10646.6,10759.43,11.680000000000291,-55.719999999999345,14.18999999999869,10672.386666666665,10682.336666666668,10691.18,10668.74,10661.6,10649.92,10705.64,0.4666666666666666,1249.0,U,U,0.5333333333333333
22/12/2004,10752.34,10861.33,10709.78,10815.89,97.82999999999993,11.680000000000291,-55.719999999999345,10690.316666666668,10672.386666666665,10682.336666666668,10691.18,10759.43,10661.6,10649.92,0.4666666666666666,1250.0,U,U,0.5333333333333333
23/12/2004,10815.0,10895.1,10780.12,10827.12,56.45999999999913,97.82999999999993,11.680000000000291,10745.64,10690.316666666668,10672.386666666665,10682.336666666668,10815.89,10759.43,10661.6,0.39999999999999997,1251.0,U,U,0.6
27/12/2004,10828.01,10892.52,10755.67,10776.13,11.230000000001382,56.45999999999913,97.82999999999993,10800.813333333334,10745.64,10690.316666666668,10672.386666666665,10827.12,10815.89,10759.43,0.39999999999999997,1252.0,D,U,0.6
28/12/2004,10776.06,10890.82,10774.51,10854.54,-50.9900000000016,11.230000000001382,56.45999999999913,10806.38,10800.813333333334,10745.64,10690.316666666668,10776.13,10827.12,10815.89,0.4666666666666666,1253.0,U,U,0.5333333333333333
29/12/2004,10853.72,10872.71,10771.26,10829.19,78.41000000000167,-50.9900000000016,11.230000000001382,10819.263333333334,10806.38,10800.813333333334,10745.64,10854.54,10776.13,10827.12,0.6,1254.0,D,D,0.39999999999999997
30/12/2004,10829.12,10880.03,10781.67,10800.3,-25.350000000000364,78.41000000000167,-50.9900000000016,10819.953333333333,10819.263333333334,10806.38,10800.813333333334,10829.19,10854.54,10776.13,0.5333333333333333,1255.0,D,D,0.4666666666666666
31/12/2004,10800.3,10849.81,10759.94,10783.01,-28.890000000001237,-25.350000000000364,78.41000000000167,10828.01,10819.953333333333,10819.263333333334,10806.38,10800.3,10829.19,10854.54,0.39999999999999997,1256.0,D,U,0.6
03/01/2005,10783.75,10892.67,10694.18,10729.43,-17.289999999999054,-28.890000000001237,-25.350000000000364,10804.166666666666,10828.01,10819.953333333333,10819.263333333334,10783.01,10800.3,10829.19,0.4666666666666666,1257.0,D,U,0.5333333333333333
04/01/2005,10727.81,10803.62,10587.48,10630.78,-53.57999999999993,-17.289999999999054,-28.890000000001237,10770.913333333332,10804.166666666666,10828.01,10819.953333333333,10729.43,10783.01,10800.3,0.4666666666666666,1258.0,D,U,0.5333333333333333
05/01/2005,10629.53,10736.16,10561.03,10597.83,-98.64999999999964,-53.57999999999993,-17.289999999999054,10714.406666666668,10770.913333333332,10804.166666666666,10828.01,10630.78,10729.43,10783.01,0.6666666666666666,1259.0,D,D,0.3333333333333333
06/01/2005,10593.19,10708.37,10555.48,10622.88,-32.95000000000073,-98.64999999999964,-53.57999999999993,10652.68,10714.406666666668,10770.913333333332,10804.166666666666,10597.83,10630.78,10729.43,0.6,1260.0,U,D,0.39999999999999997
07/01/2005,10624.8,10697.81,10545.8,10603.96,25.049999999999272,-32.95000000000073,-98.64999999999964,10617.163333333332,10652.68,10714.406666666668,10770.913333333332,10622.88,10597.83,10630.78,0.4666666666666666,1261.0,D,U,0.5333333333333333
10/01/2005,10603.44,10696.85,10544.99,10621.03,-18.920000000000073,25.049999999999272,-32.95000000000073,10608.223333333333,10617.163333333332,10652.68,10714.406666666668,10603.96,10622.88,10597.83,0.5333333333333333,1262.0,U,D,0.4666666666666666
11/01/2005,10619.77,10632.63,10504.72,10556.22,17.070000000001528,-18.920000000000073,25.049999999999272,10615.956666666665,10608.223333333333,10617.163333333332,10652.68,10621.03,10603.96,10622.88,0.6,1263.0,D,D,0.39999999999999997
12/01/2005,10561.32,10648.52,10481.37,10617.78,-64.81000000000131,17.070000000001528,-18.920000000000073,10593.736666666666,10615.956666666665,10608.223333333333,10617.163333333332,10556.22,10621.03,10603.96,0.39999999999999997,1264.0,U,U,0.6
13/01/2005,10617.41,10650.96,10463.26,10505.83,61.56000000000131,-64.81000000000131,17.070000000001528,10598.343333333332,10593.736666666666,10615.956666666665,10608.223333333333,10617.78,10556.22,10621.03,0.6,1265.0,D,D,0.39999999999999997
14/01/2005,10506.71,10606.47,10475.01,10558.0,-111.95000000000073,61.56000000000131,-64.81000000000131,10559.943333333335,10598.343333333332,10593.736666666666,10615.956666666665,10505.83,10617.78,10556.22,0.4666666666666666,1266.0,U,U,0.5333333333333333
18/01/2005,10554.23,10665.44,10456.61,10628.79,52.17000000000007,-111.95000000000073,61.56000000000131,10560.536666666667,10559.943333333335,10598.343333333332,10593.736666666666,10558.0,10505.83,10617.78,0.4666666666666666,1267.0,U,U,0.5333333333333333
19/01/2005,10626.05,10668.4,10519.2,10539.97,70.79000000000087,52.17000000000007,-111.95000000000073,10564.206666666667,10560.536666666667,10559.943333333335,10598.343333333332,10628.79,10558.0,10505.83,0.6,1268.0,D,D,0.39999999999999997
20/01/2005,10538.9,10582.09,10414.72,10471.47,-88.82000000000153,70.79000000000087,52.17000000000007,10575.586666666668,10564.206666666667,10560.536666666667,10559.943333333335,10539.97,10628.79,10558.0,0.5333333333333333,1269.0,D,D,0.4666666666666666
21/01/2005,10471.98,10541.3,10370.97,10392.99,-68.5,-88.82000000000153,70.79000000000087,10546.743333333334,10575.586666666668,10564.206666666667,10560.536666666667,10471.47,10539.97,10628.79,0.5333333333333333,1270.0,D,D,0.4666666666666666
24/01/2005,10393.58,10491.71,10317.1,10368.61,-78.47999999999956,-68.5,-88.82000000000153,10468.143333333333,10546.743333333334,10575.586666666668,10564.206666666667,10392.99,10471.47,10539.97,0.4666666666666666,1271.0,D,U,0.5333333333333333
25/01/2005,10369.42,10534.72,10369.42,10461.56,-24.3799999999992,-78.47999999999956,-68.5,10411.023333333333,10468.143333333333,10546.743333333334,10575.586666666668,10368.61,10392.99,10471.47,0.39999999999999997,1272.0,U,U,0.6
26/01/2005,10463.19,10571.66,10433.56,10498.59,92.94999999999891,-24.3799999999992,-78.47999999999956,10407.72,10411.023333333333,10468.143333333333,10546.743333333334,10461.56,10368.61,10392.99,0.5333333333333333,1273.0,U,D,0.4666666666666666
27/01/2005,10498.14,10535.16,10379.47,10467.4,37.030000000000655,92.94999999999891,-24.3799999999992,10442.92,10407.72,10411.023333333333,10468.143333333333,10498.59,10461.56,10368.61,0.6,1274.0,D,D,0.39999999999999997
28/01/2005,10470.58,10520.61,10331.58,10427.2,-31.19000000000051,37.030000000000655,92.94999999999891,10475.85,10442.92,10407.72,10411.023333333333,10467.4,10498.59,10461.56,0.4666666666666666,1275.0,D,U,0.5333333333333333
31/01/2005,10428.76,10559.77,10414.49,10489.94,-40.19999999999891,-31.19000000000051,37.030000000000655,10464.396666666666,10475.85,10442.92,10407.72,10427.2,10467.4,10498.59,0.4666666666666666,1276.0,U,U,0.5333333333333333
01/02/2005,10489.72,10609.73,10464.38,10551.94,62.73999999999978,-40.19999999999891,-31.19000000000051,10461.513333333334,10464.396666666666,10475.85,10442.92,10489.94,10427.2,10467.4,0.4666666666666666,1277.0,U,U,0.5333333333333333
02/02/2005,10551.05,10638.25,10501.02,10596.79,62.0,62.73999999999978,-40.19999999999891,10489.693333333335,10461.513333333334,10464.396666666666,10475.85,10551.94,10489.94,10427.2,0.6,1278.0,U,D,0.39999999999999997
03/02/2005,10592.21,10640.69,10511.96,10593.1,44.850000000000364,62.0,62.73999999999978,10546.223333333333,10489.693333333335,10461.513333333334,10464.396666666666,10596.79,10551.94,10489.94,0.26666666666666666,1279.0,U,U,0.7333333333333333
04/02/2005,10593.17,10750.94,10553.93,10716.13,-3.6900000000005093,44.850000000000364,62.0,10580.61,10546.223333333333,10489.693333333335,10461.513333333334,10593.1,10596.79,10551.94,0.26666666666666666,1280.0,U,U,0.7333333333333333
07/02/2005,10715.76,10774.8,10650.59,10715.76,123.02999999999884,-3.6900000000005093,44.850000000000364,10635.339999999998,10580.61,10546.223333333333,10489.693333333335,10716.13,10593.1,10596.79,0.6666666666666666,1281.0,D,D,0.3333333333333333
08/02/2005,10712.51,10783.97,10647.85,10724.63,-0.36999999999898137,123.02999999999884,-3.6900000000005093,10674.996666666666,10635.339999999998,10580.61,10546.223333333333,10715.76,10716.13,10593.1,0.5333333333333333,1282.0,U,D,0.4666666666666666
09/02/2005,10717.76,10781.38,10621.84,10664.11,8.869999999998981,-0.36999999999898137,123.02999999999884,10718.839999999998,10674.996666666666,10635.339999999998,10580.61,10724.63,10715.76,10716.13,0.4666666666666666,1283.0,D,U,0.5333333333333333
10/02/2005,10665.0,10803.92,10633.67,10749.61,-60.51999999999862,8.869999999998981,-0.36999999999898137,10701.5,10718.839999999998,10674.996666666666,10635.339999999998,10664.11,10724.63,10715.76,0.39999999999999997,1284.0,U,U,0.6
11/02/2005,10742.92,10865.69,10680.15,10796.01,85.5,-60.51999999999862,8.869999999998981,10712.783333333333,10701.5,10718.839999999998,10674.996666666666,10749.61,10664.11,10724.63,0.3333333333333333,1285.0,U,U,0.6666666666666666
14/02/2005,10795.72,10853.8,10722.63,10791.13,46.399999999999636,85.5,-60.51999999999862,10736.576666666668,10712.783333333333,10701.5,10718.839999999998,10796.01,10749.61,10664.11,0.4666666666666666,1286.0,D,U,0.5333333333333333
15/02/2005,10791.06,10886.31,10745.1,10837.32,-4.880000000001019,46.399999999999636,85.5,10778.916666666666,10736.576666666668,10712.783333333333,10701.5,10791.13,10796.01,10749.61,0.39999999999999997,1287.0,U,U,0.6
16/02/2005,10832.03,10889.78,10746.21,10834.88,46.19000000000051,-4.880000000001019,46.399999999999636,10808.153333333334,10778.916666666666,10736.576666666668,10712.783333333333,10837.32,10791.13,10796.01,0.4666666666666666,1288.0,U,U,0.5333333333333333
17/02/2005,10835.03,10873.6,10729.95,10754.26,-2.4400000000005093,46.19000000000051,-4.880000000001019,10821.109999999999,10808.153333333334,10778.916666666666,10736.576666666668,10834.88,10837.32,10791.13,0.4666666666666666,1289.0,D,U,0.5333333333333333
18/02/2005,10755.15,10854.98,10682.29,10785.22,-80.61999999999898,-2.4400000000005093,46.19000000000051,10808.82,10821.109999999999,10808.153333333334,10778.916666666666,10754.26,10834.88,10837.32,0.4666666666666666,1290.0,U,U,0.5333333333333333
22/02/2005,10783.38,10806.36,10596.79,10611.2,30.959999999999127,-80.61999999999898,-2.4400000000005093,10791.453333333333,10808.82,10821.109999999999,10808.153333333334,10785.22,10754.26,10834.88,0.6,1291.0,D,D,0.39999999999999997
23/02/2005,10609.28,10735.42,10583.64,10673.79,-174.01999999999862,30.959999999999127,-80.61999999999898,10716.893333333333,10791.453333333333,10808.82,10821.109999999999,10611.2,10785.22,10754.26,0.6666666666666666,1292.0,U,D,0.3333333333333333
24/02/2005,10672.24,10779.39,10612.24,10748.79,62.590000000000146,-174.01999999999862,30.959999999999127,10690.07,10716.893333333333,10791.453333333333,10808.82,10673.79,10611.2,10785.22,0.4666666666666666,1293.0,U,U,0.5333333333333333
25/02/2005,10748.42,10871.53,10698.32,10841.6,75.0,62.590000000000146,-174.01999999999862,10677.926666666668,10690.07,10716.893333333333,10791.453333333333,10748.79,10673.79,10611.2,0.6666666666666666,1294.0,U,D,0.3333333333333333
28/02/2005,10842.05,10877.07,10709.41,10766.23,92.80999999999949,75.0,62.590000000000146,10754.726666666667,10677.926666666668,10690.07,10716.893333333333,10841.6,10748.79,10673.79,0.4666666666666666,1295.0,D,U,0.5333333333333333
01/03/2005,10794.98,10849.14,10769.04,10830.0,-75.3700000000008,92.80999999999949,75.0,10785.539999999999,10754.726666666667,10677.926666666668,10690.07,10766.23,10841.6,10748.79,0.5333333333333333,1296.0,U,D,0.4666666666666666
02/03/2005,10825.68,10896.66,10736.16,10811.97,63.77000000000044,-75.3700000000008,92.80999999999949,10812.61,10785.539999999999,10754.726666666667,10677.926666666668,10830.0,10766.23,10841.6,0.5333333333333333,1297.0,D,D,0.4666666666666666
03/03/2005,10812.27,10904.34,10744.14,10833.03,-18.030000000000655,63.77000000000044,-75.3700000000008,10802.733333333332,10812.61,10785.539999999999,10754.726666666667,10811.97,10830.0,10766.23,0.5333333333333333,1298.0,U,D,0.4666666666666666
04/03/2005,10834.51,10996.93,10834.51,10940.55,21.06000000000131,-18.030000000000655,63.77000000000044,10825.0,10802.733333333332,10812.61,10785.539999999999,10833.03,10811.97,10830.0,0.6,1299.0,U,D,0.39999999999999997
07/03/2005,10940.55,11027.15,10886.09,10936.86,107.51999999999862,21.06000000000131,-18.030000000000655,10861.85,10825.0,10802.733333333332,10812.61,10940.55,10833.03,10811.97,0.6666666666666666,1300.0,D,D,0.3333333333333333
08/03/2005,10935.6,10996.56,10863.4,10912.62,-3.6899999999986903,107.51999999999862,21.06000000000131,10903.480000000001,10861.85,10825.0,10802.733333333332,10936.86,10940.55,10833.03,0.6666666666666666,1301.0,D,D,0.3333333333333333
09/03/2005,10912.32,10949.2,10768.66,10805.62,-24.23999999999978,-3.6899999999986903,107.51999999999862,10930.01,10903.480000000001,10861.85,10825.0,10912.62,10936.86,10940.55,0.6,1302.0,D,D,0.39999999999999997
10/03/2005,10806.28,10907.45,10757.36,10851.51,-107.0,-24.23999999999978,-3.6899999999986903,10885.033333333335,10930.01,10903.480000000001,10861.85,10805.62,10912.62,10936.86,0.39999999999999997,1303.0,U,U,0.6
11/03/2005,10845.3,10897.68,10728.62,10774.36,45.88999999999942,-107.0,-24.23999999999978,10856.583333333334,10885.033333333335,10930.01,10903.480000000001,10851.51,10805.62,10912.62,0.7333333333333333,1304.0,D,D,0.26666666666666666
14/03/2005,10773.92,10859.12,10709.26,10804.51,-77.14999999999964,45.88999999999942,-107.0,10810.496666666668,10856.583333333334,10885.033333333335,10930.01,10774.36,10851.51,10805.62,0.4666666666666666,1305.0,U,U,0.5333333333333333
15/03/2005,10804.29,10884.76,10716.87,10745.1,30.149999999999636,-77.14999999999964,45.88999999999942,10810.126666666669,10810.496666666668,10856.583333333334,10885.033333333335,10804.51,10774.36,10851.51,0.6666666666666666,1306.0,D,D,0.3333333333333333
16/03/2005,10741.63,10764.16,10569.3,10633.07,-59.409999999999854,30.149999999999636,-77.14999999999964,10774.656666666668,10810.126666666669,10810.496666666668,10856.583333333334,10745.1,10804.51,10774.36,0.5333333333333333,1307.0,D,D,0.4666666666666666
17/03/2005,10633.3,10707.86,10561.1,10626.35,-112.03000000000065,-59.409999999999854,30.149999999999636,10727.56,10774.656666666668,10810.126666666669,10810.496666666668,10633.07,10745.1,10804.51,0.6,1308.0,D,D,0.39999999999999997
18/03/2005,10627.83,10709.85,10520.6,10629.67,-6.719999999999345,-112.03000000000065,-59.409999999999854,10668.173333333332,10727.56,10774.656666666668,10810.126666666669,10626.35,10633.07,10745.1,0.6,1309.0,U,D,0.39999999999999997
21/03/2005,10629.9,10662.93,10503.46,10565.39,3.319999999999709,-6.719999999999345,-112.03000000000065,10629.696666666665,10668.173333333332,10727.56,10774.656666666668,10629.67,10626.35,10633.07,0.4666666666666666,1310.0,D,U,0.5333333333333333
22/03/2005,10565.39,10651.41,10446.78,10470.51,-64.28000000000065,3.319999999999709,-6.719999999999345,10607.136666666667,10629.696666666665,10668.173333333332,10727.56,10565.39,10629.67,10626.35,0.4666666666666666,1311.0,D,U,0.5333333333333333
23/03/2005,10470.58,10558.51,10384.34,10456.02,-94.8799999999992,-64.28000000000065,3.319999999999709,10555.19,10607.136666666667,10629.696666666665,10668.173333333332,10470.51,10565.39,10629.67,0.6,1312.0,D,D,0.39999999999999997
24/03/2005,10457.06,10554.6,10415.16,10442.87,-14.489999999999782,-94.8799999999992,-64.28000000000065,10497.306666666667,10555.19,10607.136666666667,10629.696666666665,10456.02,10470.51,10565.39,0.6,1313.0,D,D,0.39999999999999997
28/03/2005,10444.13,10568.05,10412.79,10485.65,-13.149999999999636,-14.489999999999782,-94.8799999999992,10456.466666666667,10497.306666666667,10555.19,10607.136666666667,10442.87,10456.02,10470.51,0.39999999999999997,1314.0,U,U,0.6
29/03/2005,10486.1,10565.46,10351.76,10405.7,42.779999999998836,-13.149999999999636,-14.489999999999782,10461.513333333334,10456.466666666667,10497.306666666667,10555.19,10485.65,10442.87,10456.02,0.39999999999999997,1315.0,D,U,0.6
30/03/2005,10405.77,10564.8,10395.21,10540.93,-79.94999999999891,42.779999999998836,-13.149999999999636,10444.74,10461.513333333334,10456.466666666667,10497.306666666667,10405.7,10485.65,10442.87,0.3333333333333333,1316.0,U,U,0.6666666666666666
31/03/2005,10541.59,10586.15,10448.19,10503.76,135.22999999999956,-79.94999999999891,42.779999999998836,10477.426666666666,10444.74,10461.513333333334,10456.466666666667,10540.93,10405.7,10485.65,0.4666666666666666,1317.0,D,U,0.5333333333333333
01/04/2005,10504.57,10600.56,10349.02,10404.3,-37.17000000000007,135.22999999999956,-79.94999999999891,10483.463333333333,10477.426666666666,10444.74,10461.513333333334,10503.76,10540.93,10405.7,0.4666666666666666,1318.0,D,U,0.5333333333333333
04/04/2005,10401.71,10496.44,10307.64,10421.14,-99.46000000000095,-37.17000000000007,135.22999999999956,10482.996666666668,10483.463333333333,10477.426666666666,10444.74,10404.3,10503.76,10540.93,0.26666666666666666,1319.0,U,U,0.7333333333333333
05/04/2005,10421.14,10530.14,10372.59,10458.46,16.840000000000146,-99.46000000000095,-37.17000000000007,10443.066666666666,10482.996666666668,10483.463333333333,10477.426666666666,10421.14,10404.3,10503.76,0.3333333333333333,1320.0,U,U,0.6666666666666666
06/04/2005,10453.45,10557.18,10434.22,10486.02,37.31999999999971,16.840000000000146,-99.46000000000095,10427.966666666665,10443.066666666666,10482.996666666668,10483.463333333333,10458.46,10421.14,10404.3,0.4666666666666666,1321.0,U,U,0.5333333333333333
07/04/2005,10485.88,10589.99,10434.3,10546.32,27.56000000000131,37.31999999999971,16.840000000000146,10455.206666666667,10427.966666666665,10443.066666666666,10482.996666666668,10486.02,10458.46,10421.14,0.39999999999999997,1322.0,U,U,0.6
08/04/2005,10546.32,10584.6,10445.31,10461.34,60.29999999999927,27.56000000000131,37.31999999999971,10496.933333333332,10455.206666666667,10427.966666666665,10443.066666666666,10546.32,10486.02,10458.46,0.39999999999999997,1323.0,D,U,0.6
11/04/2005,10462.08,10530.58,10393.36,10448.56,-84.97999999999956,60.29999999999927,27.56000000000131,10497.893333333333,10496.933333333332,10455.206666666667,10427.966666666665,10461.34,10546.32,10486.02,0.4666666666666666,1324.0,D,U,0.5333333333333333
12/04/2005,10448.63,10552.6,10331.21,10507.97,-12.780000000000655,-84.97999999999956,60.29999999999927,10485.406666666668,10497.893333333333,10496.933333333332,10455.206666666667,10448.56,10461.34,10546.32,0.2,1325.0,U,U,0.7999999999999999
13/04/2005,10507.45,10567.38,10355.16,10403.93,59.409999999999854,-12.780000000000655,-84.97999999999956,10472.623333333335,10485.406666666668,10497.893333333333,10496.933333333332,10507.97,10448.56,10461.34,0.3333333333333333,1326.0,D,U,0.6666666666666666
14/04/2005,10403.71,10457.06,10248.23,10278.75,-104.03999999999905,59.409999999999854,-12.780000000000655,10453.486666666666,10472.623333333335,10485.406666666668,10497.893333333333,10403.93,10507.97,10448.56,0.39999999999999997,1327.0,D,U,0.6
15/04/2005,10276.61,10311.26,10059.36,10087.51,-125.18000000000029,-104.03999999999905,59.409999999999854,10396.883333333333,10453.486666666666,10472.623333333335,10485.406666666668,10278.75,10403.93,10507.97,0.3333333333333333,1328.0,D,U,0.6666666666666666
18/04/2005,10088.54,10183.5,9961.52,10071.25,-191.23999999999978,-125.18000000000029,-104.03999999999905,10256.730000000001,10396.883333333333,10453.486666666666,10472.623333333335,10087.51,10278.75,10403.93,0.4666666666666666,1329.0,D,U,0.5333333333333333
19/04/2005,10071.55,10220.21,10021.08,10127.41,-16.26000000000022,-191.23999999999978,-125.18000000000029,10145.836666666668,10256.730000000001,10396.883333333333,10453.486666666666,10071.25,10087.51,10278.75,0.39999999999999997,1330.0,U,U,0.6
20/04/2005,10131.18,10232.34,9978.74,10012.36,56.159999999999854,-16.26000000000022,-191.23999999999978,10095.390000000001,10145.836666666668,10256.730000000001,10396.883333333333,10127.41,10071.25,10087.51,0.5333333333333333,1331.0,D,D,0.4666666666666666
21/04/2005,10010.51,10250.3,10010.51,10218.6,-115.04999999999927,56.159999999999854,-16.26000000000022,10070.34,10095.390000000001,10145.836666666668,10256.730000000001,10012.36,10127.41,10071.25,0.39999999999999997,1332.0,U,U,0.6
22/04/2005,10216.68,10266.48,10055.29,10157.71,206.23999999999978,-115.04999999999927,56.159999999999854,10119.456666666667,10070.34,10095.390000000001,10145.836666666668,10218.6,10012.36,10127.41,0.39999999999999997,1333.0,D,U,0.6
25/04/2005,10158.52,10305.87,10148.25,10242.47,-60.89000000000124,206.23999999999978,-115.04999999999927,10129.556666666665,10119.456666666667,10070.34,10095.390000000001,10157.71,10218.6,10012.36,0.26666666666666666,1334.0,U,U,0.7333333333333333
26/04/2005,10240.99,10298.85,10108.79,10151.13,84.76000000000022,-60.89000000000124,206.23999999999978,10206.26,10129.556666666665,10119.456666666667,10070.34,10242.47,10157.71,10218.6,0.39999999999999997,1335.0,D,U,0.6
27/04/2005,10150.32,10250.23,10048.27,10198.8,-91.34000000000015,84.76000000000022,-60.89000000000124,10183.769999999999,10206.26,10129.556666666665,10119.456666666667,10151.13,10242.47,10157.71,0.3333333333333333,1336.0,U,U,0.6666666666666666
28/04/2005,10194.58,10229.09,10036.74,10070.37,47.67000000000007,-91.34000000000015,84.76000000000022,10197.466666666665,10183.769999999999,10206.26,10129.556666666665,10198.8,10151.13,10242.47,0.6,1337.0,D,D,0.39999999999999997
29/04/2005,10073.47,10231.31,10021.23,10192.51,-128.42999999999847,47.67000000000007,-91.34000000000015,10140.1,10197.466666666665,10183.769999999999,10206.26,10070.37,10198.8,10151.13,0.39999999999999997,1338.0,U,U,0.6
02/05/2005,10192.0,10309.86,10149.06,10251.7,122.13999999999942,-128.42999999999847,47.67000000000007,10153.893333333333,10140.1,10197.466666666665,10183.769999999999,10192.51,10070.37,10198.8,0.5333333333333333,1339.0,U,D,0.4666666666666666
03/05/2005,10251.04,10327.37,10169.39,10256.95,59.19000000000051,122.13999999999942,-128.42999999999847,10171.526666666667,10153.893333333333,10140.1,10197.466666666665,10251.7,10192.51,10070.37,0.39999999999999997,1340.0,U,U,0.6
04/05/2005,10255.25,10412.2,10239.95,10384.64,5.25,59.19000000000051,122.13999999999942,10233.72,10171.526666666667,10153.893333333333,10140.1,10256.95,10251.7,10192.51,0.4666666666666666,1341.0,U,U,0.5333333333333333
05/05/2005,10384.49,10447.08,10276.75,10340.38,127.68999999999869,5.25,59.19000000000051,10297.763333333334,10233.72,10171.526666666667,10153.893333333333,10384.64,10256.95,10251.7,0.6666666666666666,1342.0,D,D,0.3333333333333333
06/05/2005,10339.71,10454.4,10300.7,10345.4,-44.26000000000022,127.68999999999869,5.25,10327.323333333334,10297.763333333334,10233.72,10171.526666666667,10340.38,10384.64,10256.95,0.6,1343.0,U,D,0.39999999999999997
09/05/2005,10345.4,10416.56,10288.95,10384.34,5.020000000000437,-44.26000000000022,127.68999999999869,10356.806666666665,10327.323333333334,10297.763333333334,10233.72,10345.4,10340.38,10384.64,0.3333333333333333,1344.0,U,U,0.6666666666666666
10/05/2005,10382.94,10389.96,10230.35,10281.11,38.94000000000051,5.020000000000437,-44.26000000000022,10356.706666666667,10356.806666666665,10327.323333333334,10297.763333333334,10384.34,10345.4,10340.38,0.39999999999999997,1345.0,D,U,0.6
11/05/2005,10272.91,10355.31,10172.86,10300.25,-103.22999999999956,38.94000000000051,5.020000000000437,10336.949999999999,10356.706666666667,10356.806666666665,10327.323333333334,10281.11,10384.34,10345.4,0.26666666666666666,1346.0,U,U,0.7333333333333333
12/05/2005,10299.74,10357.37,10155.86,10189.48,19.139999999999418,-103.22999999999956,38.94000000000051,10321.9,10336.949999999999,10356.706666666667,10356.806666666665,10300.25,10281.11,10384.34,0.39999999999999997,1347.0,D,U,0.6
13/05/2005,10188.23,10268.85,10062.76,10140.12,-110.77000000000044,19.139999999999418,-103.22999999999956,10256.946666666667,10321.9,10336.949999999999,10356.706666666667,10189.48,10300.25,10281.11,0.3333333333333333,1348.0,D,U,0.6666666666666666
16/05/2005,10139.61,10274.39,10118.32,10252.29,-49.35999999999876,-110.77000000000044,19.139999999999418,10209.949999999999,10256.946666666667,10321.9,10336.949999999999,10140.12,10189.48,10300.25,0.6,1349.0,U,D,0.39999999999999997
17/05/2005,10247.49,10357.3,10175.81,10331.88,112.17000000000007,-49.35999999999876,-110.77000000000044,10193.963333333333,10209.949999999999,10256.946666666667,10321.9,10252.29,10140.12,10189.48,0.5333333333333333,1350.0,U,D,0.4666666666666666
18/05/2005,10323.19,10518.17,10323.19,10464.45,79.58999999999833,112.17000000000007,-49.35999999999876,10241.43,10193.963333333333,10209.949999999999,10256.946666666667,10331.88,10252.29,10140.12,0.4666666666666666,1351.0,U,U,0.5333333333333333
19/05/2005,10464.45,10538.71,10394.39,10493.19,132.57000000000153,79.58999999999833,112.17000000000007,10349.539999999999,10241.43,10193.963333333333,10209.949999999999,10464.45,10331.88,10252.29,0.7333333333333333,1352.0,U,D,0.26666666666666666
20/05/2005,10492.75,10535.24,10400.6,10471.91,28.73999999999978,132.57000000000153,79.58999999999833,10429.840000000002,10349.539999999999,10241.43,10193.963333333333,10493.19,10464.45,10331.88,0.6666666666666666,1353.0,D,D,0.3333333333333333
23/05/2005,10472.8,10589.92,10438.36,10523.56,-21.280000000000655,28.73999999999978,132.57000000000153,10476.516666666666,10429.840000000002,10349.539999999999,10241.43,10471.91,10493.19,10464.45,0.6,1354.0,U,D,0.39999999999999997
24/05/2005,10522.68,10550.24,10433.78,10503.68,51.649999999999636,-21.280000000000655,28.73999999999978,10496.22,10476.516666666666,10429.840000000002,10349.539999999999,10523.56,10471.91,10493.19,0.6,1355.0,D,D,0.39999999999999997
25/05/2005,10503.17,10516.17,10396.46,10457.8,-19.8799999999992,51.649999999999636,-21.280000000000655,10499.716666666667,10496.22,10476.516666666666,10429.840000000002,10503.68,10523.56,10471.91,0.5333333333333333,1356.0,D,D,0.4666666666666666
26/05/2005,10458.68,10581.87,10450.55,10537.6,-45.88000000000102,-19.8799999999992,51.649999999999636,10495.013333333332,10499.716666666667,10496.22,10476.516666666666,10457.8,10503.68,10523.56,0.2,1357.0,U,U,0.7999999999999999
27/05/2005,10537.08,10579.94,10489.35,10542.55,79.80000000000109,-45.88000000000102,-19.8799999999992,10499.693333333335,10495.013333333332,10499.716666666667,10496.22,10537.6,10457.8,10503.68,0.3333333333333333,1358.0,U,U,0.6666666666666666
31/05/2005,10541.89,10574.92,10437.77,10467.48,4.949999999998909,79.80000000000109,-45.88000000000102,10512.65,10499.693333333335,10495.013333333332,10499.716666666667,10542.55,10537.6,10457.8,0.6,1359.0,D,D,0.39999999999999997
01/06/2005,10462.86,10616.15,10433.48,10549.87,-75.06999999999971,4.949999999998909,79.80000000000109,10515.876666666667,10512.65,10499.693333333335,10495.013333333332,10467.48,10542.55,10537.6,0.4666666666666666,1360.0,U,U,0.5333333333333333
02/06/2005,10548.83,10590.07,10478.26,10553.49,82.39000000000124,-75.06999999999971,4.949999999998909,10519.966666666667,10515.876666666667,10512.65,10499.693333333335,10549.87,10467.48,10542.55,0.26666666666666666,1361.0,U,U,0.7333333333333333
03/06/2005,10552.82,10572.18,10427.35,10460.97,3.6199999999989814,82.39000000000124,-75.06999999999971,10523.613333333333,10519.966666666667,10515.876666666667,10512.65,10553.49,10549.87,10467.48,0.5333333333333333,1362.0,D,D,0.4666666666666666
06/06/2005,10461.64,10519.79,10410.28,10467.03,-92.52000000000044,3.6199999999989814,82.39000000000124,10521.443333333335,10523.613333333333,10519.966666666667,10515.876666666667,10460.97,10553.49,10549.87,0.39999999999999997,1363.0,U,U,0.6
07/06/2005,10466.0,10603.15,10454.18,10483.07,6.06000000000131,-92.52000000000044,3.6199999999989814,10493.83,10521.443333333335,10523.613333333333,10519.966666666667,10467.03,10460.97,10553.49,0.26666666666666666,1364.0,U,U,0.7333333333333333
08/06/2005,10484.84,10575.81,10439.77,10476.86,16.039999999999054,6.06000000000131,-92.52000000000044,10470.356666666667,10493.83,10521.443333333335,10523.613333333333,10483.07,10467.03,10460.97,0.39999999999999997,1365.0,D,U,0.6
09/06/2005,10477.75,10556.9,10410.8,10503.02,-6.209999999999127,16.039999999999054,6.06000000000131,10475.653333333334,10470.356666666667,10493.83,10521.443333333335,10476.86,10483.07,10467.03,0.3333333333333333,1366.0,U,U,0.6666666666666666
10/06/2005,10503.02,10581.13,10410.5,10512.63,26.159999999999854,-6.209999999999127,16.039999999999054,10487.65,10475.653333333334,10470.356666666667,10493.83,10503.02,10476.86,10483.07,0.26666666666666666,1367.0,U,U,0.7333333333333333
13/06/2005,10503.57,10611.1,10437.32,10522.56,9.609999999998763,26.159999999999854,-6.209999999999127,10497.503333333334,10487.65,10475.653333333334,10470.356666666667,10512.63,10503.02,10476.86,0.4666666666666666,1368.0,U,U,0.5333333333333333
14/06/2005,10521.95,10617.01,10473.92,10547.57,9.930000000000291,9.609999999998763,26.159999999999854,10512.736666666666,10497.503333333334,10487.65,10475.653333333334,10522.56,10512.63,10503.02,0.3333333333333333,1369.0,U,U,0.6666666666666666
15/06/2005,10548.65,10628.67,10471.69,10566.37,25.01000000000022,9.930000000000291,9.609999999998763,10527.586666666666,10512.736666666666,10497.503333333334,10487.65,10547.57,10522.56,10512.63,0.3333333333333333,1370.0,U,U,0.6666666666666666
16/06/2005,10566.76,10632.2,10501.92,10578.65,18.80000000000109,25.01000000000022,9.930000000000291,10545.5,10527.586666666666,10512.736666666666,10497.503333333334,10566.37,10547.57,10522.56,0.3333333333333333,1371.0,U,U,0.6666666666666666
17/06/2005,10580.41,10710.38,10561.0,10623.07,12.279999999998836,18.80000000000109,25.01000000000022,10564.196666666669,10545.5,10527.586666666666,10512.736666666666,10578.65,10566.37,10547.57,0.26666666666666666,1372.0,U,U,0.7333333333333333
20/06/2005,10621.54,10656.66,10539.21,10609.1,44.42000000000007,12.279999999998836,18.80000000000109,10589.363333333333,10564.196666666669,10545.5,10527.586666666666,10623.07,10578.65,10566.37,0.39999999999999997,1373.0,D,U,0.6
21/06/2005,10608.88,10670.56,10545.89,10599.67,-13.969999999999345,44.42000000000007,12.279999999998836,10603.606666666667,10589.363333333333,10564.196666666669,10545.5,10609.1,10623.07,10578.65,0.4666666666666666,1374.0,D,U,0.5333333333333333
22/06/2005,10599.36,10676.24,10543.28,10587.93,-9.430000000000291,-13.969999999999345,44.42000000000007,10610.613333333333,10603.606666666667,10589.363333333333,10564.196666666669,10599.67,10609.1,10623.07,0.4666666666666666,1375.0,D,U,0.5333333333333333
23/06/2005,10587.09,10617.39,10401.49,10421.44,-11.739999999999782,-9.430000000000291,-13.969999999999345,10598.9,10610.613333333333,10603.606666666667,10589.363333333333,10587.93,10599.67,10609.1,0.5333333333333333,1376.0,D,D,0.4666666666666666
24/06/2005,10422.28,10452.82,10266.3,10297.83,-166.48999999999978,-11.739999999999782,-9.430000000000291,10536.346666666666,10598.9,10610.613333333333,10603.606666666667,10421.44,10587.93,10599.67,0.4666666666666666,1377.0,D,U,0.5333333333333333
27/06/2005,10298.07,10377.55,10229.4,10290.78,-123.61000000000058,-166.48999999999978,-11.739999999999782,10435.733333333335,10536.346666666666,10598.9,10610.613333333333,10297.83,10421.44,10587.93,0.4666666666666666,1378.0,D,U,0.5333333333333333
28/06/2005,10291.01,10434.18,10285.86,10405.63,-7.049999999999272,-123.61000000000058,-166.48999999999978,10336.683333333334,10435.733333333335,10536.346666666666,10598.9,10290.78,10297.83,10421.44,0.39999999999999997,1379.0,U,U,0.6
29/06/2005,10405.94,10472.46,10332.52,10374.48,114.84999999999854,-7.049999999999272,-123.61000000000058,10331.413333333332,10336.683333333334,10435.733333333335,10536.346666666666,10405.63,10290.78,10297.83,0.39999999999999997,1380.0,D,U,0.6
30/06/2005,10374.18,10458.19,10253.49,10274.97,-31.149999999999636,114.84999999999854,-7.049999999999272,10356.963333333333,10331.413333333332,10336.683333333334,10435.733333333335,10374.48,10405.63,10290.78,0.7333333333333333,1381.0,D,D,0.26666666666666666
01/07/2005,10273.59,10380.78,10239.91,10303.44,-99.51000000000022,-31.149999999999636,114.84999999999854,10351.693333333335,10356.963333333333,10331.413333333332,10336.683333333334,10274.97,10374.48,10405.63,0.4666666666666666,1382.0,U,U,0.5333333333333333
05/07/2005,10292.62,10388.91,10282.64,10371.8,28.470000000001164,-99.51000000000022,-31.149999999999636,10317.63,10351.693333333335,10356.963333333333,10331.413333333332,10303.44,10274.97,10374.48,0.39999999999999997,1383.0,U,U,0.6
06/07/2005,10366.52,10413.23,10242.21,10270.68,68.35999999999876,28.470000000001164,-99.51000000000022,10316.736666666666,10317.63,10351.693333333335,10356.963333333333,10371.8,10303.44,10274.97,0.3333333333333333,1384.0,D,U,0.6666666666666666
07/07/2005,10269.76,10337.84,10142.24,10302.29,-101.11999999999898,68.35999999999876,28.470000000001164,10315.306666666665,10316.736666666666,10317.63,10351.693333333335,10270.68,10371.8,10303.44,0.3333333333333333,1385.0,U,U,0.6666666666666666
08/07/2005,10302.9,10486.5,10279.65,10449.14,31.610000000000582,-101.11999999999898,68.35999999999876,10314.923333333334,10315.306666666665,10316.736666666666,10317.63,10302.29,10270.68,10371.8,0.3333333333333333,1386.0,U,U,0.6666666666666666
11/07/2005,10449.6,10570.67,10425.97,10519.72,146.84999999999854,31.610000000000582,-101.11999999999898,10340.703333333333,10314.923333333334,10315.306666666665,10316.736666666666,10449.14,10302.29,10270.68,0.39999999999999997,1387.0,U,U,0.6
12/07/2005,10519.49,10583.02,10444.46,10513.89,70.57999999999993,146.84999999999854,31.610000000000582,10423.716666666667,10340.703333333333,10314.923333333334,10315.306666666665,10519.72,10449.14,10302.29,0.7999999999999999,1388.0,D,D,0.2
13/07/2005,10513.36,10596.98,10481.36,10557.39,-5.829999999999927,70.57999999999993,146.84999999999854,10494.25,10423.716666666667,10340.703333333333,10314.923333333334,10513.89,10519.72,10449.14,0.6,1389.0,U,D,0.39999999999999997
14/07/2005,10559.86,10696.96,10559.86,10628.88,43.5,-5.829999999999927,70.57999999999993,10530.333333333334,10494.25,10423.716666666667,10340.703333333333,10557.39,10513.89,10519.72,0.6,1390.0,U,D,0.39999999999999997
15/07/2005,10629.44,10698.07,10559.46,10640.83,71.48999999999978,43.5,-5.829999999999927,10566.72,10530.333333333334,10494.25,10423.716666666667,10628.88,10557.39,10513.89,0.26666666666666666,1391.0,U,U,0.7333333333333333
18/07/2005,10640.19,10681.99,10533.59,10574.99,11.950000000000728,71.48999999999978,43.5,10609.033333333333,10566.72,10530.333333333334,10494.25,10640.83,10628.88,10557.39,0.26666666666666666,1392.0,D,U,0.7333333333333333
19/07/2005,10576.9,10718.69,10573.0,10646.56,-65.84000000000015,11.950000000000728,71.48999999999978,10614.9,10609.033333333333,10566.72,10530.333333333334,10574.99,10640.83,10628.88,0.39999999999999997,1393.0,U,U,0.6
20/07/2005,10629.52,10726.81,10535.1,10689.15,71.56999999999971,-65.84000000000015,11.950000000000728,10620.793333333333,10614.9,10609.033333333333,10566.72,10646.56,10574.99,10640.83,0.7333333333333333,1394.0,U,D,0.26666666666666666
21/07/2005,10690.03,10735.33,10567.98,10627.77,42.590000000000146,71.56999999999971,-65.84000000000015,10636.9,10620.793333333333,10614.9,10609.033333333333,10689.15,10646.56,10574.99,0.6666666666666666,1395.0,D,D,0.3333333333333333
22/07/2005,10624.19,10702.21,10552.54,10651.18,-61.3799999999992,42.590000000000146,71.56999999999971,10654.493333333334,10636.9,10620.793333333333,10614.9,10627.77,10689.15,10646.56,0.4666666666666666,1396.0,U,U,0.5333333333333333
25/07/2005,10651.66,10709.69,10565.12,10596.48,23.409999999999854,-61.3799999999992,42.590000000000146,10656.033333333333,10654.493333333334,10636.9,10620.793333333333,10651.18,10627.77,10689.15,0.5333333333333333,1397.0,D,D,0.4666666666666666
26/07/2005,10597.6,10667.9,10535.58,10579.77,-54.70000000000073,23.409999999999854,-61.3799999999992,10625.143333333333,10656.033333333333,10654.493333333334,10636.9,10596.48,10651.18,10627.77,0.4666666666666666,1398.0,D,U,0.5333333333333333
27/07/2005,10579.45,10689.31,10530.5,10637.09,-16.709999999999127,-54.70000000000073,23.409999999999854,10609.143333333333,10625.143333333333,10656.033333333333,10654.493333333334,10579.77,10596.48,10651.18,0.6,1399.0,U,D,0.39999999999999997
28/07/2005,10633.5,10745.68,10603.49,10705.55,57.31999999999971,-16.709999999999127,-54.70000000000073,10604.446666666667,10609.143333333333,10625.143333333333,10656.033333333333,10637.09,10579.77,10596.48,0.6,1400.0,U,D,0.39999999999999997
29/07/2005,10705.16,10754.6,10608.27,10640.91,68.45999999999913,57.31999999999971,-16.709999999999127,10640.803333333333,10604.446666666667,10609.143333333333,10625.143333333333,10705.55,10637.09,10579.77,0.6,1401.0,D,D,0.39999999999999997
01/08/2005,10641.78,10713.51,10578.97,10623.15,-64.63999999999942,68.45999999999913,57.31999999999971,10661.183333333332,10640.803333333333,10604.446666666667,10609.143333333333,10640.91,10705.55,10637.09,0.39999999999999997,1402.0,D,U,0.6
02/08/2005,10623.79,10729.6,10600.62,10683.74,-17.76000000000022,-64.63999999999942,68.45999999999913,10656.536666666667,10661.183333333332,10640.803333333333,10604.446666666667,10623.15,10640.91,10705.55,0.39999999999999997,1403.0,U,U,0.6
03/08/2005,10681.51,10735.17,10600.02,10697.59,60.590000000000146,-17.76000000000022,-64.63999999999942,10649.266666666665,10656.536666666667,10661.183333333332,10640.803333333333,10683.74,10623.15,10640.91,0.6,1404.0,U,D,0.39999999999999997
04/08/2005,10696.8,10709.77,10568.7,10610.1,13.850000000000364,60.590000000000146,-17.76000000000022,10668.16,10649.266666666665,10656.536666666667,10661.183333333332,10697.59,10683.74,10623.15,0.6666666666666666,1405.0,D,D,0.3333333333333333
05/08/2005,10610.34,10643.46,10512.49,10558.03,-87.48999999999978,13.850000000000364,60.590000000000146,10663.81,10668.16,10649.266666666665,10656.536666666667,10610.1,10697.59,10683.74,0.4666666666666666,1406.0,D,U,0.5333333333333333
08/08/2005,10557.24,10635.65,10497.45,10536.93,-52.06999999999971,-87.48999999999978,13.850000000000364,10621.906666666668,10663.81,10668.16,10649.266666666665,10558.03,10610.1,10697.59,0.6,1407.0,D,D,0.39999999999999997
09/08/2005,10537.65,10662.8,10537.01,10615.67,-21.100000000000364,-52.06999999999971,-87.48999999999978,10568.353333333334,10621.906666666668,10663.81,10668.16,10536.93,10558.03,10610.1,0.3333333333333333,1408.0,U,U,0.6666666666666666
10/08/2005,10606.52,10746.87,10553.81,10594.41,78.73999999999978,-21.100000000000364,-52.06999999999971,10570.21,10568.353333333334,10621.906666666668,10663.81,10615.67,10536.93,10558.03,0.6666666666666666,1409.0,D,D,0.3333333333333333
11/08/2005,10591.83,10721.56,10549.43,10685.89,-21.26000000000022,78.73999999999978,-21.100000000000364,10582.336666666666,10570.21,10568.353333333334,10621.906666666668,10594.41,10615.67,10536.93,0.4666666666666666,1410.0,U,U,0.5333333333333333
12/08/2005,10682.7,10688.68,10549.19,10600.3,91.47999999999956,-21.26000000000022,78.73999999999978,10631.99,10582.336666666666,10570.21,10568.353333333334,10685.89,10594.41,10615.67,0.6,1411.0,D,D,0.39999999999999997
15/08/2005,10599.19,10687.72,10532.48,10634.38,-85.59000000000015,91.47999999999956,-21.26000000000022,10626.866666666667,10631.99,10582.336666666666,10570.21,10600.3,10685.89,10594.41,0.5333333333333333,1412.0,U,D,0.4666666666666666
16/08/2005,10631.59,10650.14,10489.24,10513.45,34.07999999999993,-85.59000000000015,91.47999999999956,10640.19,10626.866666666667,10631.99,10582.336666666666,10634.38,10600.3,10685.89,0.5333333333333333,1413.0,D,D,0.4666666666666666
17/08/2005,10505.6,10625.86,10472.45,10550.71,-120.92999999999847,34.07999999999993,-85.59000000000015,10582.710000000001,10640.19,10626.866666666667,10631.99,10513.45,10634.38,10600.3,0.4666666666666666,1414.0,U,U,0.5333333333333333
18/08/2005,10531.12,10592.34,10517.67,10554.92,37.2599999999984,-120.92999999999847,34.07999999999993,10566.18,10582.710000000001,10640.19,10626.866666666667,10550.71,10513.45,10634.38,0.4666666666666666,1415.0,U,U,0.5333333333333333
19/08/2005,10552.7,10656.59,10503.9,10559.23,4.210000000000946,37.2599999999984,-120.92999999999847,10539.693333333335,10566.18,10582.710000000001,10640.19,10554.92,10550.71,10513.45,0.4666666666666666,1416.0,U,U,0.5333333333333333
22/08/2005,10559.78,10669.81,10509.07,10569.89,4.309999999999491,4.210000000000946,37.2599999999984,10554.953333333333,10539.693333333335,10566.18,10582.710000000001,10559.23,10554.92,10550.71,0.3333333333333333,1417.0,U,U,0.6666666666666666
23/08/2005,10571.01,10604.29,10475.63,10519.58,10.659999999999854,4.309999999999491,4.210000000000946,10561.346666666666,10554.953333333333,10539.693333333335,10566.18,10569.89,10559.23,10554.92,0.26666666666666666,1418.0,D,U,0.7333333333333333
24/08/2005,10519.34,10584.3,10407.56,10434.87,-50.30999999999949,10.659999999999854,4.309999999999491,10549.566666666666,10561.346666666666,10554.953333333333,10539.693333333335,10519.58,10569.89,10559.23,0.4666666666666666,1419.0,D,U,0.5333333333333333
25/08/2005,10434.39,10506.6,10391.71,10450.63,-84.70999999999913,-50.30999999999949,10.659999999999854,10508.113333333335,10549.566666666666,10561.346666666666,10554.953333333333,10434.87,10519.58,10569.89,0.4666666666666666,1420.0,U,U,0.5333333333333333
26/08/2005,10450.95,10480.01,10355.02,10397.29,15.7599999999984,-84.70999999999913,-50.30999999999949,10468.36,10508.113333333335,10549.566666666666,10561.346666666666,10450.63,10434.87,10519.58,0.3333333333333333,1421.0,D,U,0.6666666666666666
29/08/2005,10396.9,10508.35,10321.42,10463.05,-53.33999999999833,15.7599999999984,-84.70999999999913,10427.596666666666,10468.36,10508.113333333335,10549.566666666666,10397.29,10450.63,10434.87,0.2,1422.0,U,U,0.7999999999999999
30/08/2005,10461.54,10476.83,10329.15,10412.82,65.7599999999984,-53.33999999999833,15.7599999999984,10436.99,10427.596666666666,10468.36,10508.113333333335,10463.05,10397.29,10450.63,0.3333333333333333,1423.0,D,U,0.6666666666666666
31/08/2005,10415.84,10484.55,10357.65,10481.6,-50.22999999999956,65.7599999999984,-53.33999999999833,10424.386666666667,10436.99,10427.596666666666,10468.36,10412.82,10463.05,10397.29,0.4666666666666666,1424.0,U,U,0.5333333333333333
01/09/2005,10481.44,10557.47,10382.09,10459.63,68.78000000000065,-50.22999999999956,65.7599999999984,10452.49,10424.386666666667,10436.99,10427.596666666666,10481.6,10412.82,10463.05,0.4666666666666666,1425.0,D,U,0.5333333333333333
02/09/2005,10460.67,10536.14,10400.88,10447.37,-21.970000000001164,68.78000000000065,-50.22999999999956,10451.349999999999,10452.49,10424.386666666667,10436.99,10459.63,10481.6,10412.82,0.4666666666666666,1426.0,D,U,0.5333333333333333
06/09/2005,10447.69,10621.96,10447.69,10589.24,-12.2599999999984,-21.970000000001164,68.78000000000065,10462.866666666667,10451.349999999999,10452.49,10424.386666666667,10447.37,10459.63,10481.6,0.4666666666666666,1427.0,U,U,0.5333333333333333
07/09/2005,10588.68,10667.1,10534.23,10633.5,141.86999999999898,-12.2599999999984,-21.970000000001164,10498.746666666666,10462.866666666667,10451.349999999999,10452.49,10589.24,10447.37,10459.63,0.5333333333333333,1428.0,U,D,0.4666666666666666
08/09/2005,10633.11,10670.6,10530.01,10595.93,44.26000000000022,141.86999999999898,-12.2599999999984,10556.703333333333,10498.746666666666,10462.866666666667,10451.349999999999,10633.5,10589.24,10447.37,0.39999999999999997,1429.0,D,U,0.6
09/09/2005,10594.1,10727.53,10573.47,10678.56,-37.56999999999971,44.26000000000022,141.86999999999898,10606.223333333333,10556.703333333333,10498.746666666666,10462.866666666667,10595.93,10633.5,10589.24,0.4666666666666666,1430.0,U,U,0.5333333333333333
12/09/2005,10678.41,10743.77,10618.13,10682.94,82.6299999999992,-37.56999999999971,44.26000000000022,10635.996666666666,10606.223333333333,10556.703333333333,10498.746666666666,10678.56,10595.93,10633.5,0.6,1431.0,U,D,0.39999999999999997
13/09/2005,10673.71,10701.57,10561.61,10597.44,4.380000000001019,82.6299999999992,-37.56999999999971,10652.476666666667,10635.996666666666,10606.223333333333,10556.703333333333,10682.94,10678.56,10595.93,0.5333333333333333,1432.0,D,D,0.4666666666666666
14/09/2005,10545.85,10627.85,10488.05,10558.75,-85.5,4.380000000001019,82.6299999999992,10652.980000000001,10652.476666666667,10635.996666666666,10606.223333333333,10597.44,10682.94,10678.56,0.39999999999999997,1433.0,U,U,0.6
15/09/2005,10545.85,10627.85,10488.05,10558.75,-38.69000000000051,-85.5,4.380000000001019,10613.043333333333,10652.980000000001,10652.476666666667,10635.996666666666,10558.75,10597.44,10682.94,0.6,1434.0,U,D,0.39999999999999997
16/09/2005,10560.5,10696.24,10539.64,10641.94,0.0,-38.69000000000051,-85.5,10571.646666666667,10613.043333333333,10652.980000000001,10652.476666666667,10558.75,10558.75,10597.44,0.4666666666666666,1435.0,U,U,0.5333333333333333
19/09/2005,10641.87,10656.75,10497.29,10557.63,83.19000000000051,0.0,-38.69000000000051,10586.480000000001,10571.646666666667,10613.043333333333,10652.980000000001,10641.94,10558.75,10558.75,0.7333333333333333,1436.0,D,D,0.26666666666666666
20/09/2005,10558.19,10642.26,10453.98,10481.52,-84.31000000000131,83.19000000000051,0.0,10586.106666666667,10586.480000000001,10571.646666666667,10613.043333333333,10557.63,10641.94,10558.75,0.39999999999999997,1437.0,D,U,0.6
21/09/2005,10484.23,10512.02,10335.28,10378.03,-76.10999999999876,-84.31000000000131,83.19000000000051,10560.363333333333,10586.106666666667,10586.480000000001,10571.646666666667,10481.52,10557.63,10641.94,0.4666666666666666,1438.0,D,U,0.5333333333333333
22/09/2005,10376.2,10489.64,10303.51,10422.05,-103.48999999999978,-76.10999999999876,-84.31000000000131,10472.393333333333,10560.363333333333,10586.106666666667,10586.480000000001,10378.03,10481.52,10557.63,0.6,1439.0,U,D,0.39999999999999997
23/09/2005,10421.81,10494.42,10328.59,10419.59,44.01999999999862,-103.48999999999978,-76.10999999999876,10427.2,10472.393333333333,10560.363333333333,10586.106666666667,10422.05,10378.03,10481.52,0.39999999999999997,1440.0,D,U,0.6
26/09/2005,10420.22,10544.98,10381.53,10443.63,-2.459999999999127,44.01999999999862,-103.48999999999978,10406.556666666667,10427.2,10472.393333333333,10560.363333333333,10419.59,10422.05,10378.03,0.26666666666666666,1441.0,U,U,0.7333333333333333
27/09/2005,10444.58,10534.31,10376.83,10456.21,24.039999999999054,-2.459999999999127,44.01999999999862,10428.423333333332,10406.556666666667,10427.2,10472.393333333333,10443.63,10419.59,10422.05,0.3333333333333333,1442.0,U,U,0.6666666666666666
28/09/2005,10456.61,10560.02,10390.05,10473.08,12.579999999999927,24.039999999999054,-2.459999999999127,10439.81,10428.423333333332,10406.556666666667,10427.2,10456.21,10443.63,10419.59,0.5333333333333333,1443.0,U,D,0.4666666666666666
29/09/2005,10472.61,10583.43,10389.01,10552.78,16.8700000000008,12.579999999999927,24.039999999999054,10457.64,10439.81,10428.423333333332,10406.556666666667,10473.08,10456.21,10443.63,0.5333333333333333,1444.0,U,D,0.4666666666666666
30/09/2005,10540.51,10569.81,10526.34,10568.7,79.70000000000073,16.8700000000008,12.579999999999927,10494.023333333333,10457.64,10439.81,10428.423333333332,10552.78,10473.08,10456.21,0.39999999999999997,1445.0,U,U,0.6
03/10/2005,10569.5,10637.0,10486.17,10535.48,15.920000000000073,79.70000000000073,16.8700000000008,10531.52,10494.023333333333,10457.64,10439.81,10568.7,10552.78,10473.08,0.39999999999999997,1446.0,D,U,0.6
04/10/2005,10534.36,10618.41,10409.89,10441.11,-33.220000000001164,15.920000000000073,79.70000000000073,10552.320000000002,10531.52,10494.023333333333,10457.64,10535.48,10568.7,10552.78,0.26666666666666666,1447.0,D,U,0.7333333333333333
05/10/2005,10434.81,10477.21,10299.27,10317.36,-94.36999999999898,-33.220000000001164,15.920000000000073,10515.096666666666,10552.320000000002,10531.52,10494.023333333333,10441.11,10535.48,10568.7,0.26666666666666666,1448.0,D,U,0.7333333333333333
06/10/2005,10317.36,10425.98,10200.81,10287.1,-123.75,-94.36999999999898,-33.220000000001164,10431.316666666668,10515.096666666666,10552.320000000002,10531.52,10317.36,10441.11,10535.48,0.3333333333333333,1449.0,D,U,0.6666666666666666
07/10/2005,10287.42,10387.48,10221.47,10292.31,-30.26000000000022,-123.75,-94.36999999999898,10348.523333333333,10431.316666666668,10515.096666666666,10552.320000000002,10287.1,10317.36,10441.11,0.3333333333333333,1450.0,U,U,0.6666666666666666
10/10/2005,10292.95,10378.19,10184.09,10238.76,5.209999999999127,-30.26000000000022,-123.75,10298.923333333332,10348.523333333333,10431.316666666668,10515.096666666666,10292.31,10287.1,10317.36,0.3333333333333333,1451.0,D,U,0.6666666666666666
11/10/2005,10239.16,10361.15,10195.13,10253.17,-53.54999999999927,5.209999999999127,-30.26000000000022,10272.723333333333,10298.923333333332,10348.523333333333,10431.316666666668,10238.76,10292.31,10287.1,0.39999999999999997,1452.0,U,U,0.6
12/10/2005,10247.4,10308.23,10186.17,10216.9,14.409999999999854,-53.54999999999927,5.209999999999127,10261.413333333332,10272.723333333333,10298.923333333332,10348.523333333333,10253.17,10238.76,10292.31,0.4666666666666666,1453.0,D,U,0.5333333333333333
13/10/2005,10216.91,10309.2,10098.18,10216.59,-36.27000000000044,14.409999999999854,-53.54999999999927,10236.276666666667,10261.413333333332,10272.723333333333,10298.923333333332,10216.9,10253.17,10238.76,0.4666666666666666,1454.0,D,U,0.5333333333333333
14/10/2005,10216.59,10327.21,10165.12,10287.34,-0.3099999999994907,-36.27000000000044,14.409999999999854,10228.886666666667,10236.276666666667,10261.413333333332,10272.723333333333,10216.59,10216.9,10253.17,0.5333333333333333,1455.0,U,D,0.4666666666666666
17/10/2005,10287.42,10419.58,10213.06,10348.1,70.75,-0.3099999999994907,-36.27000000000044,10240.276666666667,10228.886666666667,10236.276666666667,10261.413333333332,10287.34,10216.59,10216.9,0.6,1456.0,U,D,0.39999999999999997
18/10/2005,10349.14,10412.85,10233.47,10285.26,60.76000000000022,70.75,-0.3099999999994907,10284.01,10240.276666666667,10228.886666666667,10236.276666666667,10348.1,10287.34,10216.59,0.7333333333333333,1457.0,D,D,0.26666666666666666
19/10/2005,10277.18,10444.15,10173.52,10414.13,-62.840000000000146,60.76000000000022,70.75,10306.900000000001,10284.01,10240.276666666667,10228.886666666667,10285.26,10348.1,10287.34,0.4666666666666666,1458.0,U,U,0.5333333333333333
20/10/2005,10411.73,10483.21,10230.27,10281.1,128.86999999999898,-62.840000000000146,60.76000000000022,10349.163333333332,10306.900000000001,10284.01,10240.276666666667,10414.13,10285.26,10348.1,0.4666666666666666,1459.0,D,U,0.5333333333333333
21/10/2005,10282.22,10354.02,10161.6,10215.22,-133.02999999999884,128.86999999999898,-62.840000000000146,10326.83,10349.163333333332,10306.900000000001,10284.01,10281.1,10414.13,10285.26,0.39999999999999997,1460.0,D,U,0.6
24/10/2005,10219.15,10411.57,10219.15,10385.0,-65.88000000000102,-133.02999999999884,128.86999999999898,10303.483333333332,10326.83,10349.163333333332,10306.900000000001,10215.22,10281.1,10414.13,0.3333333333333333,1461.0,U,U,0.6666666666666666
25/10/2005,10383.88,10457.52,10282.78,10377.87,169.78000000000065,-65.88000000000102,-133.02999999999884,10293.773333333333,10303.483333333332,10326.83,10349.163333333332,10385.0,10215.22,10281.1,0.4666666666666666,1462.0,D,U,0.5333333333333333
26/10/2005,10377.39,10474.18,10283.1,10344.98,-7.1299999999992,169.78000000000065,-65.88000000000102,10326.03,10293.773333333333,10303.483333333332,10326.83,10377.87,10385.0,10215.22,0.7333333333333333,1463.0,D,D,0.26666666666666666
27/10/2005,10334.81,10348.66,10229.95,10229.95,-32.89000000000124,-7.1299999999992,169.78000000000065,10369.283333333335,10326.03,10293.773333333333,10303.483333333332,10344.98,10377.87,10385.0,0.5333333333333333,1464.0,D,D,0.4666666666666666
28/10/2005,10231.15,10433.51,10213.14,10402.77,-115.02999999999884,-32.89000000000124,-7.1299999999992,10317.6,10369.283333333335,10326.03,10293.773333333333,10229.95,10344.98,10377.87,0.3333333333333333,1465.0,U,U,0.6666666666666666
31/10/2005,10403.17,10539.16,10372.67,10440.07,172.8199999999997,-115.02999999999884,-32.89000000000124,10325.9,10317.6,10369.283333333335,10326.03,10402.77,10229.95,10344.98,0.5333333333333333,1466.0,U,D,0.4666666666666666
01/11/2005,10437.51,10510.03,10352.42,10406.77,37.29999999999927,172.8199999999997,-115.02999999999884,10357.596666666666,10325.9,10317.6,10369.283333333335,10440.07,10402.77,10229.95,0.6666666666666666,1467.0,D,D,0.3333333333333333
02/11/2005,10406.29,10527.32,10347.7,10472.73,-33.29999999999927,37.29999999999927,172.8199999999997,10416.536666666667,10357.596666666666,10325.9,10317.6,10406.77,10440.07,10402.77,0.6666666666666666,1468.0,U,D,0.3333333333333333
03/11/2005,10470.49,10613.84,10421.98,10522.59,65.95999999999913,-33.29999999999927,37.29999999999927,10439.856666666667,10416.536666666667,10357.596666666666,10325.9,10472.73,10406.77,10440.07,0.4666666666666666,1469.0,U,U,0.5333333333333333
04/11/2005,10523.23,10593.51,10441.59,10530.76,49.86000000000058,65.95999999999913,-33.29999999999927,10467.363333333333,10439.856666666667,10416.536666666667,10357.596666666666,10522.59,10472.73,10406.77,0.4666666666666666,1470.0,U,U,0.5333333333333333
07/11/2005,10531.24,10632.34,10488.74,10586.23,8.170000000000073,49.86000000000058,65.95999999999913,10508.693333333335,10467.363333333333,10439.856666666667,10416.536666666667,10530.76,10522.59,10472.73,0.4666666666666666,1471.0,U,U,0.5333333333333333
08/11/2005,10574.18,10606.8,10478.49,10539.72,55.469999999999345,8.170000000000073,49.86000000000058,10546.526666666667,10508.693333333335,10467.363333333333,10439.856666666667,10586.23,10530.76,10522.59,0.39999999999999997,1472.0,D,U,0.6
09/11/2005,10539.24,10637.78,10466.24,10546.21,-46.51000000000022,55.469999999999345,8.170000000000073,10552.236666666666,10546.526666666667,10508.693333333335,10467.363333333333,10539.72,10586.23,10530.76,0.39999999999999997,1473.0,U,U,0.6
10/11/2005,10550.61,10655.22,10519.71,10640.1,6.489999999999782,-46.51000000000022,55.469999999999345,10557.386666666665,10552.236666666666,10546.526666666667,10508.693333333335,10546.21,10539.72,10586.23,0.3333333333333333,1474.0,U,U,0.6666666666666666
11/11/2005,10641.3,10725.99,10595.89,10686.04,93.89000000000124,6.489999999999782,-46.51000000000022,10575.343333333332,10557.386666666665,10552.236666666666,10546.526666666667,10640.1,10546.21,10539.72,0.4666666666666666,1475.0,U,U,0.5333333333333333
14/11/2005,10686.6,10756.88,10618.89,10697.17,45.94000000000051,93.89000000000124,6.489999999999782,10624.116666666667,10575.343333333332,10557.386666666665,10552.236666666666,10686.04,10640.1,10546.21,0.6,1476.0,U,D,0.39999999999999997
15/11/2005,10697.01,10783.62,10610.08,10686.44,11.1299999999992,45.94000000000051,93.89000000000124,10674.436666666666,10624.116666666667,10575.343333333332,10557.386666666665,10697.17,10686.04,10640.1,0.5333333333333333,1477.0,D,D,0.4666666666666666
16/11/2005,10697.81,10710.78,10653.14,10674.76,-10.729999999999563,11.1299999999992,45.94000000000051,10689.883333333333,10674.436666666666,10624.116666666667,10575.343333333332,10686.44,10697.17,10686.04,0.5333333333333333,1478.0,D,D,0.4666666666666666
17/11/2005,10677.0,10778.5,10619.61,10720.22,-11.680000000000291,-10.729999999999563,11.1299999999992,10686.123333333335,10689.883333333333,10674.436666666666,10624.116666666667,10674.76,10686.44,10697.17,0.5333333333333333,1479.0,U,D,0.4666666666666666
18/11/2005,10719.34,10865.58,10663.79,10766.33,45.45999999999913,-11.680000000000291,-10.729999999999563,10693.806666666665,10686.123333333335,10689.883333333333,10674.436666666666,10720.22,10674.76,10686.44,0.39999999999999997,1480.0,U,U,0.6
21/11/2005,10766.33,10871.11,10708.86,10820.28,46.11000000000058,45.45999999999913,-11.680000000000291,10720.436666666666,10693.806666666665,10686.123333333335,10689.883333333333,10766.33,10720.22,10674.76,0.4666666666666666,1481.0,U,U,0.5333333333333333
22/11/2005,10815.96,10907.77,10729.99,10871.43,53.95000000000073,46.11000000000058,45.45999999999913,10768.943333333335,10720.436666666666,10693.806666666665,10686.123333333335,10820.28,10766.33,10720.22,0.39999999999999997,1482.0,U,U,0.6
23/11/2005,10865.9,10950.59,10855.42,10916.09,51.149999999999636,53.95000000000073,46.11000000000058,10819.346666666666,10768.943333333335,10720.436666666666,10693.806666666665,10871.43,10820.28,10766.33,0.6666666666666666,1483.0,U,D,0.3333333333333333
25/11/2005,10915.13,10997.5,10883.55,10931.62,44.659999999999854,51.149999999999636,53.95000000000073,10869.266666666666,10819.346666666666,10768.943333333335,10720.436666666666,10916.09,10871.43,10820.28,0.6666666666666666,1484.0,U,D,0.3333333333333333
28/11/2005,10932.74,10992.39,10839.37,10890.72,15.530000000000655,44.659999999999854,51.149999999999636,10906.38,10869.266666666666,10819.346666666666,10768.943333333335,10931.62,10916.09,10871.43,0.6,1485.0,D,D,0.39999999999999997
29/11/2005,10888.48,10994.85,10850.29,10888.16,-40.900000000001455,15.530000000000655,44.659999999999854,10912.81,10906.38,10869.266666666666,10819.346666666666,10890.72,10931.62,10916.09,0.6,1486.0,D,D,0.39999999999999997
30/11/2005,10883.91,10959.8,10789.38,10805.87,-2.5599999999994907,-40.900000000001455,15.530000000000655,10903.5,10912.81,10906.38,10869.266666666666,10888.16,10890.72,10931.62,0.6,1487.0,D,D,0.39999999999999997
01/12/2005,10806.03,10969.97,10806.03,10912.57,-82.28999999999905,-2.5599999999994907,-40.900000000001455,10861.583333333334,10903.5,10912.81,10906.38,10805.87,10888.16,10890.72,0.39999999999999997,1488.0,U,U,0.6
02/12/2005,10912.01,10952.83,10818.36,10877.51,106.69999999999891,-82.28999999999905,-2.5599999999994907,10868.866666666667,10861.583333333334,10903.5,10912.81,10912.57,10805.87,10888.16,0.7999999999999999,1489.0,D,D,0.2
05/12/2005,10876.95,10923.37,10766.57,10835.01,-35.05999999999949,106.69999999999891,-82.28999999999905,10865.316666666668,10868.866666666667,10861.583333333334,10903.5,10877.51,10912.57,10805.87,0.7999999999999999,1490.0,D,D,0.2
06/12/2005,10835.41,10956.13,10809.15,10856.86,-42.5,-35.05999999999949,106.69999999999891,10875.03,10865.316666666668,10868.866666666667,10861.583333333334,10835.01,10877.51,10912.57,0.4666666666666666,1491.0,U,U,0.5333333333333333
07/12/2005,10856.86,10916.89,10737.27,10810.91,21.850000000000364,-42.5,-35.05999999999949,10856.460000000001,10875.03,10865.316666666668,10868.866666666667,10856.86,10835.01,10877.51,0.6,1492.0,D,D,0.39999999999999997
08/12/2005,10808.43,10871.11,10705.17,10755.12,-45.95000000000073,21.850000000000364,-42.5,10834.26,10856.460000000001,10875.03,10865.316666666668,10810.91,10856.86,10835.01,0.3333333333333333,1493.0,D,U,0.6666666666666666
09/12/2005,10751.76,10845.33,10694.05,10778.58,-55.789999999999054,-45.95000000000073,21.850000000000364,10807.63,10834.26,10856.460000000001,10875.03,10755.12,10810.91,10856.86,0.4666666666666666,1494.0,U,U,0.5333333333333333
12/12/2005,10778.66,10857.02,10707.18,10767.77,23.459999999999127,-55.789999999999054,-45.95000000000073,10781.536666666667,10807.63,10834.26,10856.460000000001,10778.58,10755.12,10810.91,0.6,1495.0,D,D,0.39999999999999997
13/12/2005,10765.69,10902.64,10694.29,10823.72,-10.80999999999949,23.459999999999127,-55.789999999999054,10767.156666666668,10781.536666666667,10807.63,10834.26,10767.77,10778.58,10755.12,0.5333333333333333,1496.0,U,D,0.4666666666666666
14/12/2005,10821.32,10953.07,10786.34,10883.51,55.94999999999891,-10.80999999999949,23.459999999999127,10790.023333333333,10767.156666666668,10781.536666666667,10807.63,10823.72,10767.77,10778.58,0.5333333333333333,1497.0,U,D,0.4666666666666666
15/12/2005,10883.43,10985.01,10803.55,10881.67,59.79000000000087,55.94999999999891,-10.80999999999949,10825.0,10790.023333333333,10767.156666666668,10781.536666666667,10883.51,10823.72,10767.77,0.5333333333333333,1498.0,D,D,0.4666666666666666
16/12/2005,10881.67,10978.21,10830.84,10875.59,-1.8400000000001455,59.79000000000087,55.94999999999891,10862.966666666667,10825.0,10790.023333333333,10767.156666666668,10881.67,10883.51,10823.72,0.6666666666666666,1499.0,D,D,0.3333333333333333
19/12/2005,10875.51,10970.04,10781.7,10836.53,-6.079999999999927,-1.8400000000001455,59.79000000000087,10880.256666666666,10862.966666666667,10825.0,10790.023333333333,10875.59,10881.67,10883.51,0.5333333333333333,1500.0,D,D,0.4666666666666666
20/12/2005,10836.93,10905.28,10754.56,10805.55,-39.05999999999949,-6.079999999999927,-1.8400000000001455,10864.596666666666,10880.256666666666,10862.966666666667,10825.0,10836.53,10875.59,10881.67,0.4666666666666666,1501.0,D,U,0.5333333333333333
21/12/2005,10805.63,10933.7,10776.01,10833.73,-30.980000000001382,-39.05999999999949,-6.079999999999927,10839.223333333333,10864.596666666666,10880.256666666666,10862.966666666667,10805.55,10836.53,10875.59,0.4666666666666666,1502.0,U,U,0.5333333333333333
22/12/2005,10831.56,10928.34,10785.93,10889.44,28.18000000000029,-30.980000000001382,-39.05999999999949,10825.27,10839.223333333333,10864.596666666666,10880.256666666666,10833.73,10805.55,10836.53,0.7333333333333333,1503.0,U,D,0.26666666666666666
23/12/2005,10901.68,10904.4,10869.98,10883.27,55.710000000000946,28.18000000000029,-30.980000000001382,10842.906666666668,10825.27,10839.223333333333,10864.596666666666,10889.44,10833.73,10805.55,0.6,1504.0,D,D,0.39999999999999997
27/12/2005,10883.75,10956.99,10754.16,10777.77,-6.170000000000073,55.710000000000946,28.18000000000029,10868.813333333334,10842.906666666668,10825.27,10839.223333333333,10883.27,10889.44,10833.73,0.6666666666666666,1505.0,D,D,0.3333333333333333
28/12/2005,10778.25,10858.07,10750.4,10796.26,-105.5,-6.170000000000073,55.710000000000946,10850.16,10868.813333333334,10842.906666666668,10825.27,10777.77,10883.27,10889.44,0.26666666666666666,1506.0,U,U,0.7333333333333333
29/12/2005,10795.7,10870.71,10747.76,10784.82,18.48999999999978,-105.5,-6.170000000000073,10819.1,10850.16,10868.813333333334,10842.906666666668,10796.26,10777.77,10883.27,0.7333333333333333,1507.0,D,D,0.26666666666666666
30/12/2005,10783.86,10801.87,10675.64,10717.5,-11.44000000000051,18.48999999999978,-105.5,10786.283333333333,10819.1,10850.16,10868.813333333334,10784.82,10796.26,10777.77,0.6,1508.0,D,D,0.39999999999999997
03/01/2006,10718.3,10888.4,10650.18,10847.41,-67.31999999999971,-11.44000000000051,18.48999999999978,10766.193333333335,10786.283333333333,10819.1,10850.16,10717.5,10784.82,10796.26,0.4666666666666666,1509.0,U,U,0.5333333333333333
04/01/2006,10843.97,10946.27,10772.89,10880.15,129.90999999999985,-67.31999999999971,-11.44000000000051,10783.243333333334,10766.193333333335,10786.283333333333,10819.1,10847.41,10717.5,10784.82,0.5333333333333333,1510.0,U,D,0.4666666666666666
05/01/2006,10880.39,10951.39,10797.55,10882.15,32.73999999999978,129.90999999999985,-67.31999999999971,10815.019999999999,10783.243333333334,10766.193333333335,10786.283333333333,10880.15,10847.41,10717.5,0.6,1511.0,U,D,0.39999999999999997
06/01/2006,10875.45,11005.98,10846.21,10959.31,2.0,32.73999999999978,129.90999999999985,10869.903333333334,10815.019999999999,10783.243333333334,10766.193333333335,10882.15,10880.15,10847.41,0.5333333333333333,1512.0,U,D,0.4666666666666666
09/01/2006,10959.47,11053.93,10906.33,11011.9,77.15999999999985,2.0,32.73999999999978,10907.203333333333,10869.903333333334,10815.019999999999,10783.243333333334,10959.31,10882.15,10880.15,0.5333333333333333,1513.0,U,D,0.4666666666666666
10/01/2006,11010.46,11054.49,10902.96,11011.58,52.590000000000146,77.15999999999985,2.0,10951.12,10907.203333333333,10869.903333333334,10815.019999999999,11011.9,10959.31,10882.15,0.4666666666666666,1514.0,U,U,0.5333333333333333
11/01/2006,11011.66,11099.15,10939.86,11043.44,-0.31999999999970896,52.590000000000146,77.15999999999985,10994.263333333334,10951.12,10907.203333333333,10869.903333333334,11011.58,11011.9,10959.31,0.3333333333333333,1515.0,U,U,0.6666666666666666
12/01/2006,11043.12,11070.1,10918.09,10962.36,31.860000000000582,-0.31999999999970896,52.590000000000146,11022.306666666665,10994.263333333334,10951.12,10907.203333333333,11043.44,11011.58,11011.9,0.39999999999999997,1516.0,D,U,0.6
13/01/2006,10961.48,11033.04,10888.88,10959.87,-81.07999999999993,31.860000000000582,-0.31999999999970896,11005.793333333335,11022.306666666665,10994.263333333334,10951.12,10962.36,11043.44,11011.58,0.26666666666666666,1517.0,D,U,0.7333333333333333
17/01/2006,10957.55,10977.01,10841.17,10896.32,-2.4899999999997817,-81.07999999999993,31.860000000000582,10988.55666666667,11005.793333333335,11022.306666666665,10994.263333333334,10959.87,10962.36,11043.44,0.3333333333333333,1518.0,D,U,0.6666666666666666
18/01/2006,10890.08,10934.9,10778.33,10854.86,-63.55000000000109,-2.4899999999997817,-81.07999999999993,10939.516666666668,10988.55666666667,11005.793333333335,11022.306666666665,10896.32,10959.87,10962.36,0.6,1519.0,D,D,0.39999999999999997
19/01/2006,10855.18,10965.0,10796.66,10880.71,-41.45999999999913,-63.55000000000109,-2.4899999999997817,10903.683333333334,10939.516666666668,10988.55666666667,11005.793333333335,10854.86,10896.32,10959.87,0.6,1520.0,U,D,0.39999999999999997
20/01/2006,10880.71,10890.08,10637.21,10667.39,25.849999999998545,-41.45999999999913,-63.55000000000109,10877.296666666667,10903.683333333334,10939.516666666668,10988.55666666667,10880.71,10854.86,10896.32,0.6666666666666666,1521.0,D,D,0.3333333333333333
23/01/2006,10668.75,10783.7,10607.36,10688.77,-213.3199999999997,25.849999999998545,-41.45999999999913,10800.986666666666,10877.296666666667,10903.683333333334,10939.516666666668,10667.39,10880.71,10854.86,0.26666666666666666,1522.0,U,U,0.7333333333333333
24/01/2006,10690.21,10804.75,10624.49,10712.22,21.38000000000102,-213.3199999999997,25.849999999998545,10745.623333333333,10800.986666666666,10877.296666666667,10903.683333333334,10688.77,10667.39,10880.71,0.6,1523.0,U,D,0.39999999999999997
25/01/2006,10713.26,10832.93,10615.2,10709.74,23.44999999999891,21.38000000000102,-213.3199999999997,10689.46,10745.623333333333,10800.986666666666,10877.296666666667,10712.22,10688.77,10667.39,0.6,1524.0,D,D,0.39999999999999997
26/01/2006,10768.17,10827.96,10709.73,10809.47,-2.4799999999995634,23.44999999999891,21.38000000000102,10703.576666666666,10689.46,10745.623333333333,10800.986666666666,10709.74,10712.22,10688.77,0.4666666666666666,1525.0,U,U,0.5333333333333333
27/01/2006,10815.32,10988.29,10766.01,10907.21,99.72999999999956,-2.4799999999995634,23.44999999999891,10743.81,10703.576666666666,10689.46,10745.623333333333,10809.47,10709.74,10712.22,0.39999999999999997,1526.0,U,U,0.6
30/01/2006,10913.13,10930.34,10887.67,10899.92,97.73999999999978,99.72999999999956,-2.4799999999995634,10808.806666666665,10743.81,10703.576666666666,10689.46,10907.21,10809.47,10709.74,0.5333333333333333,1527.0,D,D,0.4666666666666666
31/01/2006,10900.4,10970.28,10807.55,10864.86,-7.289999999999054,97.73999999999978,99.72999999999956,10872.199999999999,10808.806666666665,10743.81,10703.576666666666,10899.92,10907.21,10809.47,0.6,1528.0,D,D,0.39999999999999997
01/02/2006,10862.14,11001.82,10815.39,10953.95,-35.05999999999949,-7.289999999999054,97.73999999999978,10890.663333333332,10872.199999999999,10808.806666666665,10743.81,10864.86,10899.92,10907.21,0.4666666666666666,1529.0,U,U,0.5333333333333333
02/02/2006,10950.11,10987.73,10800.35,10851.98,89.09000000000015,-35.05999999999949,-7.289999999999054,10906.243333333334,10890.663333333332,10872.199999999999,10808.806666666665,10953.95,10864.86,10899.92,0.6666666666666666,1530.0,D,D,0.3333333333333333
03/02/2006,10849.57,10905.28,10725.35,10793.62,-101.97000000000116,89.09000000000015,-35.05999999999949,10890.263333333334,10906.243333333334,10890.663333333332,10872.199999999999,10851.98,10953.95,10864.86,0.5333333333333333,1531.0,D,D,0.4666666666666666
06/02/2006,10793.3,10868.62,10725.91,10798.27,-58.35999999999876,-101.97000000000116,89.09000000000015,10866.516666666668,10890.263333333334,10906.243333333334,10890.663333333332,10793.62,10851.98,10953.95,0.3333333333333333,1532.0,U,U,0.6666666666666666
07/02/2006,10796.42,10874.79,10691.97,10749.76,4.649999999999636,-58.35999999999876,-101.97000000000116,10814.623333333333,10866.516666666668,10890.263333333334,10906.243333333334,10798.27,10793.62,10851.98,0.6,1533.0,D,D,0.39999999999999997
08/02/2006,10742.16,10897.44,10712.3,10858.62,-48.51000000000022,4.649999999999636,-58.35999999999876,10780.550000000001,10814.623333333333,10866.516666666668,10890.263333333334,10749.76,10798.27,10793.62,0.4666666666666666,1534.0,U,U,0.5333333333333333
09/02/2006,10859.42,11003.5,10800.91,10883.35,108.86000000000058,-48.51000000000022,4.649999999999636,10802.216666666667,10780.550000000001,10814.623333333333,10866.516666666668,10858.62,10749.76,10798.27,0.4666666666666666,1535.0,U,U,0.5333333333333333
10/02/2006,10883.51,10972.76,10787.62,10919.05,24.729999999999563,108.86000000000058,-48.51000000000022,10830.576666666668,10802.216666666667,10780.550000000001,10814.623333333333,10883.35,10858.62,10749.76,0.6666666666666666,1536.0,U,D,0.3333333333333333
13/02/2006,10915.21,10982.93,10824.6,10892.32,35.69999999999891,24.729999999999563,108.86000000000058,10887.006666666666,10830.576666666668,10802.216666666667,10780.550000000001,10919.05,10883.35,10858.62,0.4666666666666666,1537.0,D,U,0.5333333333333333
14/02/2006,10890.72,11071.54,10873.62,11028.39,-26.729999999999563,35.69999999999891,24.729999999999563,10898.24,10887.006666666666,10830.576666666668,10802.216666666667,10892.32,10919.05,10883.35,0.6666666666666666,1538.0,U,D,0.3333333333333333
15/02/2006,11025.67,11115.56,10940.18,11058.97,136.0699999999997,-26.729999999999563,35.69999999999891,10946.586666666664,10898.24,10887.006666666666,10830.576666666668,11028.39,10892.32,10919.05,0.6,1539.0,U,D,0.39999999999999997
16/02/2006,11059.05,11154.14,10997.66,11120.68,30.579999999999927,136.0699999999997,-26.729999999999563,10993.226666666667,10946.586666666664,10898.24,10887.006666666666,11058.97,11028.39,10892.32,0.4666666666666666,1540.0,U,U,0.5333333333333333
17/02/2006,11119.56,11178.8,11035.44,11115.32,61.710000000000946,30.579999999999927,136.0699999999997,11069.346666666666,10993.226666666667,10946.586666666664,10898.24,11120.68,11058.97,11028.39,0.5333333333333333,1541.0,D,D,0.4666666666666666
21/02/2006,11115.48,11182.68,11011.18,11069.06,-5.360000000000582,61.710000000000946,30.579999999999927,11098.323333333334,11069.346666666666,10993.226666666667,10946.586666666664,11115.32,11120.68,11058.97,0.39999999999999997,1542.0,D,U,0.6
22/02/2006,11086.98,11159.02,11064.25,11137.17,-46.26000000000022,-5.360000000000582,61.710000000000946,11101.686666666666,11098.323333333334,11069.346666666666,10993.226666666667,11069.06,11115.32,11120.68,0.2,1543.0,U,U,0.7999999999999999
23/02/2006,11133.52,11167.83,11017.27,11069.22,68.11000000000058,-46.26000000000022,-5.360000000000582,11107.183333333332,11101.686666666666,11098.323333333334,11069.346666666666,11137.17,11069.06,11115.32,0.39999999999999997,1544.0,D,U,0.6
24/02/2006,11068.33,11085.38,11010.46,11061.85,-67.95000000000073,68.11000000000058,-46.26000000000022,11091.816666666666,11107.183333333332,11101.686666666666,11098.323333333334,11069.22,11137.17,11069.06,0.3333333333333333,1545.0,D,U,0.6666666666666666
27/02/2006,11062.81,11180.48,11038.72,11097.55,-7.369999999998981,-67.95000000000073,68.11000000000058,11089.413333333332,11091.816666666666,11107.183333333332,11101.686666666666,11061.85,11069.22,11137.17,0.26666666666666666,1546.0,U,U,0.7333333333333333
28/02/2006,11096.75,11115.24,10947.07,10993.41,35.69999999999891,-7.369999999998981,-67.95000000000073,11076.206666666665,11089.413333333332,11091.816666666666,11107.183333333332,11097.55,11061.85,11069.22,0.3333333333333333,1547.0,D,U,0.6666666666666666
01/03/2006,10993.25,11115.8,10960.6,11053.53,-104.13999999999942,35.69999999999891,-7.369999999998981,11050.936666666666,11076.206666666665,11089.413333333332,11091.816666666666,10993.41,11097.55,11061.85,0.3333333333333333,1548.0,U,U,0.6666666666666666
02/03/2006,11052.57,11090.91,10951.71,11025.51,60.1200000000008,-104.13999999999942,35.69999999999891,11048.163333333332,11050.936666666666,11076.206666666665,11089.413333333332,11053.53,10993.41,11097.55,0.5333333333333333,1549.0,D,D,0.4666666666666666
03/03/2006,11024.23,11125.01,10942.99,11021.59,-28.020000000000437,60.1200000000008,-104.13999999999942,11024.150000000001,11048.163333333332,11050.936666666666,11076.206666666665,11025.51,11053.53,10993.41,0.4666666666666666,1550.0,D,U,0.5333333333333333
06/03/2006,11022.47,11084.66,10899.76,10958.59,-3.9200000000000728,-28.020000000000437,60.1200000000008,11033.543333333335,11024.150000000001,11048.163333333332,11050.936666666666,11021.59,11025.51,11053.53,0.3333333333333333,1551.0,D,U,0.6666666666666666
07/03/2006,10957.31,11032.31,10885.35,10980.69,-63.0,-3.9200000000000728,-28.020000000000437,11001.896666666667,11033.543333333335,11024.150000000001,11048.163333333332,10958.59,11021.59,11025.51,0.4666666666666666,1552.0,U,U,0.5333333333333333
08/03/2006,10977.08,11065.61,10885.99,11005.74,22.100000000000364,-63.0,-3.9200000000000728,10986.956666666667,11001.896666666667,11033.543333333335,11024.150000000001,10980.69,10958.59,11021.59,0.4666666666666666,1553.0,U,U,0.5333333333333333
09/03/2006,11005.66,11093.39,10923.86,10972.28,25.049999999999272,22.100000000000364,-63.0,10981.673333333332,10986.956666666667,11001.896666666667,11033.543333333335,11005.74,10980.69,10958.59,0.6,1554.0,D,D,0.39999999999999997
10/03/2006,10972.92,11125.41,10948.43,11076.34,-33.45999999999913,25.049999999999272,22.100000000000364,10986.236666666666,10981.673333333332,10986.956666666667,11001.896666666667,10972.28,11005.74,10980.69,0.3333333333333333,1555.0,U,U,0.6666666666666666
13/03/2006,11067.61,11157.82,11019.75,11076.02,104.05999999999949,-33.45999999999913,25.049999999999272,11018.12,10986.236666666666,10981.673333333332,10986.956666666667,11076.34,10972.28,11005.74,0.4666666666666666,1556.0,U,U,0.5333333333333333
14/03/2006,11076.02,11190.96,11030.23,11151.34,-0.31999999999970896,104.05999999999949,-33.45999999999913,11041.546666666667,11018.12,10986.236666666666,10981.673333333332,11076.02,11076.34,10972.28,0.5333333333333333,1557.0,U,D,0.4666666666666666
15/03/2006,11149.76,11258.28,11097.23,11209.77,75.31999999999971,-0.31999999999970896,104.05999999999949,11101.233333333332,11041.546666666667,11018.12,10986.236666666666,11151.34,11076.02,11076.34,0.39999999999999997,1558.0,U,U,0.6
16/03/2006,11210.97,11324.8,11176.07,11253.24,58.43000000000029,75.31999999999971,-0.31999999999970896,11145.710000000001,11101.233333333332,11041.546666666667,11018.12,11209.77,11151.34,11076.02,0.39999999999999997,1559.0,U,U,0.6
17/03/2006,11294.94,11294.94,11253.23,11279.65,43.469999999999345,58.43000000000029,75.31999999999971,11204.783333333333,11145.710000000001,11101.233333333332,11041.546666666667,11253.24,11209.77,11151.34,0.7333333333333333,1560.0,D,D,0.26666666666666666
20/03/2006,11278.93,11350.73,11208.33,11274.53,26.409999999999854,43.469999999999345,58.43000000000029,11247.553333333335,11204.783333333333,11145.710000000001,11101.233333333332,11279.65,11253.24,11209.77,0.8666666666666666,1561.0,D,D,0.13333333333333333
21/03/2006,11275.89,11364.34,11188.56,11235.47,-5.119999999998981,26.409999999999854,43.469999999999345,11269.14,11247.553333333335,11204.783333333333,11145.710000000001,11274.53,11279.65,11253.24,0.7999999999999999,1562.0,D,D,0.2
22/03/2006,11234.51,11358.01,11200.22,11317.43,-39.06000000000131,-5.119999999998981,26.409999999999854,11263.216666666667,11269.14,11247.553333333335,11204.783333333333,11235.47,11274.53,11279.65,0.7333333333333333,1563.0,U,D,0.26666666666666666
23/03/2006,11317.35,11363.46,11207.85,11270.29,81.96000000000095,-39.06000000000131,-5.119999999998981,11275.81,11263.216666666667,11269.14,11247.553333333335,11317.43,11235.47,11274.53,0.6666666666666666,1564.0,D,D,0.3333333333333333
24/03/2006,11270.61,11353.21,11197.21,11279.97,-47.13999999999942,81.96000000000095,-39.06000000000131,11274.396666666667,11275.81,11263.216666666667,11269.14,11270.29,11317.43,11235.47,0.4666666666666666,1565.0,U,U,0.5333333333333333
27/03/2006,11280.13,11314.96,11194.07,11250.11,9.679999999998472,-47.13999999999942,81.96000000000095,11289.230000000001,11274.396666666667,11275.81,11263.216666666667,11279.97,11270.29,11317.43,0.6666666666666666,1566.0,D,D,0.3333333333333333
28/03/2006,11250.11,11312.31,11132.05,11154.54,-29.859999999998763,9.679999999998472,-47.13999999999942,11266.79,11289.230000000001,11274.396666666667,11275.81,11250.11,11279.97,11270.29,0.6,1567.0,D,D,0.39999999999999997
29/03/2006,11154.94,11283.97,11117.48,11215.7,-95.56999999999971,-29.859999999998763,9.679999999998472,11228.206666666667,11266.79,11289.230000000001,11274.396666666667,11154.54,11250.11,11279.97,0.5333333333333333,1568.0,U,D,0.4666666666666666
30/03/2006,11195.36,11259.08,11118.12,11150.7,61.159999999999854,-95.56999999999971,-29.859999999998763,11206.783333333335,11228.206666666667,11266.79,11289.230000000001,11215.7,11154.54,11250.11,0.7333333333333333,1569.0,D,D,0.26666666666666666
31/03/2006,11151.34,11229.47,11069.78,11109.32,-65.0,61.159999999999854,-95.56999999999971,11173.646666666667,11206.783333333335,11228.206666666667,11266.79,11150.7,11215.7,11154.54,0.6666666666666666,1570.0,D,D,0.3333333333333333
03/04/2006,11113.0,11287.02,11101.07,11144.94,-41.38000000000102,-65.0,61.159999999999854,11158.573333333334,11173.646666666667,11206.783333333335,11228.206666666667,11109.32,11150.7,11215.7,0.4666666666666666,1571.0,U,U,0.5333333333333333
04/04/2006,11142.54,11269.17,11094.03,11203.85,35.6200000000008,-41.38000000000102,-65.0,11134.986666666666,11158.573333333334,11173.646666666667,11206.783333333335,11144.94,11109.32,11150.7,0.3333333333333333,1572.0,U,U,0.6666666666666666
05/04/2006,11203.21,11290.3,11141.82,11239.55,58.909999999999854,35.6200000000008,-41.38000000000102,11152.703333333333,11134.986666666666,11158.573333333334,11173.646666666667,11203.85,11144.94,11109.32,0.39999999999999997,1573.0,U,U,0.6
06/04/2006,11233.01,11294.3,11137.57,11216.5,35.69999999999891,58.909999999999854,35.6200000000008,11196.113333333333,11152.703333333333,11134.986666666666,11158.573333333334,11239.55,11203.85,11144.94,0.7999999999999999,1574.0,D,D,0.2
07/04/2006,11228.1,11268.92,11108.75,11120.04,-23.049999999999272,35.69999999999891,58.909999999999854,11219.966666666667,11196.113333333333,11152.703333333333,11134.986666666666,11216.5,11239.55,11203.85,0.7999999999999999,1575.0,D,D,0.2
10/04/2006,11119.88,11211.37,11083.06,11141.33,-96.45999999999913,-23.049999999999272,35.69999999999891,11192.029999999999,11219.966666666667,11196.113333333333,11152.703333333333,11120.04,11216.5,11239.55,0.5333333333333333,1576.0,U,D,0.4666666666666666
11/04/2006,11141.33,11220.98,11017.99,11089.63,21.289999999999054,-96.45999999999913,-23.049999999999272,11159.29,11192.029999999999,11219.966666666667,11196.113333333333,11141.33,11120.04,11216.5,0.4666666666666666,1577.0,D,U,0.5333333333333333
12/04/2006,11089.47,11194.0,11052.17,11129.97,-51.70000000000073,21.289999999999054,-96.45999999999913,11117.0,11159.29,11192.029999999999,11219.966666666667,11089.63,11141.33,11120.04,0.39999999999999997,1578.0,U,U,0.6
13/04/2006,11130.13,11210.73,11053.29,11137.65,40.340000000000146,-51.70000000000073,21.289999999999054,11120.31,11117.0,11159.29,11192.029999999999,11129.97,11089.63,11141.33,0.26666666666666666,1579.0,U,U,0.7333333333333333
17/04/2006,11137.33,11203.13,11017.43,11073.78,7.680000000000291,40.340000000000146,-51.70000000000073,11119.083333333334,11120.31,11117.0,11159.29,11137.65,11129.97,11089.63,0.3333333333333333,1580.0,D,U,0.6666666666666666
18/04/2006,11074.58,11302.3,11064.01,11268.77,-63.86999999999898,7.680000000000291,40.340000000000146,11113.800000000001,11119.083333333334,11120.31,11117.0,11073.78,11137.65,11129.97,0.3333333333333333,1581.0,U,U,0.6666666666666666
19/04/2006,11265.4,11379.79,11181.84,11278.77,194.98999999999978,-63.86999999999898,7.680000000000291,11160.066666666666,11113.800000000001,11119.083333333334,11120.31,11268.77,11073.78,11137.65,0.39999999999999997,1582.0,U,U,0.6
20/04/2006,11278.53,11429.25,11221.3,11342.89,10.0,194.98999999999978,-63.86999999999898,11207.106666666668,11160.066666666666,11113.800000000001,11119.083333333334,11278.77,11268.77,11073.78,0.6,1583.0,U,D,0.39999999999999997
21/04/2006,11343.45,11468.16,11272.61,11347.45,64.11999999999898,10.0,194.98999999999978,11296.81,11207.106666666668,11160.066666666666,11113.800000000001,11342.89,11278.77,11268.77,0.7999999999999999,1584.0,U,D,0.2
24/04/2006,11346.81,11420.05,11246.35,11336.32,4.56000000000131,64.11999999999898,10.0,11323.036666666667,11296.81,11207.106666666668,11160.066666666666,11347.45,11342.89,11278.77,0.7333333333333333,1585.0,D,D,0.26666666666666666
25/04/2006,11336.56,11401.32,11213.05,11283.25,-11.130000000001019,4.56000000000131,64.11999999999898,11342.220000000001,11323.036666666667,11296.81,11207.106666666668,11336.32,11347.45,11342.89,0.6666666666666666,1586.0,D,D,0.3333333333333333
26/04/2006,11283.25,11428.77,11256.12,11354.49,-53.06999999999971,-11.130000000001019,4.56000000000131,11322.340000000002,11342.220000000001,11323.036666666667,11296.81,11283.25,11336.32,11347.45,0.5333333333333333,1587.0,U,D,0.4666666666666666
27/04/2006,11349.53,11465.75,11220.74,11382.51,71.23999999999978,-53.06999999999971,-11.130000000001019,11324.686666666666,11322.340000000002,11342.220000000001,11323.036666666667,11354.49,11283.25,11336.32,0.39999999999999997,1588.0,U,U,0.6
28/04/2006,11358.33,11462.95,11278.13,11367.14,28.020000000000437,71.23999999999978,-53.06999999999971,11340.083333333334,11324.686666666666,11322.340000000002,11342.220000000001,11382.51,11354.49,11283.25,0.26666666666666666,1589.0,U,U,0.7333333333333333
01/05/2006,11367.78,11476.96,11304.3,11343.29,-15.3700000000008,28.020000000000437,71.23999999999978,11368.046666666667,11340.083333333334,11324.686666666666,11322.340000000002,11367.14,11382.51,11354.49,0.39999999999999997,1590.0,D,U,0.6
02/05/2006,11372.74,11427.43,11343.28,11416.44,-23.849999999998545,-15.3700000000008,28.020000000000437,11364.313333333334,11368.046666666667,11340.083333333334,11324.686666666666,11343.29,11367.14,11382.51,0.4666666666666666,1591.0,U,U,0.5333333333333333
03/05/2006,11414.69,11472.96,11308.55,11400.28,73.14999999999964,-23.849999999998545,-15.3700000000008,11375.623333333335,11364.313333333334,11368.046666666667,11340.083333333334,11416.44,11343.29,11367.14,0.3333333333333333,1592.0,D,U,0.6666666666666666
04/05/2006,11401.8,11512.18,11366.82,11438.86,-16.159999999999854,73.14999999999964,-23.849999999998545,11386.67,11375.623333333335,11364.313333333334,11368.046666666667,11400.28,11416.44,11343.29,0.39999999999999997,1593.0,U,U,0.6
05/05/2006,11440.62,11616.16,11440.62,11577.74,38.57999999999993,-16.159999999999854,73.14999999999964,11418.526666666667,11386.67,11375.623333333335,11364.313333333334,11438.86,11400.28,11416.44,0.39999999999999997,1594.0,U,U,0.6
08/05/2006,11576.37,11665.14,11504.09,11584.54,138.8799999999992,38.57999999999993,-16.159999999999854,11472.293333333333,11418.526666666667,11386.67,11375.623333333335,11577.74,11438.86,11400.28,0.39999999999999997,1595.0,U,U,0.6
09/05/2006,11584.62,11684.28,11535.71,11639.77,6.800000000001091,138.8799999999992,38.57999999999993,11533.713333333333,11472.293333333333,11418.526666666667,11386.67,11584.54,11577.74,11438.86,0.39999999999999997,1596.0,U,U,0.6
10/05/2006,11630.48,11709.09,11545.64,11642.65,55.22999999999956,6.800000000001091,138.8799999999992,11600.683333333334,11533.713333333333,11472.293333333333,11418.526666666667,11639.77,11584.54,11577.74,0.4666666666666666,1597.0,U,U,0.5333333333333333
11/05/2006,11639.29,11660.58,11449.74,11500.73,2.8799999999991996,55.22999999999956,6.800000000001091,11622.32,11600.683333333334,11533.713333333333,11472.293333333333,11642.65,11639.77,11584.54,0.4666666666666666,1598.0,D,U,0.5333333333333333
12/05/2006,11500.01,11551.4,11336.96,11380.99,-141.92000000000007,2.8799999999991996,55.22999999999956,11594.383333333331,11622.32,11600.683333333334,11533.713333333333,11500.73,11642.65,11639.77,0.6,1599.0,D,D,0.39999999999999997
15/05/2006,11380.43,11485.61,11273.65,11428.77,-119.73999999999978,-141.92000000000007,2.8799999999991996,11508.123333333331,11594.383333333331,11622.32,11600.683333333334,11380.99,11500.73,11642.65,0.5333333333333333,1600.0,U,D,0.4666666666666666
16/05/2006,11428.21,11520.42,11334.64,11419.89,47.780000000000655,-119.73999999999978,-141.92000000000007,11436.830000000002,11508.123333333331,11594.383333333331,11622.32,11428.77,11380.99,11500.73,0.4666666666666666,1601.0,D,U,0.5333333333333333
17/05/2006,11410.13,11412.28,11139.17,11205.61,-8.880000000001019,47.780000000000655,-119.73999999999978,11409.883333333333,11436.830000000002,11508.123333333331,11594.383333333331,11419.89,11428.77,11380.99,0.3333333333333333,1602.0,D,U,0.6666666666666666
18/05/2006,11206.17,11301.26,11096.35,11128.29,-214.27999999999884,-8.880000000001019,47.780000000000655,11351.423333333334,11409.883333333333,11436.830000000002,11508.123333333331,11205.61,11419.89,11428.77,0.4666666666666666,1603.0,D,U,0.5333333333333333
19/05/2006,11124.37,11254.6,11009.98,11144.06,-77.31999999999971,-214.27999999999884,-8.880000000001019,11251.263333333334,11351.423333333334,11409.883333333333,11436.830000000002,11128.29,11205.61,11419.89,0.3333333333333333,1604.0,U,U,0.6666666666666666
22/05/2006,11092.9,11175.03,11040.16,11125.32,15.769999999998618,-77.31999999999971,-214.27999999999884,11159.32,11251.263333333334,11351.423333333334,11409.883333333333,11144.06,11128.29,11205.61,0.6666666666666666,1605.0,U,D,0.3333333333333333
23/05/2006,11126.29,11254.68,11068.49,11098.35,-18.73999999999978,15.769999999998618,-77.31999999999971,11132.556666666665,11159.32,11251.263333333334,11351.423333333334,11125.32,11144.06,11128.29,0.5333333333333333,1606.0,D,D,0.4666666666666666
24/05/2006,11100.11,11241.15,10980.29,11117.32,-26.969999999999345,-18.73999999999978,15.769999999998618,11122.576666666666,11132.556666666665,11159.32,11251.263333333334,11098.35,11125.32,11144.06,0.26666666666666666,1607.0,U,U,0.7333333333333333
25/05/2006,11114.96,11258.12,11089.55,11211.05,18.969999999999345,-26.969999999999345,-18.73999999999978,11113.663333333332,11122.576666666666,11132.556666666665,11159.32,11117.32,11098.35,11125.32,0.3333333333333333,1608.0,U,U,0.6666666666666666
26/05/2006,11211.69,11329.36,11177.43,11278.61,93.72999999999956,18.969999999999345,-26.969999999999345,11142.24,11113.663333333332,11122.576666666666,11132.556666666665,11211.05,11117.32,11098.35,0.3333333333333333,1609.0,U,U,0.6666666666666666
30/05/2006,11277.25,11277.25,11071.7,11094.43,67.56000000000131,93.72999999999956,18.969999999999345,11202.326666666666,11142.24,11113.663333333332,11122.576666666666,11278.61,11211.05,11117.32,0.6666666666666666,1610.0,D,D,0.3333333333333333
31/05/2006,11091.15,11225.78,11050.4,11168.31,-184.1800000000003,67.56000000000131,93.72999999999956,11194.696666666665,11202.326666666666,11142.24,11113.663333333332,11094.43,11278.61,11211.05,0.5333333333333333,1611.0,U,D,0.4666666666666666
01/06/2006,11169.03,11290.86,11115.4,11260.28,73.8799999999992,-184.1800000000003,67.56000000000131,11180.449999999999,11194.696666666665,11202.326666666666,11142.24,11168.31,11094.43,11278.61,0.5333333333333333,1612.0,U,D,0.4666666666666666
02/06/2006,11260.52,11329.28,11158.06,11247.87,91.97000000000116,73.8799999999992,-184.1800000000003,11174.339999999998,11180.449999999999,11194.696666666665,11202.326666666666,11260.28,11168.31,11094.43,0.4666666666666666,1613.0,D,U,0.5333333333333333
05/06/2006,11247.55,11259.96,11025.75,11048.72,-12.409999999999854,91.97000000000116,73.8799999999992,11225.486666666666,11174.339999999998,11180.449999999999,11194.696666666665,11247.87,11260.28,11168.31,0.8666666666666666,1614.0,D,D,0.13333333333333333
06/06/2006,11048.24,11140.45,10890.24,11002.14,-199.15000000000146,-12.409999999999854,91.97000000000116,11185.623333333335,11225.486666666666,11174.339999999998,11180.449999999999,11048.72,11247.87,11260.28,0.3333333333333333,1615.0,D,U,0.6666666666666666
07/06/2006,11002.06,11107.48,10897.76,10930.9,-46.57999999999993,-199.15000000000146,-12.409999999999854,11099.576666666666,11185.623333333335,11225.486666666666,11174.339999999998,11002.14,11048.72,11247.87,0.6,1616.0,D,D,0.39999999999999997
08/06/2006,10929.7,11032.15,10726.15,10938.82,-71.23999999999978,-46.57999999999993,-199.15000000000146,10993.92,11099.576666666666,11185.623333333335,11225.486666666666,10930.9,11002.14,11048.72,0.5333333333333333,1617.0,U,D,0.4666666666666666
09/06/2006,10939.14,11015.67,10842.89,10891.92,7.920000000000073,-71.23999999999978,-46.57999999999993,10957.286666666667,10993.92,11099.576666666666,11185.623333333335,10938.82,10930.9,11002.14,0.6,1618.0,D,D,0.39999999999999997
12/06/2006,10892.0,10969.32,10767.61,10792.58,-46.899999999999636,7.920000000000073,-71.23999999999978,10920.546666666667,10957.286666666667,10993.92,11099.576666666666,10891.92,10938.82,10930.9,0.7333333333333333,1619.0,D,D,0.26666666666666666
13/06/2006,10783.14,10893.04,10653.23,10706.14,-99.34000000000015,-46.899999999999636,7.920000000000073,10874.44,10920.546666666667,10957.286666666667,10993.92,10792.58,10891.92,10938.82,0.4666666666666666,1620.0,D,U,0.5333333333333333
14/06/2006,10713.1,10816.99,10699.25,10816.91,-86.44000000000051,-99.34000000000015,-46.899999999999636,10796.88,10874.44,10920.546666666667,10957.286666666667,10706.14,10792.58,10891.92,0.39999999999999997,1621.0,U,U,0.6
15/06/2006,10817.48,11049.85,10788.34,11015.19,110.77000000000044,-86.44000000000051,-99.34000000000015,10771.876666666667,10796.88,10874.44,10920.546666666667,10816.91,10706.14,10792.58,0.6,1622.0,U,D,0.39999999999999997
16/06/2006,11009.1,11045.04,10984.29,11014.54,198.28000000000065,110.77000000000044,-86.44000000000051,10846.08,10771.876666666667,10796.88,10874.44,11015.19,10816.91,10706.14,0.6,1623.0,U,D,0.39999999999999997
19/06/2006,11014.87,11098.99,10886.63,10942.11,-0.6499999999996362,198.28000000000065,110.77000000000044,10948.88,10846.08,10771.876666666667,10796.88,11014.54,11015.19,10816.91,0.6666666666666666,1624.0,D,D,0.3333333333333333
20/06/2006,10942.03,11066.73,10895.28,10974.84,-72.43000000000029,-0.6499999999996362,198.28000000000065,10990.613333333335,10948.88,10846.08,10771.876666666667,10942.11,11014.54,11015.19,0.4666666666666666,1625.0,U,U,0.5333333333333333
21/06/2006,10975.24,11165.91,10952.43,11079.46,32.72999999999956,-72.43000000000029,-0.6499999999996362,10977.163333333336,10990.613333333335,10948.88,10846.08,10974.84,10942.11,11014.54,0.5333333333333333,1626.0,U,D,0.4666666666666666
22/06/2006,11077.78,11127.73,10954.83,11019.11,104.61999999999898,32.72999999999956,-72.43000000000029,10998.803333333335,10977.163333333336,10990.613333333335,10948.88,11079.46,10974.84,10942.11,0.4666666666666666,1627.0,D,U,0.5333333333333333
23/06/2006,11019.19,11098.67,10932.82,10989.09,-60.349999999998545,104.61999999999898,32.72999999999956,11024.470000000001,10998.803333333335,10977.163333333336,10990.613333333335,11019.11,11079.46,10974.84,0.39999999999999997,1628.0,D,U,0.6
26/06/2006,10990.29,11089.07,10937.06,11045.28,-30.020000000000437,-60.349999999998545,104.61999999999898,11029.220000000001,11024.470000000001,10998.803333333335,10977.163333333336,10989.09,11019.11,11079.46,0.3333333333333333,1629.0,U,U,0.6666666666666666
27/06/2006,11048.24,11064.09,10920.73,10924.74,56.19000000000051,-30.020000000000437,-60.349999999998545,11017.826666666668,11029.220000000001,11024.470000000001,10998.803333333335,11045.28,10989.09,11019.11,0.5333333333333333,1630.0,D,D,0.4666666666666666
28/06/2006,10925.3,11026.07,10869.02,10973.56,-120.54000000000087,56.19000000000051,-30.020000000000437,10986.37,11017.826666666668,11029.220000000001,11024.470000000001,10924.74,11045.28,10989.09,0.5333333333333333,1631.0,U,D,0.4666666666666666
29/06/2006,10974.36,11225.06,10974.36,11190.8,48.81999999999971,-120.54000000000087,56.19000000000051,10981.193333333335,10986.37,11017.826666666668,11029.220000000001,10973.56,10924.74,11045.28,0.39999999999999997,1632.0,U,U,0.6
30/06/2006,11190.8,11288.86,11100.11,11150.22,217.23999999999978,48.81999999999971,-120.54000000000087,11029.699999999999,10981.193333333335,10986.37,11017.826666666668,11190.8,10973.56,10924.74,0.6,1633.0,D,D,0.39999999999999997
03/07/2006,11149.34,11277.09,11146.06,11228.02,-40.57999999999993,217.23999999999978,48.81999999999971,11104.86,11029.699999999999,10981.193333333335,10986.37,11150.22,11190.8,10973.56,0.6666666666666666,1634.0,U,D,0.3333333333333333
05/07/2006,11225.06,11239.47,11083.94,11151.82,77.80000000000109,-40.57999999999993,217.23999999999978,11189.679999999998,11104.86,11029.699999999999,10981.193333333335,11228.02,11150.22,11190.8,0.4666666666666666,1635.0,D,U,0.5333333333333333
06/07/2006,11147.12,11301.58,11117.16,11225.3,-76.20000000000073,77.80000000000109,-40.57999999999993,11176.686666666666,11189.679999999998,11104.86,11029.699999999999,11151.82,11228.02,11150.22,0.6666666666666666,1636.0,U,D,0.3333333333333333
07/07/2006,11224.18,11227.62,11040.32,11090.67,73.47999999999956,-76.20000000000073,77.80000000000109,11201.713333333333,11176.686666666666,11189.679999999998,11104.86,11225.3,11151.82,11228.02,0.4666666666666666,1637.0,D,U,0.5333333333333333
10/07/2006,11130.53,11174.47,11090.1,11103.55,-134.6299999999992,73.47999999999956,-76.20000000000073,11155.93,11201.713333333333,11176.686666666666,11189.679999999998,11090.67,11225.3,11151.82,0.6,1638.0,D,D,0.39999999999999997
11/07/2006,11102.59,11186.32,10987.33,11134.77,12.8799999999992,-134.6299999999992,73.47999999999956,11139.840000000002,11155.93,11201.713333333333,11176.686666666666,11103.55,11090.67,11225.3,0.4666666666666666,1639.0,U,U,0.5333333333333333
12/07/2006,11133.97,11181.12,10973.37,11013.18,31.220000000001164,12.8799999999992,-134.6299999999992,11109.663333333336,11139.840000000002,11155.93,11201.713333333333,11134.77,11103.55,11090.67,0.26666666666666666,1640.0,D,U,0.7333333333333333
13/07/2006,11012.62,11015.19,10790.82,10846.29,-121.59000000000015,31.220000000001164,12.8799999999992,11083.833333333334,11109.663333333336,11139.840000000002,11155.93,11013.18,11134.77,11103.55,0.26666666666666666,1641.0,D,U,0.7333333333333333
14/07/2006,10846.53,10892.64,10664.43,10739.35,-166.88999999999942,-121.59000000000015,31.220000000001164,10998.080000000002,11083.833333333334,11109.663333333336,11139.840000000002,10846.29,11013.18,11134.77,0.39999999999999997,1642.0,D,U,0.6
17/07/2006,10739.35,10858.22,10668.35,10747.36,-106.94000000000051,-166.88999999999942,-121.59000000000015,10866.273333333333,10998.080000000002,11083.833333333334,11109.663333333336,10739.35,10846.29,11013.18,0.6,1643.0,U,D,0.39999999999999997
18/07/2006,10745.84,10867.02,10658.35,10799.23,8.010000000000218,-106.94000000000051,-166.88999999999942,10777.666666666666,10866.273333333333,10998.080000000002,11083.833333333334,10747.36,10739.35,10846.29,0.3333333333333333,1644.0,U,U,0.6666666666666666
19/07/2006,10854.22,11038.16,10796.74,11011.42,51.86999999999898,8.010000000000218,-106.94000000000051,10761.98,10777.666666666666,10866.273333333333,10998.080000000002,10799.23,10747.36,10739.35,0.4666666666666666,1645.0,U,U,0.5333333333333333
20/07/2006,11007.26,11098.75,10884.47,10928.1,212.1900000000005,51.86999999999898,8.010000000000218,10852.67,10761.98,10777.666666666666,10866.273333333333,11011.42,10799.23,10747.36,0.6,1646.0,D,D,0.39999999999999997
21/07/2006,10937.94,10995.73,10778.58,10868.38,-83.31999999999971,212.1900000000005,51.86999999999898,10912.916666666666,10852.67,10761.98,10777.666666666666,10928.1,11011.42,10799.23,0.7333333333333333,1647.0,D,D,0.26666666666666666
24/07/2006,10868.7,11096.35,10868.7,11051.05,-59.720000000001164,-83.31999999999971,212.1900000000005,10935.966666666667,10912.916666666666,10852.67,10761.98,10868.38,10928.1,11011.42,0.39999999999999997,1648.0,U,U,0.6
25/07/2006,11037.59,11133.73,11000.05,11103.71,182.67000000000007,-59.720000000001164,-83.31999999999971,10949.176666666666,10935.966666666667,10912.916666666666,10852.67,11051.05,10868.38,10928.1,0.6,1649.0,U,D,0.39999999999999997
26/07/2006,11102.91,11208.09,10987.41,11102.51,52.659999999999854,182.67000000000007,-59.720000000001164,11007.713333333333,10949.176666666666,10935.966666666667,10912.916666666666,11103.71,11051.05,10868.38,0.5333333333333333,1650.0,D,D,0.4666666666666666
27/07/2006,11104.19,11245.47,11040.8,11100.43,-1.1999999999989086,52.659999999999854,182.67000000000007,11085.756666666666,11007.713333333333,10949.176666666666,10935.966666666667,11102.51,11103.71,11051.05,0.6666666666666666,1651.0,D,D,0.3333333333333333
28/07/2006,11102.11,11282.05,11102.11,11219.7,-2.0799999999999272,-1.1999999999989086,52.659999999999854,11102.216666666667,11085.756666666666,11007.713333333333,10949.176666666666,11100.43,11102.51,11103.71,0.3333333333333333,1652.0,U,U,0.6666666666666666
31/07/2006,11218.9,11265.8,11115.24,11185.68,119.27000000000044,-2.0799999999999272,-1.1999999999989086,11140.88,11102.216666666667,11085.756666666666,11007.713333333333,11219.7,11100.43,11102.51,0.26666666666666666,1653.0,D,U,0.7333333333333333
01/08/2006,11184.8,11210.65,11035.92,11125.73,-34.02000000000044,119.27000000000044,-2.0799999999999272,11168.603333333333,11140.88,11102.216666666667,11085.756666666666,11185.68,11219.7,11100.43,0.6,1654.0,D,D,0.39999999999999997
02/08/2006,11167.91,11228.98,11124.52,11199.92,-59.95000000000073,-34.02000000000044,119.27000000000044,11177.036666666667,11168.603333333333,11140.88,11102.216666666667,11125.73,11185.68,11219.7,0.3333333333333333,1655.0,U,U,0.6666666666666666
03/08/2006,11195.28,11304.78,11101.55,11242.59,74.19000000000051,-59.95000000000073,-34.02000000000044,11170.443333333335,11177.036666666667,11168.603333333333,11140.88,11199.92,11125.73,11185.68,0.39999999999999997,1656.0,U,U,0.6
04/08/2006,11244.59,11367.94,11165.11,11240.35,42.67000000000007,74.19000000000051,-59.95000000000073,11189.413333333336,11170.443333333335,11177.036666666667,11168.603333333333,11242.59,11199.92,11125.73,0.6,1657.0,D,D,0.39999999999999997
07/08/2006,11239.47,11294.14,11143.02,11219.38,-2.2399999999997817,42.67000000000007,74.19000000000051,11227.62,11189.413333333336,11170.443333333335,11177.036666666667,11240.35,11242.59,11199.92,0.8666666666666666,1658.0,D,D,0.13333333333333333
08/08/2006,11218.18,11319.51,11117.8,11173.59,-20.970000000001164,-2.2399999999997817,42.67000000000007,11234.106666666667,11227.62,11189.413333333336,11170.443333333335,11219.38,11240.35,11242.59,0.7999999999999999,1659.0,D,D,0.2
09/08/2006,11168.47,11296.22,11044.64,11076.18,-45.789999999999054,-20.970000000001164,-2.2399999999997817,11211.106666666667,11234.106666666667,11227.62,11189.413333333336,11173.59,11219.38,11240.35,0.5333333333333333,1660.0,D,D,0.4666666666666666
10/08/2006,11073.14,11176.47,10998.06,11124.37,-97.40999999999985,-45.789999999999054,-20.970000000001164,11156.383333333333,11211.106666666667,11234.106666666667,11227.62,11076.18,11173.59,11219.38,0.5333333333333333,1661.0,U,D,0.4666666666666666
11/08/2006,11103.55,11121.4,11042.88,11088.02,48.19000000000051,-97.40999999999985,-45.789999999999054,11124.713333333333,11156.383333333333,11211.106666666667,11234.106666666667,11124.37,11076.18,11173.59,0.39999999999999997,1662.0,D,U,0.6
14/08/2006,11089.07,11242.83,11049.68,11097.87,-36.350000000000364,48.19000000000051,-97.40999999999985,11096.190000000002,11124.713333333333,11156.383333333333,11211.106666666667,11088.02,11124.37,11076.18,0.3333333333333333,1663.0,U,U,0.6666666666666666
15/08/2006,11098.03,11271.25,11098.03,11230.26,9.850000000000364,-36.350000000000364,48.19000000000051,11103.42,11096.190000000002,11124.713333333333,11156.383333333333,11097.87,11088.02,11124.37,0.13333333333333333,1664.0,U,U,0.8666666666666666
16/08/2006,11224.91,11373.78,11207.85,11327.12,132.38999999999942,9.850000000000364,-36.350000000000364,11138.716666666667,11103.42,11096.190000000002,11124.713333333333,11230.26,11097.87,11088.02,0.39999999999999997,1665.0,U,U,0.6
17/08/2006,11321.19,11372.34,11298.54,11334.96,96.86000000000058,132.38999999999942,9.850000000000364,11218.416666666666,11138.716666666667,11103.42,11096.190000000002,11327.12,11230.26,11097.87,0.6,1666.0,U,D,0.39999999999999997
18/08/2006,11333.76,11437.66,11273.49,11381.47,7.8399999999983265,96.86000000000058,132.38999999999942,11297.446666666665,11218.416666666666,11138.716666666667,11103.42,11334.96,11327.12,11230.26,0.7999999999999999,1667.0,U,D,0.2
21/08/2006,11353.29,11381.46,11322.31,11345.04,46.51000000000022,7.8399999999983265,96.86000000000058,11347.85,11297.446666666665,11218.416666666666,11138.716666666667,11381.47,11334.96,11327.12,0.7999999999999999,1668.0,D,D,0.2
22/08/2006,11344.41,11426.13,11279.25,11339.84,-36.42999999999847,46.51000000000022,7.8399999999983265,11353.823333333334,11347.85,11297.446666666665,11218.416666666666,11345.04,11381.47,11334.96,0.4666666666666666,1669.0,D,U,0.5333333333333333
23/08/2006,11337.12,11394.75,11238.67,11297.9,-5.200000000000728,-36.42999999999847,46.51000000000022,11355.450000000003,11353.823333333334,11347.85,11297.446666666665,11339.84,11345.04,11381.47,0.4666666666666666,1670.0,D,U,0.5333333333333333
24/08/2006,11297.82,11386.59,11232.83,11304.46,-41.94000000000051,-5.200000000000728,-36.42999999999847,11327.593333333332,11355.450000000003,11353.823333333334,11347.85,11297.9,11339.84,11345.04,0.39999999999999997,1671.0,U,U,0.6
25/08/2006,11301.22,11350.09,11218.66,11284.05,6.559999999999491,-41.94000000000051,-5.200000000000728,11314.066666666666,11327.593333333332,11355.450000000003,11353.823333333334,11304.46,11297.9,11339.84,0.39999999999999997,1672.0,D,U,0.6
28/08/2006,11285.33,11411.24,11240.91,11352.01,-20.409999999999854,6.559999999999491,-41.94000000000051,11295.470000000001,11314.066666666666,11327.593333333332,11355.450000000003,11284.05,11304.46,11297.9,0.26666666666666666,1673.0,U,U,0.7333333333333333
29/08/2006,11352.65,11432.38,11255.88,11369.94,67.96000000000095,-20.409999999999854,6.559999999999491,11313.506666666666,11295.470000000001,11314.066666666666,11327.593333333332,11352.01,11284.05,11304.46,0.5333333333333333,1674.0,U,D,0.4666666666666666
30/08/2006,11365.98,11452.95,11309.99,11382.91,17.93000000000029,67.96000000000095,-20.409999999999854,11335.333333333334,11313.506666666666,11295.470000000001,11314.066666666666,11369.94,11352.01,11284.05,0.26666666666666666,1675.0,U,U,0.7333333333333333
31/08/2006,11383.47,11451.03,11326.8,11381.15,12.969999999999345,17.93000000000029,67.96000000000095,11368.286666666667,11335.333333333334,11313.506666666666,11295.470000000001,11382.91,11369.94,11352.01,0.4666666666666666,1676.0,D,U,0.5333333333333333
01/09/2006,11427.41,11476.4,11381.14,11464.15,-1.7600000000002183,12.969999999999345,17.93000000000029,11378.0,11368.286666666667,11335.333333333334,11313.506666666666,11381.15,11382.91,11369.94,0.39999999999999997,1677.0,U,U,0.6
05/09/2006,11461.83,11533.87,11385.95,11469.28,83.0,-1.7600000000002183,12.969999999999345,11409.403333333334,11378.0,11368.286666666667,11335.333333333334,11464.15,11381.15,11382.91,0.39999999999999997,1678.0,U,U,0.6
06/09/2006,11421.33,11469.27,11395.15,11406.2,5.130000000001019,83.0,-1.7600000000002183,11438.193333333335,11409.403333333334,11378.0,11368.286666666667,11469.28,11464.15,11381.15,0.26666666666666666,1679.0,D,U,0.7333333333333333
07/09/2006,11405.16,11443.66,11273.89,11331.44,-63.07999999999993,5.130000000001019,83.0,11446.543333333335,11438.193333333335,11409.403333333334,11378.0,11406.2,11469.28,11464.15,0.39999999999999997,1680.0,D,U,0.6
08/09/2006,11332.24,11448.3,11295.18,11392.11,-74.76000000000022,-63.07999999999993,5.130000000001019,11402.30666666667,11446.543333333335,11438.193333333335,11409.403333333334,11331.44,11406.2,11469.28,0.39999999999999997,1681.0,U,U,0.6
11/09/2006,11389.87,11468.88,11295.9,11396.84,60.67000000000007,-74.76000000000022,-63.07999999999993,11376.583333333334,11402.30666666667,11446.543333333335,11438.193333333335,11392.11,11331.44,11406.2,0.3333333333333333,1682.0,U,U,0.6666666666666666
12/09/2006,11412.52,11512.74,11396.83,11498.09,4.729999999999563,60.67000000000007,-74.76000000000022,11373.463333333333,11376.583333333334,11402.30666666667,11446.543333333335,11396.84,11392.11,11331.44,0.3333333333333333,1683.0,U,U,0.6666666666666666
13/09/2006,11487.69,11605.59,11423.73,11543.32,101.25,4.729999999999563,60.67000000000007,11429.013333333334,11373.463333333333,11376.583333333334,11402.30666666667,11498.09,11396.84,11392.11,0.26666666666666666,1684.0,U,U,0.7333333333333333
14/09/2006,11508.82,11548.84,11495.77,11527.39,45.22999999999956,101.25,4.729999999999563,11479.416666666666,11429.013333333334,11373.463333333333,11376.583333333334,11543.32,11498.09,11396.84,0.26666666666666666,1685.0,U,U,0.7333333333333333
15/09/2006,11528.75,11661.38,11504.57,11560.77,-15.930000000000291,45.22999999999956,101.25,11522.933333333334,11479.416666666666,11429.013333333334,11373.463333333333,11527.39,11543.32,11498.09,0.39999999999999997,1686.0,U,U,0.6
18/09/2006,11538.35,11588.22,11528.43,11555.0,33.38000000000102,-15.930000000000291,45.22999999999956,11543.826666666666,11522.933333333334,11479.416666666666,11429.013333333334,11560.77,11527.39,11543.32,0.3333333333333333,1687.0,U,U,0.6666666666666666
19/09/2006,11554.6,11605.67,11450.3,11540.91,-5.770000000000437,33.38000000000102,-15.930000000000291,11547.720000000001,11543.826666666666,11522.933333333334,11479.416666666666,11555.0,11560.77,11527.39,0.39999999999999997,1688.0,D,U,0.6
20/09/2006,11542.28,11680.19,11514.5,11613.19,-14.090000000000146,-5.770000000000437,33.38000000000102,11552.226666666667,11547.720000000001,11543.826666666666,11522.933333333334,11540.91,11555.0,11560.77,0.39999999999999997,1689.0,U,U,0.6
21/09/2006,11611.67,11677.39,11471.76,11533.23,72.28000000000065,-14.090000000000146,-5.770000000000437,11569.699999999999,11552.226666666667,11547.720000000001,11543.826666666666,11613.19,11540.91,11555.0,0.39999999999999997,1690.0,D,U,0.6
22/09/2006,11532.91,11588.62,11423.57,11508.1,-79.96000000000095,72.28000000000065,-14.090000000000146,11562.443333333335,11569.699999999999,11552.226666666667,11547.720000000001,11533.23,11613.19,11540.91,0.6,1691.0,D,D,0.39999999999999997
25/09/2006,11536.67,11616.23,11486.0,11575.81,-25.1299999999992,-79.96000000000095,72.28000000000065,11551.506666666666,11562.443333333335,11569.699999999999,11552.226666666667,11508.1,11533.23,11613.19,0.4666666666666666,1692.0,U,U,0.5333333333333333
26/09/2006,11575.73,11723.74,11517.54,11669.39,67.70999999999913,-25.1299999999992,-79.96000000000095,11539.046666666667,11551.506666666666,11562.443333333335,11569.699999999999,11575.81,11508.1,11533.23,0.3333333333333333,1693.0,U,U,0.6666666666666666
27/09/2006,11670.19,11775.6,11595.75,11689.24,93.57999999999993,67.70999999999913,-25.1299999999992,11584.433333333334,11539.046666666667,11551.506666666666,11562.443333333335,11669.39,11575.81,11508.1,0.39999999999999997,1694.0,U,U,0.6
28/09/2006,11689.4,11775.36,11625.92,11718.45,19.850000000000364,93.57999999999993,67.70999999999913,11644.813333333332,11584.433333333334,11539.046666666667,11551.506666666666,11689.24,11669.39,11575.81,0.5333333333333333,1695.0,U,D,0.4666666666666666
29/09/2006,11718.05,11782.49,11642.17,11679.07,29.210000000000946,19.850000000000364,93.57999999999993,11692.36,11644.813333333332,11584.433333333334,11539.046666666667,11718.45,11689.24,11669.39,0.5333333333333333,1696.0,D,D,0.4666666666666666
02/10/2006,11678.99,11773.6,11608.79,11670.35,-39.38000000000102,29.210000000000946,19.850000000000364,11695.586666666668,11692.36,11644.813333333332,11584.433333333334,11679.07,11718.45,11689.24,0.4666666666666666,1697.0,D,U,0.5333333333333333
03/10/2006,11670.11,11794.41,11608.23,11727.34,-8.719999999999345,-39.38000000000102,29.210000000000946,11689.29,11695.586666666668,11692.36,11644.813333333332,11670.35,11679.07,11718.45,0.4666666666666666,1698.0,U,U,0.5333333333333333
04/10/2006,11722.94,11879.18,11654.02,11850.61,56.98999999999978,-8.719999999999345,-39.38000000000102,11692.253333333332,11689.29,11695.586666666668,11692.36,11727.34,11670.35,11679.07,0.5333333333333333,1699.0,U,D,0.4666666666666666
05/10/2006,11832.51,11869.33,11821.55,11866.69,123.27000000000044,56.98999999999978,-8.719999999999345,11749.433333333334,11692.253333333332,11689.29,11695.586666666668,11850.61,11727.34,11670.35,0.6,1700.0,U,D,0.39999999999999997
06/10/2006,11865.49,11921.04,11743.35,11850.21,16.079999999999927,123.27000000000044,56.98999999999978,11814.88,11749.433333333334,11692.253333333332,11689.29,11866.69,11850.61,11727.34,0.6,1701.0,D,D,0.39999999999999997
09/10/2006,11849.56,11923.53,11759.36,11857.81,-16.480000000001382,16.079999999999927,123.27000000000044,11855.836666666668,11814.88,11749.433333333334,11692.253333333332,11850.21,11866.69,11850.61,0.39999999999999997,1702.0,U,U,0.6
10/10/2006,11857.73,11930.33,11778.09,11867.17,7.600000000000364,-16.480000000001382,16.079999999999927,11858.236666666666,11855.836666666668,11814.88,11749.433333333334,11857.81,11850.21,11866.69,0.4666666666666666,1703.0,U,U,0.5333333333333333
11/10/2006,11865.49,11907.6,11762.72,11852.13,9.360000000000582,7.600000000000364,-16.480000000001382,11858.396666666666,11858.236666666666,11855.836666666668,11814.88,11867.17,11857.81,11850.21,0.39999999999999997,1704.0,D,U,0.6
12/10/2006,11896.63,11959.14,11852.12,11947.7,-15.040000000000873,9.360000000000582,7.600000000000364,11859.036666666667,11858.396666666666,11858.236666666666,11855.836666666668,11852.13,11867.17,11857.81,0.39999999999999997,1705.0,U,U,0.6
13/10/2006,11947.22,12009.97,11862.29,11960.51,95.57000000000153,-15.040000000000873,9.360000000000582,11889.0,11859.036666666667,11858.396666666666,11858.236666666666,11947.7,11852.13,11867.17,0.39999999999999997,1706.0,U,U,0.6
16/10/2006,11957.7,11996.92,11945.7,11980.59,12.80999999999949,95.57000000000153,-15.040000000000873,11920.113333333335,11889.0,11859.036666666667,11858.396666666666,11960.51,11947.7,11852.13,0.3333333333333333,1707.0,U,U,0.6666666666666666
17/10/2006,11977.4,12024.54,11849.16,11950.02,20.079999999999927,12.80999999999949,95.57000000000153,11962.933333333334,11920.113333333335,11889.0,11859.036666666667,11980.59,11960.51,11947.7,0.2,1708.0,D,U,0.7999999999999999
18/10/2006,11947.62,12108.91,11900.79,11992.68,-30.56999999999971,20.079999999999927,12.80999999999949,11963.706666666665,11962.933333333334,11920.113333333335,11889.0,11950.02,11980.59,11960.51,0.2,1709.0,U,U,0.7999999999999999
19/10/2006,11988.92,12082.33,11911.44,12011.73,42.659999999999854,-30.56999999999971,20.079999999999927,11974.43,11963.706666666665,11962.933333333334,11920.113333333335,11992.68,11950.02,11980.59,0.2,1710.0,U,U,0.7999999999999999
20/10/2006,12013.01,12087.38,11881.34,12002.37,19.049999999999272,42.659999999999854,-30.56999999999971,11984.81,11974.43,11963.706666666665,11962.933333333334,12011.73,11992.68,11950.02,0.2,1711.0,D,U,0.7999999999999999
23/10/2006,12001.33,12177.35,11940.41,12116.91,-9.359999999998763,19.049999999999272,42.659999999999854,12002.26,11984.81,11974.43,11963.706666666665,12002.37,12011.73,11992.68,0.2,1712.0,U,U,0.7999999999999999
24/10/2006,12116.51,12204.8,12028.14,12127.88,114.53999999999905,-9.359999999998763,19.049999999999272,12043.669999999998,12002.26,11984.81,11974.43,12116.91,12002.37,12011.73,0.26666666666666666,1713.0,U,U,0.7333333333333333
25/10/2006,12127.24,12212.16,12017.66,12134.68,10.969999999999345,114.53999999999905,-9.359999999998763,12082.386666666665,12043.669999999998,12002.26,11984.81,12127.88,12116.91,12002.37,0.39999999999999997,1714.0,U,U,0.6
26/10/2006,12134.84,12236.1,12037.99,12163.66,6.800000000001091,10.969999999999345,114.53999999999905,12126.49,12082.386666666665,12043.669999999998,12002.26,12134.68,12127.88,12116.91,0.39999999999999997,1715.0,U,U,0.6
27/10/2006,12164.78,12202.72,12024.78,12090.26,28.979999999999563,6.800000000001091,10.969999999999345,12142.073333333334,12126.49,12082.386666666665,12043.669999999998,12163.66,12134.68,12127.88,0.39999999999999997,1716.0,D,U,0.6
30/10/2006,12074.01,12117.07,12050.23,12086.49,-73.39999999999964,28.979999999999563,6.800000000001091,12129.533333333333,12142.073333333334,12126.49,12082.386666666665,12090.26,12163.66,12134.68,0.39999999999999997,1717.0,U,U,0.6
31/10/2006,12086.18,12160.46,11986.84,12080.73,-3.7700000000004366,-73.39999999999964,28.979999999999563,12113.47,12129.533333333333,12142.073333333334,12126.49,12086.49,12090.26,12163.66,0.4666666666666666,1718.0,D,U,0.5333333333333333
01/11/2006,12080.25,12160.7,11972.99,12031.02,-5.760000000000218,-3.7700000000004366,-73.39999999999964,12085.826666666666,12113.47,12129.533333333333,12142.073333333334,12080.73,12086.49,12090.26,0.39999999999999997,1719.0,D,U,0.6
02/11/2006,12023.98,12070.25,11938.89,12018.54,-49.70999999999913,-5.760000000000218,-3.7700000000004366,12066.080000000002,12085.826666666666,12113.47,12129.533333333333,12031.02,12080.73,12086.49,0.39999999999999997,1720.0,D,U,0.6
03/11/2006,12018.3,12095.3,11928.97,11986.04,-12.479999999999563,-49.70999999999913,-5.760000000000218,12043.43,12066.080000000002,12085.826666666666,12113.47,12018.54,12031.02,12080.73,0.3333333333333333,1721.0,D,U,0.6666666666666666
06/11/2006,11985.16,12146.45,11973.23,12105.55,-32.5,-12.479999999999563,-49.70999999999913,12011.866666666669,12043.43,12066.080000000002,12085.826666666666,11986.04,12018.54,12031.02,0.4666666666666666,1722.0,U,U,0.5333333333333333
07/11/2006,12104.75,12239.94,12065.2,12156.77,119.5099999999984,-32.5,-12.479999999999563,12036.710000000001,12011.866666666669,12043.43,12066.080000000002,12105.55,11986.04,12018.54,0.3333333333333333,1723.0,U,U,0.6666666666666666
08/11/2006,12147.38,12233.54,12051.6,12176.54,51.220000000001164,119.5099999999984,-32.5,12082.786666666667,12036.710000000001,12011.866666666669,12043.43,12156.77,12105.55,11986.04,0.26666666666666666,1724.0,U,U,0.7333333333333333
09/11/2006,12174.7,12236.1,12039.59,12103.3,19.770000000000437,51.220000000001164,119.5099999999984,12146.286666666667,12082.786666666667,12036.710000000001,12011.866666666669,12176.54,12156.77,12105.55,0.4666666666666666,1725.0,D,U,0.5333333333333333
10/11/2006,12102.74,12173.08,12074.01,12108.43,-73.2400000000016,19.770000000000437,51.220000000001164,12145.536666666667,12146.286666666667,12082.786666666667,12036.710000000001,12103.3,12176.54,12156.77,0.5333333333333333,1726.0,U,D,0.4666666666666666
13/11/2006,12084.89,12164.22,12084.89,12131.88,5.130000000001019,-73.2400000000016,19.770000000000437,12129.423333333334,12145.536666666667,12146.286666666667,12082.786666666667,12108.43,12103.3,12176.54,0.39999999999999997,1727.0,U,U,0.6
14/11/2006,12132.44,12261.15,12051.68,12218.01,23.44999999999891,5.130000000001019,-73.2400000000016,12114.536666666667,12129.423333333334,12145.536666666667,12146.286666666667,12131.88,12108.43,12103.3,0.4666666666666666,1728.0,U,U,0.5333333333333333
15/11/2006,12214.37,12326.07,12156.37,12251.71,86.13000000000102,23.44999999999891,5.130000000001019,12152.773333333333,12114.536666666667,12129.423333333334,12145.536666666667,12218.01,12131.88,12108.43,0.4666666666666666,1729.0,U,U,0.5333333333333333
16/11/2006,12250.05,12375.37,12204.0,12305.82,33.69999999999891,86.13000000000102,23.44999999999891,12200.533333333333,12152.773333333333,12114.536666666667,12129.423333333334,12251.71,12218.01,12131.88,0.3333333333333333,1730.0,U,U,0.6666666666666666
17/11/2006,12293.49,12342.55,12278.2,12342.55,54.11000000000058,33.69999999999891,86.13000000000102,12258.513333333334,12200.533333333333,12152.773333333333,12114.536666666667,12305.82,12251.71,12218.01,0.39999999999999997,1731.0,U,U,0.6
20/11/2006,12340.71,12400.1,12257.34,12316.54,36.72999999999956,54.11000000000058,33.69999999999891,12300.026666666667,12258.513333333334,12200.533333333333,12152.773333333333,12342.55,12305.82,12251.71,0.4666666666666666,1732.0,D,U,0.5333333333333333
21/11/2006,12312.13,12409.31,12233.94,12321.59,-26.0099999999984,36.72999999999956,54.11000000000058,12321.636666666667,12300.026666666667,12258.513333333334,12200.533333333333,12316.54,12342.55,12305.82,0.39999999999999997,1733.0,U,U,0.6
22/11/2006,12321.91,12403.54,12238.43,12326.95,5.049999999999272,-26.0099999999984,36.72999999999956,12326.893333333333,12321.636666666667,12300.026666666667,12258.513333333334,12321.59,12316.54,12342.55,0.4666666666666666,1734.0,U,U,0.5333333333333333
24/11/2006,12321.71,12340.89,12219.28,12280.17,5.360000000000582,5.049999999999272,-26.0099999999984,12321.693333333335,12326.893333333333,12321.636666666667,12300.026666666667,12326.95,12321.59,12316.54,0.3333333333333333,1735.0,D,U,0.6666666666666666
27/11/2006,12279.13,12303.32,12079.01,12121.71,-46.780000000000655,5.360000000000582,5.049999999999272,12309.57,12321.693333333335,12326.893333333333,12321.636666666667,12280.17,12326.95,12321.59,0.3333333333333333,1736.0,D,U,0.6666666666666666
28/11/2006,12095.27,12148.78,12073.4,12136.44,-158.46000000000095,-46.780000000000655,5.360000000000582,12242.943333333335,12309.57,12321.693333333335,12326.893333333333,12121.71,12280.17,12326.95,0.39999999999999997,1737.0,U,U,0.6
29/11/2006,12134.4,12283.05,12119.7,12226.73,14.730000000001382,-158.46000000000095,-46.780000000000655,12179.44,12242.943333333335,12309.57,12321.693333333335,12136.44,12121.71,12280.17,0.39999999999999997,1738.0,U,U,0.6
30/11/2006,12226.73,12317.1,12118.42,12221.93,90.28999999999905,14.730000000001382,-158.46000000000095,12161.626666666669,12179.44,12242.943333333335,12309.57,12226.73,12136.44,12121.71,0.5333333333333333,1739.0,D,D,0.4666666666666666
01/12/2006,12220.97,12289.3,12070.52,12194.13,-4.799999999999272,90.28999999999905,14.730000000001382,12195.033333333333,12161.626666666669,12179.44,12242.943333333335,12221.93,12226.73,12136.44,0.4666666666666666,1740.0,D,U,0.5333333333333333
04/12/2006,12195.57,12349.87,12149.27,12283.85,-27.80000000000109,-4.799999999999272,90.28999999999905,12214.263333333334,12195.033333333333,12161.626666666669,12179.44,12194.13,12221.93,12226.73,0.26666666666666666,1741.0,U,U,0.7333333333333333
05/12/2006,12283.69,12398.57,12218.24,12331.6,89.72000000000116,-27.80000000000109,-4.799999999999272,12233.303333333331,12214.263333333334,12195.033333333333,12161.626666666669,12283.85,12194.13,12221.93,0.39999999999999997,1742.0,U,U,0.6
06/12/2006,12328.72,12390.88,12239.95,12309.25,47.75,89.72000000000116,-27.80000000000109,12269.86,12233.303333333331,12214.263333333334,12195.033333333333,12331.6,12283.85,12194.13,0.39999999999999997,1743.0,D,U,0.6
07/12/2006,12310.13,12396.33,12233.06,12278.41,-22.350000000000364,47.75,89.72000000000116,12308.233333333332,12269.86,12233.303333333331,12214.263333333334,12309.25,12331.6,12283.85,0.39999999999999997,1744.0,D,U,0.6
08/12/2006,12256.21,12332.16,12243.31,12307.48,-30.840000000000146,-22.350000000000364,47.75,12306.419999999998,12308.233333333332,12269.86,12233.303333333331,12278.41,12309.25,12331.6,0.3333333333333333,1745.0,U,U,0.6666666666666666
11/12/2006,12306.21,12399.54,12245.32,12328.48,29.06999999999971,-30.840000000000146,-22.350000000000364,12298.38,12306.419999999998,12308.233333333332,12269.86,12307.48,12278.41,12309.25,0.3333333333333333,1746.0,U,U,0.6666666666666666
12/12/2006,12328.24,12396.01,12222.65,12315.58,21.0,29.06999999999971,-30.840000000000146,12304.789999999999,12298.38,12306.419999999998,12308.233333333332,12328.48,12307.48,12278.41,0.39999999999999997,1747.0,D,U,0.6
13/12/2006,12312.71,12411.55,12263.19,12317.5,-12.899999999999636,21.0,29.06999999999971,12317.18,12304.789999999999,12298.38,12306.419999999998,12315.58,12328.48,12307.48,0.4666666666666666,1748.0,U,U,0.5333333333333333
14/12/2006,12317.5,12472.76,12271.44,12416.76,1.9200000000000728,-12.899999999999636,21.0,12320.519999999999,12317.18,12304.789999999999,12298.38,12317.5,12315.58,12328.48,0.39999999999999997,1749.0,U,U,0.6
15/12/2006,12417.96,12536.37,12377.35,12445.52,99.26000000000022,1.9200000000000728,-12.899999999999636,12349.946666666669,12320.519999999999,12317.18,12304.789999999999,12416.76,12317.5,12315.58,0.4666666666666666,1750.0,U,U,0.5333333333333333
18/12/2006,12446.24,12545.74,12372.3,12441.27,28.76000000000022,99.26000000000022,1.9200000000000728,12393.26,12349.946666666669,12320.519999999999,12317.18,12445.52,12416.76,12317.5,0.4666666666666666,1751.0,D,U,0.5333333333333333
19/12/2006,12439.51,12517.78,12348.5,12471.32,-4.25,28.76000000000022,99.26000000000022,12434.516666666668,12393.26,12349.946666666669,12320.519999999999,12441.27,12445.52,12416.76,0.4666666666666666,1752.0,U,U,0.5333333333333333
20/12/2006,12471.32,12549.35,12393.45,12463.87,30.049999999999272,-4.25,28.76000000000022,12452.703333333333,12434.516666666668,12393.26,12349.946666666669,12471.32,12441.27,12445.52,0.4666666666666666,1753.0,D,U,0.5333333333333333
21/12/2006,12461.62,12526.59,12369.97,12421.25,-7.449999999998909,30.049999999999272,-4.25,12458.82,12452.703333333333,12434.516666666668,12393.26,12463.87,12471.32,12441.27,0.6,1754.0,D,D,0.39999999999999997
22/12/2006,12407.87,12417.96,12341.77,12343.21,-42.6200000000008,-7.449999999998909,30.049999999999272,12452.146666666667,12458.82,12452.703333333333,12434.516666666668,12421.25,12463.87,12471.32,0.3333333333333333,1755.0,D,U,0.6666666666666666
26/12/2006,12341.94,12439.19,12301.4,12407.63,-78.04000000000087,-42.6200000000008,-7.449999999998909,12409.443333333335,12452.146666666667,12458.82,12452.703333333333,12343.21,12421.25,12463.87,0.39999999999999997,1756.0,U,U,0.6
27/12/2006,12463.46,12518.34,12407.62,12510.57,64.42000000000007,-78.04000000000087,-42.6200000000008,12390.696666666665,12409.443333333335,12452.146666666667,12458.82,12407.63,12343.21,12421.25,0.3333333333333333,1757.0,U,U,0.6666666666666666
28/12/2006,12510.57,12566.17,12440.23,12501.52,102.94000000000051,64.42000000000007,-78.04000000000087,12420.47,12390.696666666665,12409.443333333335,12452.146666666667,12510.57,12407.63,12343.21,0.3333333333333333,1758.0,D,U,0.6666666666666666
29/12/2006,12500.48,12560.16,12423.81,12463.15,-9.049999999999272,102.94000000000051,64.42000000000007,12473.24,12420.47,12390.696666666665,12409.443333333335,12501.52,12510.57,12407.63,0.39999999999999997,1759.0,D,U,0.6
03/01/2007,12459.54,12630.34,12373.82,12474.52,-38.3700000000008,-9.049999999999272,102.94000000000051,12491.746666666666,12473.24,12420.47,12390.696666666665,12463.15,12501.52,12510.57,0.5333333333333333,1760.0,U,D,0.4666666666666666
04/01/2007,12467.32,12510.26,12405.47,12480.69,11.3700000000008,-38.3700000000008,-9.049999999999272,12479.730000000001,12491.746666666666,12473.24,12420.47,12474.52,12463.15,12501.52,0.6666666666666666,1761.0,U,D,0.3333333333333333
05/01/2007,12480.05,12504.4,12326.79,12398.01,6.170000000000073,11.3700000000008,-38.3700000000008,12472.786666666667,12479.730000000001,12491.746666666666,12473.24,12480.69,12474.52,12463.15,0.3333333333333333,1762.0,D,U,0.6666666666666666
08/01/2007,12393.93,12445.37,12337.53,12423.49,-82.68000000000029,6.170000000000073,11.3700000000008,12451.073333333334,12472.786666666667,12479.730000000001,12491.746666666666,12398.01,12480.69,12474.52,0.3333333333333333,1763.0,U,U,0.6666666666666666
09/01/2007,12424.77,12516.66,12337.85,12416.6,25.479999999999563,-82.68000000000029,6.170000000000073,12434.063333333334,12451.073333333334,12472.786666666667,12479.730000000001,12423.49,12398.01,12480.69,0.4666666666666666,1764.0,D,U,0.5333333333333333
10/01/2007,12417.0,12487.18,12313.01,12442.16,-6.889999999999418,25.479999999999563,-82.68000000000029,12412.699999999999,12434.063333333334,12451.073333333334,12472.786666666667,12416.6,12423.49,12398.01,0.39999999999999997,1765.0,U,U,0.6
11/01/2007,12442.96,12586.12,12413.72,12514.98,25.55999999999949,-6.889999999999418,25.479999999999563,12427.416666666666,12412.699999999999,12434.063333333334,12451.073333333334,12442.16,12416.6,12423.49,0.4666666666666666,1766.0,U,U,0.5333333333333333
12/01/2007,12514.66,12616.08,12432.3,12556.08,72.81999999999971,25.55999999999949,-6.889999999999418,12457.913333333336,12427.416666666666,12412.699999999999,12434.063333333334,12514.98,12442.16,12416.6,0.5333333333333333,1767.0,U,D,0.4666666666666666
16/01/2007,12555.84,12638.27,12489.9,12582.59,41.100000000000364,72.81999999999971,25.55999999999949,12504.406666666668,12457.913333333336,12427.416666666666,12412.699999999999,12556.08,12514.98,12442.16,0.4666666666666666,1768.0,U,U,0.5333333333333333
17/01/2007,12563.53,12613.28,12550.95,12577.15,26.51000000000022,41.100000000000364,72.81999999999971,12551.216666666665,12504.406666666668,12457.913333333336,12427.416666666666,12582.59,12556.08,12514.98,0.3333333333333333,1769.0,U,U,0.6666666666666666
18/01/2007,12575.06,12674.16,12487.9,12567.93,-5.440000000000509,26.51000000000022,41.100000000000364,12571.94,12551.216666666665,12504.406666666668,12457.913333333336,12577.15,12582.59,12556.08,0.6666666666666666,1770.0,D,D,0.3333333333333333
19/01/2007,12567.93,12649.89,12462.5,12565.53,-9.219999999999345,-5.440000000000509,26.51000000000022,12575.89,12571.94,12551.216666666665,12504.406666666668,12567.93,12577.15,12582.59,0.6666666666666666,1771.0,D,D,0.3333333333333333
22/01/2007,12566.33,12619.04,12389.68,12477.16,-2.399999999999636,-9.219999999999345,-5.440000000000509,12570.203333333333,12575.89,12571.94,12551.216666666665,12565.53,12567.93,12577.15,0.6,1772.0,D,D,0.39999999999999997
23/01/2007,12467.96,12553.44,12467.96,12533.8,-88.3700000000008,-2.399999999999636,-9.219999999999345,12536.873333333331,12570.203333333333,12575.89,12571.94,12477.16,12565.53,12567.93,0.6,1773.0,U,D,0.39999999999999997
24/01/2007,12534.37,12659.42,12489.98,12621.77,56.63999999999942,-88.3700000000008,-2.399999999999636,12525.496666666668,12536.873333333331,12570.203333333333,12575.89,12533.8,12477.16,12565.53,0.39999999999999997,1774.0,U,U,0.6
25/01/2007,12621.77,12670.48,12461.54,12502.56,87.97000000000116,56.63999999999942,-88.3700000000008,12544.243333333332,12525.496666666668,12536.873333333331,12570.203333333333,12621.77,12533.8,12477.16,0.4666666666666666,1775.0,D,U,0.5333333333333333
26/01/2007,12503.28,12582.67,12391.44,12487.02,-119.21000000000095,87.97000000000116,56.63999999999942,12552.71,12544.243333333332,12525.496666666668,12536.873333333331,12502.56,12621.77,12533.8,0.6,1776.0,D,D,0.39999999999999997
29/01/2007,12487.1,12599.74,12422.93,12490.78,-15.539999999999054,-119.21000000000095,87.97000000000116,12537.116666666669,12552.71,12544.243333333332,12525.496666666668,12487.02,12502.56,12621.77,0.6,1777.0,U,D,0.39999999999999997
30/01/2007,12484.7,12538.06,12463.07,12523.31,3.7600000000002183,-15.539999999999054,-119.21000000000095,12493.453333333333,12537.116666666669,12552.71,12544.243333333332,12490.78,12487.02,12502.56,0.26666666666666666,1778.0,U,U,0.7333333333333333
31/01/2007,12520.03,12685.54,12461.3,12621.69,32.529999999998836,3.7600000000002183,-15.539999999999054,12500.37,12493.453333333333,12537.116666666669,12552.71,12523.31,12490.78,12487.02,0.39999999999999997,1779.0,U,U,0.6
01/02/2007,12617.2,12741.3,12563.85,12673.68,98.38000000000102,32.529999999998836,3.7600000000002183,12545.26,12500.37,12493.453333333333,12537.116666666669,12621.69,12523.31,12490.78,0.5333333333333333,1780.0,U,D,0.4666666666666666
02/02/2007,12673.84,12740.65,12582.99,12653.49,51.98999999999978,98.38000000000102,32.529999999998836,12606.226666666667,12545.26,12500.37,12493.453333333333,12673.68,12621.69,12523.31,0.5333333333333333,1781.0,D,D,0.4666666666666666
05/02/2007,12641.08,12681.06,12630.5,12661.74,-20.19000000000051,51.98999999999978,98.38000000000102,12649.62,12606.226666666667,12545.26,12500.37,12653.49,12673.68,12621.69,0.6,1782.0,U,D,0.39999999999999997
06/02/2007,12661.66,12738.41,12586.44,12666.31,8.25,-20.19000000000051,51.98999999999978,12662.97,12649.62,12606.226666666667,12545.26,12661.74,12653.49,12673.68,0.6666666666666666,1783.0,U,D,0.3333333333333333
07/02/2007,12656.86,12748.99,12589.56,12666.87,4.569999999999709,8.25,-20.19000000000051,12660.513333333334,12662.97,12649.62,12606.226666666667,12666.31,12661.74,12653.49,0.6666666666666666,1784.0,U,D,0.3333333333333333
08/02/2007,12639.16,12666.88,12576.59,12637.63,0.5600000000013097,4.569999999999709,8.25,12664.973333333333,12660.513333333334,12662.97,12649.62,12666.87,12666.31,12661.74,0.6666666666666666,1785.0,D,D,0.3333333333333333
09/02/2007,12638.03,12725.59,12518.58,12580.83,-29.2400000000016,0.5600000000013097,4.569999999999709,12656.936666666666,12664.973333333333,12660.513333333334,12662.97,12637.63,12666.87,12666.31,0.5333333333333333,1786.0,D,D,0.4666666666666666
12/02/2007,12595.9,12605.11,12536.77,12552.55,-56.79999999999927,-29.2400000000016,0.5600000000013097,12628.443333333335,12656.936666666666,12664.973333333333,12660.513333333334,12580.83,12637.63,12666.87,0.6,1787.0,D,D,0.39999999999999997
13/02/2007,12549.19,12702.36,12549.19,12654.85,-28.280000000000655,-56.79999999999927,-29.2400000000016,12590.336666666664,12628.443333333335,12656.936666666666,12664.973333333333,12552.55,12580.83,12637.63,0.5333333333333333,1788.0,U,D,0.4666666666666666
14/02/2007,12651.29,12793.29,12623.21,12741.86,102.30000000000109,-28.280000000000655,-56.79999999999927,12596.076666666666,12590.336666666664,12628.443333333335,12656.936666666666,12654.85,12552.55,12580.83,0.6,1789.0,U,D,0.39999999999999997
15/02/2007,12741.7,12828.38,12681.85,12765.01,87.01000000000022,102.30000000000109,-28.280000000000655,12649.753333333334,12596.076666666666,12590.336666666664,12628.443333333335,12741.86,12654.85,12552.55,0.5333333333333333,1790.0,U,D,0.4666666666666666
16/02/2007,12764.13,12829.42,12685.86,12767.57,23.149999999999636,87.01000000000022,102.30000000000109,12720.573333333334,12649.753333333334,12596.076666666666,12590.336666666664,12765.01,12741.86,12654.85,0.26666666666666666,1791.0,U,U,0.7333333333333333
20/02/2007,12766.85,12845.76,12675.04,12786.64,2.5599999999994907,23.149999999999636,87.01000000000022,12758.146666666667,12720.573333333334,12649.753333333334,12596.076666666666,12767.57,12765.01,12741.86,0.4666666666666666,1792.0,U,U,0.5333333333333333
21/02/2007,12782.87,12813.88,12662.79,12782.87,19.06999999999971,2.5599999999994907,23.149999999999636,12773.073333333334,12758.146666666667,12720.573333333334,12649.753333333334,12786.64,12767.57,12765.01,0.6,1793.0,D,D,0.39999999999999997
22/02/2007,12735.77,12792.97,12621.93,12686.02,-3.7699999999986176,19.06999999999971,2.5599999999994907,12779.026666666667,12773.073333333334,12758.146666666667,12720.573333333334,12782.87,12786.64,12767.57,0.6,1794.0,D,D,0.39999999999999997
23/02/2007,12679.89,12726.79,12578.51,12647.48,-96.85000000000036,-3.7699999999986176,19.06999999999971,12751.843333333332,12779.026666666667,12773.073333333334,12758.146666666667,12686.02,12782.87,12786.64,0.7999999999999999,1795.0,D,D,0.2
26/02/2007,12647.88,12746.34,12562.72,12632.26,-38.54000000000087,-96.85000000000036,-3.7699999999986176,12705.456666666665,12751.843333333332,12779.026666666667,12773.073333333334,12647.48,12686.02,12782.87,0.6666666666666666,1796.0,D,D,0.3333333333333333
27/02/2007,12628.9,12628.9,12078.85,12216.24,-15.219999999999345,-38.54000000000087,-96.85000000000036,12655.253333333334,12705.456666666665,12751.843333333332,12779.026666666667,12632.26,12647.48,12686.02,0.6666666666666666,1797.0,D,D,0.3333333333333333
28/02/2007,12214.92,12396.81,12122.03,12268.63,-416.02000000000044,-15.219999999999345,-38.54000000000087,12498.659999999998,12655.253333333334,12705.456666666665,12751.843333333332,12216.24,12632.26,12647.48,0.7333333333333333,1798.0,U,D,0.26666666666666666
01/03/2007,12265.59,12338.89,11996.17,12234.34,52.38999999999942,-416.02000000000044,-15.219999999999345,12372.376666666665,12498.659999999998,12655.253333333334,12705.456666666665,12268.63,12216.24,12632.26,0.4666666666666666,1799.0,D,U,0.5333333333333333
02/03/2007,12233.78,12293.15,12064.91,12114.1,-34.289999999999054,52.38999999999942,-416.02000000000044,12239.736666666666,12372.376666666665,12498.659999999998,12655.253333333334,12234.34,12268.63,12216.24,0.3333333333333333,1800.0,D,U,0.6666666666666666
05/03/2007,12111.61,12220.16,11973.58,12050.41,-120.23999999999978,-34.289999999999054,52.38999999999942,12205.69,12239.736666666666,12372.376666666665,12498.659999999998,12114.1,12234.34,12268.63,0.39999999999999997,1801.0,D,U,0.6
06/03/2007,12051.17,12252.61,12051.17,12207.59,-63.69000000000051,-120.23999999999978,-34.289999999999054,12132.950000000003,12205.69,12239.736666666666,12372.376666666665,12050.41,12114.1,12234.34,0.39999999999999997,1802.0,U,U,0.6
07/03/2007,12204.46,12315.18,12122.11,12192.45,157.1800000000003,-63.69000000000051,-120.23999999999978,12124.033333333335,12132.950000000003,12205.69,12239.736666666666,12207.59,12050.41,12114.1,0.5333333333333333,1803.0,D,D,0.4666666666666666
08/03/2007,12193.33,12355.47,12183.79,12260.7,-15.139999999999418,157.1800000000003,-63.69000000000051,12150.15,12124.033333333335,12132.950000000003,12205.69,12192.45,12207.59,12050.41,0.39999999999999997,1804.0,U,U,0.6
09/03/2007,12262.06,12379.51,12200.62,12276.32,68.25,-15.139999999999418,157.1800000000003,12220.246666666668,12150.15,12124.033333333335,12132.950000000003,12260.7,12192.45,12207.59,0.2,1805.0,U,U,0.7999999999999999
12/03/2007,12275.68,12385.44,12205.58,12318.62,15.619999999998981,68.25,-15.139999999999418,12243.156666666668,12220.246666666668,12150.15,12124.033333333335,12276.32,12260.7,12192.45,0.4666666666666666,1806.0,U,U,0.5333333333333333
13/03/2007,12307.49,12319.66,12049.85,12075.96,42.30000000000109,15.619999999998981,68.25,12285.213333333333,12243.156666666668,12220.246666666668,12150.15,12318.62,12276.32,12260.7,0.39999999999999997,1807.0,D,U,0.6
14/03/2007,12074.52,12187.88,11926.79,12133.4,-242.66000000000167,42.30000000000109,15.619999999998981,12223.633333333333,12285.213333333333,12243.156666666668,12220.246666666668,12075.96,12318.62,12276.32,0.26666666666666666,1808.0,U,U,0.7333333333333333
15/03/2007,12133.16,12228.42,12060.1,12159.68,57.44000000000051,-242.66000000000167,42.30000000000109,12175.993333333334,12223.633333333333,12285.213333333333,12243.156666666668,12133.4,12075.96,12318.62,0.39999999999999997,1809.0,U,U,0.6
16/03/2007,12160.16,12226.01,12053.05,12110.41,26.280000000000655,57.44000000000051,-242.66000000000167,12123.013333333334,12175.993333333334,12223.633333333333,12285.213333333333,12159.68,12133.4,12075.96,0.4666666666666666,1810.0,D,U,0.5333333333333333
19/03/2007,12110.41,12273.52,12110.41,12226.17,-49.27000000000044,26.280000000000655,57.44000000000051,12134.496666666668,12123.013333333334,12175.993333333334,12223.633333333333,12110.41,12159.68,12133.4,0.3333333333333333,1811.0,U,U,0.6666666666666666
20/03/2007,12226.81,12324.31,12172.66,12288.1,115.76000000000022,-49.27000000000044,26.280000000000655,12165.42,12134.496666666668,12123.013333333334,12175.993333333334,12226.17,12110.41,12159.68,0.3333333333333333,1812.0,U,U,0.6666666666666666
21/03/2007,12288.98,12489.02,12220.49,12447.52,61.93000000000029,115.76000000000022,-49.27000000000044,12208.226666666667,12165.42,12134.496666666668,12123.013333333334,12288.1,12226.17,12110.41,0.5333333333333333,1813.0,U,D,0.4666666666666666
22/03/2007,12446.72,12524.03,12364.21,12461.14,159.42000000000007,61.93000000000029,115.76000000000022,12320.596666666666,12208.226666666667,12165.42,12134.496666666668,12447.52,12288.1,12226.17,0.5333333333333333,1814.0,U,D,0.4666666666666666
23/03/2007,12460.5,12550.07,12396.89,12481.01,13.619999999998981,159.42000000000007,61.93000000000029,12398.92,12320.596666666666,12208.226666666667,12165.42,12461.14,12447.52,12288.1,0.6666666666666666,1815.0,U,D,0.3333333333333333
26/03/2007,12480.37,12526.27,12339.53,12469.07,19.8700000000008,13.619999999998981,159.42000000000007,12463.223333333333,12398.92,12320.596666666666,12208.226666666667,12481.01,12461.14,12447.52,0.5333333333333333,1816.0,D,D,0.4666666666666666
27/03/2007,12468.59,12484.54,12336.89,12397.29,-11.94000000000051,19.8700000000008,13.619999999998981,12470.406666666668,12463.223333333333,12398.92,12320.596666666666,12469.07,12481.01,12461.14,0.6,1817.0,D,D,0.39999999999999997
28/03/2007,12396.49,12415.56,12234.5,12300.36,-71.77999999999884,-11.94000000000051,19.8700000000008,12449.123333333335,12470.406666666668,12463.223333333333,12398.92,12397.29,12469.07,12481.01,0.39999999999999997,1818.0,D,U,0.6
29/03/2007,12301.48,12424.77,12251.89,12348.75,-96.93000000000029,-71.77999999999884,-11.94000000000051,12388.906666666668,12449.123333333335,12470.406666666668,12463.223333333333,12300.36,12397.29,12469.07,0.3333333333333333,1819.0,U,U,0.6666666666666666
30/03/2007,12348.91,12442.4,12237.87,12354.35,48.38999999999942,-96.93000000000029,-71.77999999999884,12348.800000000001,12388.906666666668,12449.123333333335,12470.406666666668,12348.75,12300.36,12397.29,0.2,1820.0,U,U,0.7999999999999999
02/04/2007,12354.52,12450.81,12284.54,12382.3,5.600000000000364,48.38999999999942,-96.93000000000029,12334.486666666666,12348.800000000001,12388.906666666668,12449.123333333335,12354.35,12348.75,12300.36,0.4666666666666666,1821.0,U,U,0.5333333333333333
03/04/2007,12431.28,12534.49,12378.94,12510.93,27.94999999999891,5.600000000000364,48.38999999999942,12361.799999999997,12334.486666666666,12348.800000000001,12388.906666666668,12382.3,12354.35,12348.75,0.4666666666666666,1822.0,U,U,0.5333333333333333
04/04/2007,12511.36,12591.81,12444.55,12530.05,128.63000000000102,27.94999999999891,5.600000000000364,12415.86,12361.799999999997,12334.486666666666,12348.800000000001,12510.93,12382.3,12354.35,0.6,1823.0,U,D,0.39999999999999997
05/04/2007,12505.73,12573.02,12501.25,12560.83,19.11999999999898,128.63000000000102,27.94999999999891,12474.426666666666,12415.86,12361.799999999997,12334.486666666666,12530.05,12510.93,12382.3,0.5333333333333333,1824.0,U,D,0.4666666666666666
09/04/2007,12562.64,12641.22,12505.83,12569.14,30.780000000000655,19.11999999999898,128.63000000000102,12533.936666666666,12474.426666666666,12415.86,12361.799999999997,12560.83,12530.05,12510.93,0.39999999999999997,1825.0,U,U,0.6
10/04/2007,12568.49,12641.87,12496.48,12573.85,8.30999999999949,30.780000000000655,19.11999999999898,12553.339999999998,12533.936666666666,12474.426666666666,12415.86,12569.14,12560.83,12530.05,0.4666666666666666,1826.0,U,U,0.5333333333333333
11/04/2007,12573.12,12618.63,12432.53,12484.62,4.710000000000946,8.30999999999949,30.780000000000655,12567.94,12553.339999999998,12533.936666666666,12474.426666666666,12573.85,12569.14,12560.83,0.6666666666666666,1827.0,D,D,0.3333333333333333
12/04/2007,12483.64,12580.92,12407.5,12552.96,-89.22999999999956,4.710000000000946,8.30999999999949,12542.536666666667,12567.94,12553.339999999998,12533.936666666666,12484.62,12573.85,12569.14,0.6,1828.0,U,D,0.39999999999999997
13/04/2007,12551.91,12654.47,12504.04,12612.13,68.33999999999833,-89.22999999999956,4.710000000000946,12537.143333333333,12542.536666666667,12567.94,12553.339999999998,12552.96,12484.62,12573.85,0.4666666666666666,1829.0,U,U,0.5333333333333333
16/04/2007,12611.64,12770.6,12596.36,12720.46,59.17000000000007,68.33999999999833,-89.22999999999956,12549.903333333334,12537.143333333333,12542.536666666667,12567.94,12612.13,12552.96,12484.62,0.6,1830.0,U,D,0.39999999999999997
17/04/2007,12719.56,12837.4,12669.5,12773.04,108.32999999999993,59.17000000000007,68.33999999999833,12628.516666666665,12549.903333333334,12537.143333333333,12542.536666666667,12720.46,12612.13,12552.96,0.39999999999999997,1831.0,U,U,0.6
18/04/2007,12771.08,12871.21,12691.2,12803.84,52.580000000001746,108.32999999999993,59.17000000000007,12701.876666666665,12628.516666666665,12549.903333333334,12537.143333333333,12773.04,12720.46,12612.13,0.39999999999999997,1832.0,U,U,0.6
19/04/2007,12799.77,12889.17,12677.47,12808.63,30.799999999999272,52.580000000001746,108.32999999999993,12765.779999999999,12701.876666666665,12628.516666666665,12549.903333333334,12803.84,12773.04,12720.46,0.3333333333333333,1833.0,U,U,0.6666666666666666
20/04/2007,12811.15,13035.77,12811.15,12961.98,4.789999999999054,30.799999999999272,52.580000000001746,12795.17,12765.779999999999,12701.876666666665,12628.516666666665,12808.63,12803.84,12773.04,0.4666666666666666,1834.0,U,U,0.5333333333333333
23/04/2007,12961.49,13029.59,12867.96,12919.4,153.35000000000036,4.789999999999054,30.799999999999272,12858.15,12795.17,12765.779999999999,12701.876666666665,12961.98,12808.63,12803.84,0.4666666666666666,1835.0,D,U,0.5333333333333333
24/04/2007,12919.64,13033.66,12845.12,12953.94,-42.57999999999993,153.35000000000036,4.789999999999054,12896.67,12858.15,12795.17,12765.779999999999,12919.4,12961.98,12808.63,0.6,1836.0,U,D,0.39999999999999997
25/04/2007,12951.42,13142.31,12929.8,13089.89,34.54000000000087,-42.57999999999993,153.35000000000036,12945.106666666667,12896.67,12858.15,12795.17,12953.94,12919.4,12961.98,0.3333333333333333,1837.0,U,U,0.6666666666666666
26/04/2007,13088.84,13197.49,13016.43,13105.5,135.9499999999989,34.54000000000087,-42.57999999999993,12987.743333333332,12945.106666666667,12896.67,12858.15,13089.89,12953.94,12919.4,0.26666666666666666,1838.0,U,U,0.7333333333333333
27/04/2007,13104.04,13195.05,13002.37,13120.94,15.610000000000582,135.9499999999989,34.54000000000087,13049.776666666667,12987.743333333332,12945.106666666667,12896.67,13105.5,13089.89,12953.94,0.39999999999999997,1839.0,U,U,0.6
30/04/2007,13120.21,13226.99,13003.91,13062.91,15.44000000000051,15.610000000000582,135.9499999999989,13105.443333333335,13049.776666666667,12987.743333333332,12945.106666666667,13120.94,13105.5,13089.89,0.39999999999999997,1840.0,D,U,0.6
01/05/2007,13062.75,13188.96,12993.02,13136.14,-58.030000000000655,15.44000000000051,15.610000000000582,13096.450000000003,13105.443333333335,13049.776666666667,12987.743333333332,13062.91,13120.94,13105.5,0.3333333333333333,1841.0,U,U,0.6666666666666666
02/05/2007,13133.94,13291.6,13105.34,13211.88,73.22999999999956,-58.030000000000655,15.44000000000051,13106.663333333332,13096.450000000003,13105.443333333335,13049.776666666667,13136.14,13062.91,13120.94,0.39999999999999997,1842.0,U,U,0.6
03/05/2007,13206.65,13306.55,13131.42,13241.38,75.73999999999978,73.22999999999956,-58.030000000000655,13136.976666666667,13106.663333333332,13096.450000000003,13105.443333333335,13211.88,13136.14,13062.91,0.5333333333333333,1843.0,U,D,0.4666666666666666
04/05/2007,13243.08,13340.6,13176.61,13264.62,29.5,75.73999999999978,73.22999999999956,13196.466666666665,13136.976666666667,13106.663333333332,13096.450000000003,13241.38,13211.88,13136.14,0.5333333333333333,1844.0,U,D,0.4666666666666666
07/05/2007,13264.13,13385.06,13218.87,13312.97,23.2400000000016,29.5,75.73999999999978,13239.293333333333,13196.466666666665,13136.976666666667,13106.663333333332,13264.62,13241.38,13211.88,0.7333333333333333,1845.0,U,D,0.26666666666666666
08/05/2007,13309.4,13359.05,13192.45,13309.07,48.349999999998545,23.2400000000016,29.5,13272.99,13239.293333333333,13196.466666666665,13136.976666666667,13312.97,13264.62,13241.38,0.7333333333333333,1846.0,D,D,0.26666666666666666
09/05/2007,13300.62,13410.17,13229.92,13362.87,-3.899999999999636,48.349999999998545,23.2400000000016,13295.553333333335,13272.99,13239.293333333333,13196.466666666665,13309.07,13312.97,13264.62,0.6666666666666666,1847.0,U,D,0.3333333333333333
10/05/2007,13359.05,13376.2,13161.08,13215.13,53.80000000000109,-3.899999999999636,48.349999999998545,13328.303333333335,13295.553333333335,13272.99,13239.293333333333,13362.87,13309.07,13312.97,0.5333333333333333,1848.0,D,D,0.4666666666666666
11/05/2007,13212.2,13373.35,13192.62,13326.22,-147.7400000000016,53.80000000000109,-3.899999999999636,13295.69,13328.303333333335,13295.553333333335,13272.99,13215.13,13362.87,13309.07,0.4666666666666666,1849.0,U,U,0.5333333333333333
14/05/2007,13325.81,13432.84,13265.02,13346.78,111.09000000000015,-147.7400000000016,53.80000000000109,13301.406666666668,13295.69,13328.303333333335,13295.553333333335,13326.22,13215.13,13362.87,0.3333333333333333,1850.0,U,U,0.6666666666666666
15/05/2007,13346.05,13518.33,13302.65,13383.84,20.56000000000131,111.09000000000015,-147.7400000000016,13296.043333333333,13301.406666666668,13295.69,13328.303333333335,13346.78,13326.22,13215.13,0.6,1851.0,U,D,0.39999999999999997
16/05/2007,13374.13,13526.54,13325.49,13487.53,37.05999999999949,20.56000000000131,111.09000000000015,13352.279999999999,13296.043333333333,13301.406666666668,13295.69,13383.84,13346.78,13326.22,0.39999999999999997,1852.0,U,U,0.6
17/05/2007,13486.96,13558.24,13384.89,13476.72,103.69000000000051,37.05999999999949,20.56000000000131,13406.050000000001,13352.279999999999,13296.043333333333,13301.406666666668,13487.53,13383.84,13346.78,0.39999999999999997,1853.0,D,U,0.6
18/05/2007,13476.4,13611.95,13454.46,13556.53,-10.81000000000131,103.69000000000051,37.05999999999949,13449.363333333335,13406.050000000001,13352.279999999999,13296.043333333333,13476.72,13487.53,13383.84,0.4666666666666666,1854.0,U,U,0.5333333333333333
21/05/2007,13556.53,13636.98,13473.31,13542.88,79.81000000000131,-10.81000000000131,103.69000000000051,13506.926666666666,13449.363333333335,13406.050000000001,13352.279999999999,13556.53,13476.72,13487.53,0.6,1855.0,D,D,0.39999999999999997
22/05/2007,13544.99,13632.03,13466.57,13539.95,-13.650000000001455,79.81000000000131,-10.81000000000131,13525.376666666665,13506.926666666666,13449.363333333335,13406.050000000001,13542.88,13556.53,13476.72,0.4666666666666666,1856.0,D,U,0.5333333333333333
23/05/2007,13540.84,13648.69,13476.72,13525.65,-2.929999999998472,-13.650000000001455,79.81000000000131,13546.453333333333,13525.376666666665,13506.926666666666,13449.363333333335,13539.95,13542.88,13556.53,0.5333333333333333,1857.0,D,D,0.4666666666666666
24/05/2007,13522.6,13645.52,13391.56,13441.13,-14.300000000001091,-2.929999999998472,-13.650000000001455,13536.160000000002,13546.453333333333,13525.376666666665,13506.926666666666,13525.65,13539.95,13542.88,0.6,1858.0,D,D,0.39999999999999997
25/05/2007,13441.94,13571.48,13410.0,13507.28,-84.52000000000044,-14.300000000001091,-2.929999999998472,13502.243333333332,13536.160000000002,13546.453333333333,13525.376666666665,13441.13,13525.65,13539.95,0.5333333333333333,1859.0,U,D,0.4666666666666666
29/05/2007,13507.28,13603.26,13428.86,13521.34,66.15000000000146,-84.52000000000044,-14.300000000001091,13491.353333333333,13502.243333333332,13536.160000000002,13546.453333333333,13507.28,13441.13,13525.65,0.39999999999999997,1860.0,U,U,0.6
30/05/2007,13517.89,13650.64,13403.26,13633.08,14.05999999999949,66.15000000000146,-84.52000000000044,13489.916666666666,13491.353333333333,13502.243333333332,13536.160000000002,13521.34,13507.28,13441.13,0.39999999999999997,1861.0,U,U,0.6
31/05/2007,13633.0,13718.82,13564.49,13627.64,111.73999999999978,14.05999999999949,66.15000000000146,13553.900000000001,13489.916666666666,13491.353333333333,13502.243333333332,13633.08,13521.34,13507.28,0.4666666666666666,1862.0,D,U,0.5333333333333333
01/06/2007,13628.69,13756.69,13562.54,13668.11,-5.440000000000509,111.73999999999978,14.05999999999949,13594.019999999999,13553.900000000001,13489.916666666666,13491.353333333333,13627.64,13633.08,13521.34,0.4666666666666666,1863.0,U,U,0.5333333333333333
04/06/2007,13667.21,13723.37,13575.14,13676.32,40.470000000001164,-5.440000000000509,111.73999999999978,13642.943333333335,13594.019999999999,13553.900000000001,13489.916666666666,13668.11,13627.64,13633.08,0.4666666666666666,1864.0,U,U,0.5333333333333333
05/06/2007,13673.19,13689.4,13523.7,13595.46,8.209999999999127,40.470000000001164,-5.440000000000509,13657.356666666667,13642.943333333335,13594.019999999999,13553.900000000001,13676.32,13668.11,13627.64,0.5333333333333333,1865.0,D,D,0.4666666666666666
06/06/2007,13590.66,13606.75,13403.1,13465.67,-80.86000000000058,8.209999999999127,40.470000000001164,13646.63,13657.356666666667,13642.943333333335,13594.019999999999,13595.46,13676.32,13668.11,0.6666666666666666,1866.0,D,D,0.3333333333333333
07/06/2007,13463.48,13517.85,13236.34,13266.73,-129.78999999999905,-80.86000000000058,8.209999999999127,13579.15,13646.63,13657.356666666667,13642.943333333335,13465.67,13595.46,13676.32,0.6666666666666666,1867.0,D,D,0.3333333333333333
08/06/2007,13267.14,13445.19,13207.73,13424.39,-198.9400000000005,-129.78999999999905,-80.86000000000058,13442.62,13579.15,13646.63,13657.356666666667,13266.73,13465.67,13595.46,0.5333333333333333,1868.0,U,D,0.4666666666666666
11/06/2007,13423.74,13519.88,13335.16,13424.96,157.65999999999985,-198.9400000000005,-129.78999999999905,13385.596666666666,13442.62,13579.15,13646.63,13424.39,13266.73,13465.67,0.4666666666666666,1869.0,U,U,0.5333333333333333
12/06/2007,13424.39,13474.12,13264.05,13295.01,0.569999999999709,157.65999999999985,-198.9400000000005,13372.026666666667,13385.596666666666,13442.62,13579.15,13424.96,13424.39,13266.73,0.3333333333333333,1870.0,D,U,0.6666666666666666
13/06/2007,13287.62,13502.76,13287.62,13482.35,-129.9499999999989,0.569999999999709,157.65999999999985,13381.453333333333,13372.026666666667,13385.596666666666,13442.62,13295.01,13424.96,13424.39,0.2,1871.0,U,U,0.7999999999999999
14/06/2007,13482.43,13622.66,13444.07,13553.73,187.34000000000015,-129.9499999999989,0.569999999999709,13400.773333333333,13381.453333333333,13372.026666666667,13385.596666666666,13482.35,13295.01,13424.96,0.26666666666666666,1872.0,U,U,0.7333333333333333
15/06/2007,13556.65,13741.18,13556.65,13639.48,71.3799999999992,187.34000000000015,-129.9499999999989,13443.696666666665,13400.773333333333,13381.453333333333,13372.026666666667,13553.73,13482.35,13295.01,0.39999999999999997,1873.0,U,U,0.6
18/06/2007,13639.0,13720.29,13560.15,13612.98,85.75,71.3799999999992,187.34000000000015,13558.519999999999,13443.696666666665,13400.773333333333,13381.453333333333,13639.48,13553.73,13482.35,0.6666666666666666,1874.0,D,D,0.3333333333333333
19/06/2007,13611.68,13705.41,13527.14,13635.42,-26.5,85.75,71.3799999999992,13602.063333333334,13558.519999999999,13443.696666666665,13400.773333333333,13612.98,13639.48,13553.73,0.4666666666666666,1875.0,U,U,0.5333333333333333
20/06/2007,13636.56,13735.08,13469.43,13489.42,22.44000000000051,-26.5,85.75,13629.293333333333,13602.063333333334,13558.519999999999,13443.696666666665,13635.42,13612.98,13639.48,0.5333333333333333,1876.0,D,D,0.4666666666666666
21/06/2007,13486.66,13596.56,13368.79,13545.84,-146.0,22.44000000000051,-26.5,13579.273333333333,13629.293333333333,13602.063333333334,13558.519999999999,13489.42,13635.42,13612.98,0.6666666666666666,1877.0,U,D,0.3333333333333333
22/06/2007,13545.03,13564.13,13323.51,13360.26,56.42000000000007,-146.0,22.44000000000051,13556.893333333333,13579.273333333333,13629.293333333333,13602.063333333334,13545.84,13489.42,13635.42,0.6,1878.0,D,D,0.39999999999999997
25/06/2007,13360.09,13519.34,13273.68,13352.05,-185.57999999999993,56.42000000000007,-146.0,13465.173333333334,13556.893333333333,13579.273333333333,13629.293333333333,13360.26,13545.84,13489.42,0.4666666666666666,1879.0,D,U,0.5333333333333333
26/06/2007,13352.37,13491.7,13272.79,13337.66,-8.210000000000946,-185.57999999999993,56.42000000000007,13419.383333333331,13465.173333333334,13556.893333333333,13579.273333333333,13352.05,13360.26,13545.84,0.5333333333333333,1880.0,D,D,0.4666666666666666
27/06/2007,13336.93,13433.01,13259.86,13427.73,-14.389999999999418,-8.210000000000946,-185.57999999999993,13349.99,13419.383333333331,13465.173333333334,13556.893333333333,13337.66,13352.05,13360.26,0.4666666666666666,1881.0,U,U,0.5333333333333333
28/06/2007,13427.48,13537.47,13342.05,13422.28,90.06999999999971,-14.389999999999418,-8.210000000000946,13372.480000000001,13349.99,13419.383333333331,13465.173333333334,13427.73,13337.66,13352.05,0.26666666666666666,1882.0,D,U,0.7333333333333333
29/06/2007,13422.61,13556.16,13291.32,13408.62,-5.449999999998909,90.06999999999971,-14.389999999999418,13395.89,13372.480000000001,13349.99,13419.383333333331,13422.28,13427.73,13337.66,0.2,1883.0,D,U,0.7999999999999999
02/07/2007,13409.6,13586.97,13406.59,13535.43,-13.659999999999854,-5.449999999998909,90.06999999999971,13419.543333333335,13395.89,13372.480000000001,13349.99,13408.62,13422.28,13427.73,0.3333333333333333,1884.0,U,U,0.6666666666666666
03/07/2007,13556.87,13592.07,13531.83,13577.3,126.80999999999949,-13.659999999999854,-5.449999999998909,13455.443333333335,13419.543333333335,13395.89,13372.480000000001,13535.43,13408.62,13422.28,0.39999999999999997,1885.0,U,U,0.6
05/07/2007,13576.24,13637.78,13459.84,13565.84,41.86999999999898,126.80999999999949,-13.659999999999854,13507.116666666669,13455.443333333335,13419.543333333335,13395.89,13577.3,13535.43,13408.62,0.4666666666666666,1886.0,D,U,0.5333333333333333
06/07/2007,13559.01,13670.46,13501.54,13611.68,-11.459999999999127,41.86999999999898,126.80999999999949,13559.523333333333,13507.116666666669,13455.443333333335,13419.543333333335,13565.84,13577.3,13535.43,0.4666666666666666,1887.0,U,U,0.5333333333333333
09/07/2007,13612.66,13739.06,13563.89,13649.97,45.840000000000146,-11.459999999999127,41.86999999999898,13584.94,13559.523333333333,13507.116666666669,13455.443333333335,13611.68,13565.84,13577.3,0.5333333333333333,1888.0,U,D,0.4666666666666666
10/07/2007,13648.59,13685.9,13463.57,13501.7,38.289999999999054,45.840000000000146,-11.459999999999127,13609.163333333332,13584.94,13559.523333333333,13507.116666666669,13649.97,13611.68,13565.84,0.5333333333333333,1889.0,D,D,0.4666666666666666
11/07/2007,13500.4,13638.75,13435.45,13577.87,-148.26999999999862,38.289999999999054,45.840000000000146,13587.783333333335,13609.163333333332,13584.94,13559.523333333333,13501.7,13649.97,13611.68,0.6666666666666666,1890.0,U,D,0.3333333333333333
12/07/2007,13579.33,13889.45,13579.33,13861.73,76.17000000000007,-148.26999999999862,38.289999999999054,13576.513333333334,13587.783333333335,13609.163333333332,13584.94,13577.87,13501.7,13649.97,0.4666666666666666,1891.0,U,U,0.5333333333333333
13/07/2007,13859.86,13982.93,13784.83,13907.25,283.85999999999876,76.17000000000007,-148.26999999999862,13647.1,13576.513333333334,13587.783333333335,13609.163333333332,13861.73,13577.87,13501.7,0.4666666666666666,1892.0,U,U,0.5333333333333333
16/07/2007,13907.09,14053.57,13834.33,13950.98,45.52000000000044,283.85999999999876,76.17000000000007,13782.283333333333,13647.1,13576.513333333334,13587.783333333335,13907.25,13861.73,13577.87,0.39999999999999997,1893.0,U,U,0.6
17/07/2007,13951.96,14095.6,13880.67,13971.55,43.72999999999956,45.52000000000044,283.85999999999876,13906.653333333334,13782.283333333333,13647.1,13576.513333333334,13950.98,13907.25,13861.73,0.4666666666666666,1894.0,U,U,0.5333333333333333
18/07/2007,13955.05,14020.89,13768.73,13918.22,20.56999999999971,43.72999999999956,45.52000000000044,13943.26,13906.653333333334,13782.283333333333,13647.1,13971.55,13950.98,13907.25,0.6,1895.0,D,D,0.39999999999999997
19/07/2007,13918.79,14121.04,13860.18,14000.41,-53.32999999999993,20.56999999999971,43.72999999999956,13946.916666666666,13943.26,13906.653333333334,13782.283333333333,13918.22,13971.55,13950.98,0.4666666666666666,1896.0,U,U,0.5333333333333333
20/07/2007,14000.73,14039.67,13745.65,13851.08,82.19000000000051,-53.32999999999993,20.56999999999971,13963.393333333332,13946.916666666666,13943.26,13906.653333333334,14000.41,13918.22,13971.55,0.6,1897.0,D,D,0.39999999999999997
23/07/2007,13851.73,14039.59,13819.54,13943.42,-149.32999999999993,82.19000000000051,-53.32999999999993,13923.236666666666,13963.393333333332,13946.916666666666,13943.26,13851.08,14000.41,13918.22,0.39999999999999997,1898.0,U,U,0.6
24/07/2007,13940.9,13967.65,13661.51,13716.95,92.34000000000015,-149.32999999999993,82.19000000000051,13931.636666666665,13923.236666666666,13963.393333333332,13946.916666666666,13943.42,13851.08,14000.41,0.4666666666666666,1899.0,D,U,0.5333333333333333
25/07/2007,13821.4,13821.4,13676.53,13785.79,-226.46999999999935,92.34000000000015,-149.32999999999993,13837.15,13931.636666666665,13923.236666666666,13963.393333333332,13716.95,13943.42,13851.08,0.39999999999999997,1900.0,D,U,0.6
26/07/2007,13783.12,13793.61,13307.74,13473.57,68.84000000000015,-226.46999999999935,92.34000000000015,13815.386666666667,13837.15,13931.636666666665,13923.236666666666,13785.79,13716.95,13943.42,0.5333333333333333,1901.0,D,D,0.4666666666666666
27/07/2007,13472.68,13589.17,13228.57,13265.47,-312.22000000000116,68.84000000000015,-226.46999999999935,13658.769999999999,13815.386666666667,13837.15,13931.636666666665,13473.57,13785.79,13716.95,0.4666666666666666,1902.0,D,U,0.5333333333333333
30/07/2007,13266.21,13445.12,13143.87,13358.31,-208.10000000000036,-312.22000000000116,68.84000000000015,13508.276666666667,13658.769999999999,13815.386666666667,13837.15,13265.47,13473.57,13785.79,0.6,1903.0,U,D,0.39999999999999997
31/07/2007,13360.66,13579.41,13182.15,13211.99,92.84000000000015,-208.10000000000036,-312.22000000000116,13365.783333333333,13508.276666666667,13658.769999999999,13815.386666666667,13358.31,13265.47,13473.57,0.5333333333333333,1904.0,D,D,0.4666666666666666
01/08/2007,13211.09,13431.06,13041.77,13362.37,-146.3199999999997,92.84000000000015,-208.10000000000036,13278.589999999998,13365.783333333333,13508.276666666667,13658.769999999999,13211.99,13358.31,13265.47,0.4666666666666666,1905.0,U,U,0.5333333333333333
02/08/2007,13357.82,13547.47,13272.79,13463.33,150.38000000000102,-146.3199999999997,92.84000000000015,13310.89,13278.589999999998,13365.783333333333,13508.276666666667,13362.37,13211.99,13358.31,0.26666666666666666,1906.0,U,U,0.7333333333333333
03/08/2007,13462.25,13539.5,13156.79,13181.91,100.95999999999913,150.38000000000102,-146.3199999999997,13345.896666666667,13310.89,13278.589999999998,13365.783333333333,13463.33,13362.37,13211.99,0.3333333333333333,1907.0,D,U,0.6666666666666666
06/08/2007,13183.13,13501.86,13077.05,13468.78,-281.4200000000001,100.95999999999913,150.38000000000102,13335.87,13345.896666666667,13310.89,13278.589999999998,13181.91,13463.33,13362.37,0.3333333333333333,1908.0,U,U,0.6666666666666666
07/08/2007,13467.72,13635.09,13282.38,13504.3,286.8700000000008,-281.4200000000001,100.95999999999913,13371.339999999998,13335.87,13345.896666666667,13310.89,13468.78,13181.91,13463.33,0.3333333333333333,1909.0,U,U,0.6666666666666666
08/08/2007,13497.23,13769.63,13386.92,13657.86,35.51999999999862,286.8700000000008,-281.4200000000001,13384.996666666668,13371.339999999998,13335.87,13345.896666666667,13504.3,13468.78,13181.91,0.39999999999999997,1910.0,U,U,0.6
09/08/2007,13652.33,13675.66,13196.05,13270.68,153.5600000000013,35.51999999999862,286.8700000000008,13543.646666666667,13384.996666666668,13371.339999999998,13335.87,13657.86,13504.3,13468.78,0.6,1911.0,D,D,0.39999999999999997
10/08/2007,13270.59,13386.43,12958.04,13239.54,-387.1800000000003,153.5600000000013,35.51999999999862,13477.613333333333,13543.646666666667,13384.996666666668,13371.339999999998,13270.68,13657.86,13504.3,0.3333333333333333,1912.0,D,U,0.6666666666666666
13/08/2007,13238.24,13440.08,13163.54,13236.53,-31.139999999999418,-387.1800000000003,153.5600000000013,13389.36,13477.613333333333,13543.646666666667,13384.996666666668,13239.54,13270.68,13657.86,0.4666666666666666,1913.0,D,U,0.5333333333333333
14/08/2007,13235.72,13309.04,12974.3,13028.92,-3.0100000000002183,-31.139999999999418,-387.1800000000003,13248.916666666666,13389.36,13477.613333333333,13543.646666666667,13236.53,13239.54,13270.68,0.4666666666666666,1914.0,D,U,0.5333333333333333
15/08/2007,13021.93,13184.51,12800.83,12861.47,-207.61000000000058,-3.0100000000002183,-31.139999999999418,13168.33,13248.916666666666,13389.36,13477.613333333333,13028.92,13236.53,13239.54,0.4666666666666666,1915.0,D,U,0.5333333333333333
16/08/2007,12859.52,12996.73,12455.92,12845.78,-167.45000000000073,-207.61000000000058,-3.0100000000002183,13042.306666666665,13168.33,13248.916666666666,13389.36,12861.47,13028.92,13236.53,0.6,1916.0,D,D,0.39999999999999997
17/08/2007,12848.05,13289.7,12847.24,13079.08,-15.68999999999869,-167.45000000000073,-207.61000000000058,12912.056666666665,13042.306666666665,13168.33,13248.916666666666,12845.78,12861.47,13028.92,0.4666666666666666,1917.0,U,U,0.5333333333333333
20/08/2007,13078.51,13245.8,12938.77,13121.35,233.29999999999927,-15.68999999999869,-167.45000000000073,12928.776666666667,12912.056666666665,13042.306666666665,13168.33,13079.08,12845.78,12861.47,0.39999999999999997,1918.0,U,U,0.6
21/08/2007,13120.05,13228.57,12975.68,13090.86,42.27000000000044,233.29999999999927,-15.68999999999869,13015.403333333334,12928.776666666667,12912.056666666665,13042.306666666665,13121.35,13079.08,12845.78,0.3333333333333333,1919.0,D,U,0.6666666666666666
22/08/2007,13088.26,13304.33,13075.34,13236.13,-30.48999999999978,42.27000000000044,233.29999999999927,13097.096666666666,13015.403333333334,12928.776666666667,12912.056666666665,13090.86,13121.35,13079.08,0.39999999999999997,1920.0,U,U,0.6
23/08/2007,13237.27,13358.22,13127.69,13235.88,145.26999999999862,-30.48999999999978,42.27000000000044,13149.446666666665,13097.096666666666,13015.403333333334,12928.776666666667,13236.13,13090.86,13121.35,0.4666666666666666,1921.0,D,U,0.5333333333333333
24/08/2007,13231.78,13402.2,13174.27,13378.87,-0.25,145.26999999999862,-30.48999999999978,13187.623333333331,13149.446666666665,13097.096666666666,13015.403333333334,13235.88,13236.13,13090.86,0.4666666666666666,1922.0,U,U,0.5333333333333333
27/08/2007,13377.16,13438.46,13248.32,13322.13,142.9900000000016,-0.25,145.26999999999862,13283.626666666665,13187.623333333331,13149.446666666665,13097.096666666666,13378.87,13235.88,13236.13,0.5333333333333333,1923.0,D,D,0.4666666666666666
28/08/2007,13318.43,13319.61,13024.29,13041.85,-56.7400000000016,142.9900000000016,-0.25,13312.293333333333,13283.626666666665,13187.623333333331,13149.446666666665,13322.13,13378.87,13235.88,0.7333333333333333,1924.0,D,D,0.26666666666666666
29/08/2007,13043.07,13336.93,13020.63,13289.29,-280.27999999999884,-56.7400000000016,142.9900000000016,13247.616666666667,13312.293333333333,13283.626666666665,13187.623333333331,13041.85,13322.13,13378.87,0.6,1925.0,U,D,0.39999999999999997
30/08/2007,13287.91,13355.46,13126.39,13238.73,247.4400000000005,-280.27999999999884,-56.7400000000016,13217.756666666668,13247.616666666667,13312.293333333333,13283.626666666665,13289.29,13041.85,13322.13,0.5333333333333333,1926.0,D,D,0.4666666666666666
31/08/2007,13240.84,13472.35,13240.84,13357.74,-50.56000000000131,247.4400000000005,-280.27999999999884,13189.956666666665,13217.756666666668,13247.616666666667,13312.293333333333,13238.73,13289.29,13041.85,0.5333333333333333,1927.0,U,D,0.4666666666666666
04/09/2007,13358.39,13521.86,13248.57,13448.86,119.01000000000022,-50.56000000000131,247.4400000000005,13295.253333333334,13189.956666666665,13217.756666666668,13247.616666666667,13357.74,13238.73,13289.29,0.4666666666666666,1928.0,U,U,0.5333333333333333
05/09/2007,13442.85,13442.85,13203.86,13305.47,91.1200000000008,119.01000000000022,-50.56000000000131,13348.443333333335,13295.253333333334,13189.956666666665,13217.756666666668,13448.86,13357.74,13238.73,0.6,1929.0,D,D,0.39999999999999997
06/09/2007,13306.44,13464.79,13217.11,13363.35,-143.39000000000124,91.1200000000008,119.01000000000022,13370.69,13348.443333333335,13295.253333333334,13189.956666666665,13305.47,13448.86,13357.74,0.26666666666666666,1930.0,U,U,0.7333333333333333
07/09/2007,13360.74,13360.74,13059.16,13113.38,57.88000000000102,-143.39000000000124,91.1200000000008,13372.56,13370.69,13348.443333333335,13295.253333333334,13363.35,13305.47,13448.86,0.3333333333333333,1931.0,D,U,0.6666666666666666
10/09/2007,13116.39,13280.67,12992.02,13127.85,-249.97000000000116,57.88000000000102,-143.39000000000124,13260.733333333332,13372.56,13370.69,13348.443333333335,13113.38,13363.35,13305.47,0.4666666666666666,1932.0,U,U,0.5333333333333333
11/09/2007,13129.4,13369.77,13124.68,13308.39,14.470000000001164,-249.97000000000116,57.88000000000102,13201.526666666667,13260.733333333332,13372.56,13370.69,13127.85,13113.38,13363.35,0.5333333333333333,1933.0,U,D,0.4666666666666666
12/09/2007,13298.31,13408.62,13195.4,13291.65,180.53999999999905,14.470000000001164,-249.97000000000116,13183.206666666665,13201.526666666667,13260.733333333332,13372.56,13308.39,13127.85,13113.38,0.5333333333333333,1934.0,D,D,0.4666666666666666
13/09/2007,13292.38,13519.91,13292.38,13424.88,-16.73999999999978,180.53999999999905,14.470000000001164,13242.63,13183.206666666665,13201.526666666667,13260.733333333332,13291.65,13308.39,13127.85,0.6666666666666666,1935.0,U,D,0.3333333333333333
14/09/2007,13421.39,13507.55,13273.68,13442.52,133.22999999999956,-16.73999999999978,180.53999999999905,13341.64,13242.63,13183.206666666665,13201.526666666667,13424.88,13291.65,13308.39,0.5333333333333333,1936.0,U,D,0.4666666666666666
17/09/2007,13441.95,13514.71,13306.69,13403.42,17.640000000001237,133.22999999999956,-16.73999999999978,13386.35,13341.64,13242.63,13183.206666666665,13442.52,13424.88,13291.65,0.6,1937.0,D,D,0.39999999999999997
18/09/2007,13403.18,13772.15,13379.68,13739.39,-39.100000000000364,17.640000000001237,133.22999999999956,13423.606666666667,13386.35,13341.64,13242.63,13403.42,13442.52,13424.88,0.39999999999999997,1938.0,U,U,0.6
19/09/2007,13740.61,13936.68,13689.8,13815.56,335.96999999999935,-39.100000000000364,17.640000000001237,13528.443333333335,13423.606666666667,13386.35,13341.64,13739.39,13403.42,13442.52,0.4666666666666666,1939.0,U,U,0.5333333333333333
20/09/2007,13813.52,13893.02,13680.21,13766.7,76.17000000000007,335.96999999999935,-39.100000000000364,13652.789999999999,13528.443333333335,13423.606666666667,13386.35,13815.56,13739.39,13403.42,0.5333333333333333,1940.0,D,D,0.4666666666666666
21/09/2007,13768.33,13948.95,13740.61,13820.19,-48.85999999999876,76.17000000000007,335.96999999999935,13773.883333333331,13652.789999999999,13528.443333333335,13423.606666666667,13766.7,13815.56,13739.39,0.3333333333333333,1941.0,U,U,0.6666666666666666
24/09/2007,13821.57,13930.74,13702.89,13759.06,53.48999999999978,-48.85999999999876,76.17000000000007,13800.816666666668,13773.883333333331,13652.789999999999,13528.443333333335,13820.19,13766.7,13815.56,0.3333333333333333,1942.0,D,U,0.6666666666666666
25/09/2007,13757.84,13847.1,13629.16,13778.65,-61.13000000000102,53.48999999999978,-48.85999999999876,13781.983333333332,13800.816666666668,13773.883333333331,13652.789999999999,13759.06,13820.19,13766.7,0.39999999999999997,1943.0,U,U,0.6
26/09/2007,13779.3,13962.61,13741.26,13878.15,19.590000000000146,-61.13000000000102,53.48999999999978,13785.966666666667,13781.983333333332,13800.816666666668,13773.883333333331,13778.65,13759.06,13820.19,0.4666666666666666,1944.0,U,U,0.5333333333333333
27/09/2007,13879.53,13991.63,13811.17,13912.94,99.5,19.590000000000146,-61.13000000000102,13805.286666666667,13785.966666666667,13781.983333333332,13800.816666666668,13878.15,13778.65,13759.06,0.4666666666666666,1945.0,U,U,0.5333333333333333
28/09/2007,13912.94,13994.64,13802.96,13895.63,34.79000000000087,99.5,19.590000000000146,13856.58,13805.286666666667,13785.966666666667,13781.983333333332,13912.94,13878.15,13778.65,0.4666666666666666,1946.0,D,U,0.5333333333333333
01/10/2007,13895.71,14147.3,13869.86,14087.55,-17.31000000000131,34.79000000000087,99.5,13895.573333333334,13856.58,13805.286666666667,13785.966666666667,13895.63,13912.94,13878.15,0.4666666666666666,1947.0,U,U,0.5333333333333333
02/10/2007,14087.14,14166.16,13951.72,14047.31,191.92000000000007,-17.31000000000131,34.79000000000087,13965.373333333331,13895.573333333334,13856.58,13805.286666666667,14087.55,13895.63,13912.94,0.7999999999999999,1948.0,D,D,0.2
03/10/2007,14038.86,14090.48,13883.43,13968.05,-40.23999999999978,191.92000000000007,-17.31000000000131,14010.163333333332,13965.373333333331,13895.573333333334,13856.58,14047.31,14087.55,13895.63,0.39999999999999997,1949.0,D,U,0.6
04/10/2007,13967.89,14074.54,13894.98,13974.31,-79.26000000000022,-40.23999999999978,191.92000000000007,14034.303333333335,14010.163333333332,13965.373333333331,13895.573333333334,13968.05,14047.31,14087.55,0.3333333333333333,1950.0,U,U,0.6666666666666666
05/10/2007,13969.07,14169.49,13965.05,14066.01,6.260000000000218,-79.26000000000022,-40.23999999999978,13996.556666666665,14034.303333333335,14010.163333333332,13965.373333333331,13974.31,13968.05,14047.31,0.5333333333333333,1951.0,U,D,0.4666666666666666
08/10/2007,14065.36,14134.05,13747.41,14043.73,91.70000000000073,6.260000000000218,-79.26000000000022,14002.79,13996.556666666665,14034.303333333335,14010.163333333332,14066.01,13974.31,13968.05,0.6,1952.0,D,D,0.39999999999999997
09/10/2007,14043.73,14198.83,13980.9,14164.53,-22.280000000000655,91.70000000000073,6.260000000000218,14028.016666666668,14002.79,13996.556666666665,14034.303333333335,14043.73,14066.01,13974.31,0.5333333333333333,1953.0,U,D,0.4666666666666666
10/10/2007,14165.02,14225.66,13963.26,14078.69,120.80000000000109,-22.280000000000655,91.70000000000073,14091.423333333332,14028.016666666668,14002.79,13996.556666666665,14164.53,14043.73,14066.01,0.4666666666666666,1954.0,D,U,0.5333333333333333
11/10/2007,14079.1,14279.96,13917.82,14015.12,-85.84000000000015,120.80000000000109,-22.280000000000655,14095.650000000001,14091.423333333332,14028.016666666668,14002.79,14078.69,14164.53,14043.73,0.5333333333333333,1955.0,D,D,0.4666666666666666
12/10/2007,14016.34,14168.51,13949.85,14093.08,-63.56999999999971,-85.84000000000015,120.80000000000109,14086.113333333335,14095.650000000001,14091.423333333332,14028.016666666668,14015.12,14078.69,14164.53,0.4666666666666666,1956.0,U,U,0.5333333333333333
15/10/2007,14092.43,14157.38,13877.82,13984.8,77.95999999999913,-63.56999999999971,-85.84000000000015,14062.296666666667,14086.113333333335,14095.650000000001,14091.423333333332,14093.08,14015.12,14078.69,0.5333333333333333,1957.0,D,D,0.4666666666666666
16/10/2007,13986.34,14061.37,13810.68,13912.94,-108.28000000000065,77.95999999999913,-63.56999999999971,14031.0,14062.296666666667,14086.113333333335,14095.650000000001,13984.8,14093.08,14015.12,0.5333333333333333,1958.0,D,D,0.4666666666666666
17/10/2007,13920.66,14075.84,13738.66,13892.54,-71.85999999999876,-108.28000000000065,77.95999999999913,13996.94,14031.0,14062.296666666667,14086.113333333335,13912.94,13984.8,14093.08,0.4666666666666666,1959.0,D,U,0.5333333333333333
18/10/2007,13887.9,13984.39,13746.22,13888.96,-20.399999999999636,-71.85999999999876,-108.28000000000065,13930.093333333332,13996.94,14031.0,14062.296666666667,13892.54,13912.94,13984.8,0.6,1960.0,U,D,0.39999999999999997
19/10/2007,13888.47,13888.47,13478.94,13522.02,-3.5800000000017462,-20.399999999999636,-71.85999999999876,13898.146666666667,13930.093333333332,13996.94,14031.0,13888.96,13892.54,13912.94,0.4666666666666666,1961.0,D,U,0.5333333333333333
22/10/2007,13521.62,13636.8,13337.9,13566.97,-366.9399999999987,-3.5800000000017462,-20.399999999999636,13767.840000000002,13898.146666666667,13930.093333333332,13996.94,13522.02,13888.96,13892.54,0.3333333333333333,1962.0,U,U,0.6666666666666666
23/10/2007,13568.93,13754.91,13494.95,13676.23,44.94999999999891,-366.9399999999987,-3.5800000000017462,13659.316666666666,13767.840000000002,13898.146666666667,13930.093333333332,13566.97,13522.02,13888.96,0.4666666666666666,1963.0,U,U,0.5333333333333333
24/10/2007,13675.58,13751.5,13423.74,13675.25,109.26000000000022,44.94999999999891,-366.9399999999987,13588.406666666668,13659.316666666666,13767.840000000002,13898.146666666667,13676.23,13566.97,13522.02,0.6666666666666666,1964.0,D,D,0.3333333333333333
25/10/2007,13677.85,13819.78,13471.87,13671.92,-0.9799999999995634,109.26000000000022,44.94999999999891,13639.483333333332,13588.406666666668,13659.316666666666,13767.840000000002,13675.25,13676.23,13566.97,0.5333333333333333,1965.0,D,D,0.4666666666666666
26/10/2007,13675.66,13885.95,13622.01,13806.7,-3.3299999999999272,-0.9799999999995634,109.26000000000022,13674.466666666667,13639.483333333332,13588.406666666668,13659.316666666666,13671.92,13675.25,13676.23,0.6,1966.0,U,D,0.39999999999999997
29/10/2007,13807.35,13966.18,13748.33,13870.26,134.78000000000065,-3.3299999999999272,-0.9799999999995634,13717.956666666665,13674.466666666667,13639.483333333332,13588.406666666668,13806.7,13671.92,13675.25,0.6,1967.0,U,D,0.39999999999999997
30/10/2007,13869.04,13930.91,13719.8,13792.47,63.55999999999949,134.78000000000065,-3.3299999999999272,13782.960000000001,13717.956666666665,13674.466666666667,13639.483333333332,13870.26,13806.7,13671.92,0.3333333333333333,1968.0,D,U,0.6666666666666666
31/10/2007,13792.06,13990.65,13711.59,13930.01,-77.79000000000087,63.55999999999949,134.78000000000065,13823.143333333333,13782.960000000001,13717.956666666665,13674.466666666667,13792.47,13870.26,13806.7,0.4666666666666666,1969.0,U,U,0.5333333333333333
01/11/2007,13924.16,13924.16,13522.75,13567.87,137.54000000000087,-77.79000000000087,63.55999999999949,13864.246666666666,13823.143333333333,13782.960000000001,13717.956666666665,13930.01,13792.47,13870.26,0.5333333333333333,1970.0,D,D,0.4666666666666666
02/11/2007,13569.9,13708.58,13381.64,13595.1,-362.1399999999994,137.54000000000087,-77.79000000000087,13763.449999999999,13864.246666666666,13823.143333333333,13782.960000000001,13567.87,13930.01,13792.47,0.26666666666666666,1971.0,U,U,0.7333333333333333
05/11/2007,13592.58,13666.15,13393.67,13543.4,27.229999999999563,-362.1399999999994,137.54000000000087,13697.660000000002,13763.449999999999,13864.246666666666,13823.143333333333,13595.1,13567.87,13930.01,0.5333333333333333,1972.0,D,D,0.4666666666666666
06/11/2007,13542.34,13716.55,13460.73,13660.94,-51.70000000000073,27.229999999999563,-362.1399999999994,13568.79,13697.660000000002,13763.449999999999,13864.246666666666,13543.4,13595.1,13567.87,0.8666666666666666,1973.0,U,D,0.13333333333333333
07/11/2007,13646.72,13646.72,13269.46,13300.02,117.54000000000087,-51.70000000000073,27.229999999999563,13599.813333333334,13568.79,13697.660000000002,13763.449999999999,13660.94,13543.4,13595.1,0.6,1974.0,D,D,0.39999999999999997
08/11/2007,13299.7,13463.66,13001.93,13266.29,-360.9200000000001,117.54000000000087,-51.70000000000073,13501.453333333333,13599.813333333334,13568.79,13697.660000000002,13300.02,13660.94,13543.4,0.5333333333333333,1975.0,D,D,0.4666666666666666
09/11/2007,13261.17,13321.81,12920.65,13042.74,-33.72999999999956,-360.9200000000001,117.54000000000087,13409.083333333334,13501.453333333333,13599.813333333334,13568.79,13266.29,13300.02,13660.94,0.4666666666666666,1976.0,D,U,0.5333333333333333
12/11/2007,13039.16,13238.73,12910.4,12987.55,-223.5500000000011,-33.72999999999956,-360.9200000000001,13203.016666666668,13409.083333333334,13501.453333333333,13599.813333333334,13042.74,13266.29,13300.02,0.39999999999999997,1977.0,D,U,0.6
13/11/2007,12975.11,13357.57,12975.11,13307.09,-55.19000000000051,-223.5500000000011,-33.72999999999956,13098.86,13203.016666666668,13409.083333333334,13501.453333333333,12987.55,13042.74,13266.29,0.5333333333333333,1978.0,U,D,0.4666666666666666
14/11/2007,13305.47,13465.2,13159.88,13231.01,319.5400000000009,-55.19000000000051,-223.5500000000011,13112.460000000001,13098.86,13203.016666666668,13409.083333333334,13307.09,12987.55,13042.74,0.5333333333333333,1979.0,D,D,0.4666666666666666
15/11/2007,13230.68,13333.59,13007.95,13110.05,-76.07999999999993,319.5400000000009,-55.19000000000051,13175.216666666667,13112.460000000001,13098.86,13203.016666666668,13231.01,13307.09,12987.55,0.5333333333333333,1980.0,D,D,0.4666666666666666
16/11/2007,13109.48,13293.44,12987.22,13176.79,-120.96000000000095,-76.07999999999993,319.5400000000009,13216.049999999997,13175.216666666667,13112.460000000001,13098.86,13110.05,13231.01,13307.09,0.39999999999999997,1981.0,U,U,0.6
19/11/2007,13176.3,13195.48,12871.14,12958.44,66.7400000000016,-120.96000000000095,-76.07999999999993,13172.616666666667,13216.049999999997,13175.216666666667,13112.460000000001,13176.79,13110.05,13231.01,0.5333333333333333,1982.0,D,D,0.4666666666666666
20/11/2007,12955.92,13179.23,12800.74,13010.14,-218.35000000000036,66.7400000000016,-120.96000000000095,13081.76,13172.616666666667,13216.049999999997,13175.216666666667,12958.44,13176.79,13110.05,0.4666666666666666,1983.0,U,U,0.5333333333333333
21/11/2007,13006.65,13055.59,12725.39,12799.04,51.69999999999891,-218.35000000000036,66.7400000000016,13048.456666666667,13081.76,13172.616666666667,13216.049999999997,13010.14,12958.44,13176.79,0.4666666666666666,1984.0,D,U,0.5333333333333333
23/11/2007,12889.45,12981.56,12796.29,12980.88,-211.09999999999854,51.69999999999891,-218.35000000000036,12922.54,13048.456666666667,13081.76,13172.616666666667,12799.04,13010.14,12958.44,0.13333333333333333,1985.0,U,U,0.8666666666666666
26/11/2007,12979.99,13104.44,12707.26,12743.44,181.83999999999833,-211.09999999999854,51.69999999999891,12930.019999999999,12922.54,13048.456666666667,13081.76,12980.88,12799.04,13010.14,0.4666666666666666,1986.0,D,U,0.5333333333333333
27/11/2007,12744.78,13040.38,12711.98,12958.44,-237.4399999999987,181.83999999999833,-211.09999999999854,12841.12,12930.019999999999,12922.54,13048.456666666667,12743.44,12980.88,12799.04,0.3333333333333333,1987.0,U,U,0.6666666666666666
28/11/2007,12958.04,13353.51,12958.04,13289.45,215.0,-237.4399999999987,181.83999999999833,12894.253333333334,12841.12,12930.019999999999,12922.54,12958.44,12743.44,12980.88,0.2,1988.0,U,U,0.7999999999999999
29/11/2007,13287.91,13399.03,13150.21,13311.73,331.0100000000002,215.0,-237.4399999999987,12997.11,12894.253333333334,12841.12,12930.019999999999,13289.45,12958.44,12743.44,0.39999999999999997,1989.0,U,U,0.6
30/11/2007,13314.25,13570.31,13225.32,13371.72,22.279999999998836,331.0100000000002,215.0,13186.539999999999,12997.11,12894.253333333334,12841.12,13311.73,13289.45,12958.44,0.3333333333333333,1990.0,U,U,0.6666666666666666
03/12/2007,13368.22,13490.24,13207.6,13314.57,59.98999999999978,22.279999999998836,331.0100000000002,13324.300000000001,13186.539999999999,12997.11,12894.253333333334,13371.72,13311.73,13289.45,0.4666666666666666,1991.0,D,U,0.5333333333333333
04/12/2007,13311.24,13395.21,13139.56,13248.73,-57.149999999999636,59.98999999999978,22.279999999998836,13332.673333333332,13324.300000000001,13186.539999999999,12997.11,13314.57,13371.72,13311.73,0.5333333333333333,1992.0,D,D,0.4666666666666666
05/12/2007,13244.01,13513.0,13244.01,13444.96,-65.84000000000015,-57.149999999999636,59.98999999999978,13311.673333333334,13332.673333333332,13324.300000000001,13186.539999999999,13248.73,13314.57,13371.72,0.4666666666666666,1993.0,U,U,0.5333333333333333
06/12/2007,13445.85,13652.49,13362.37,13619.89,196.22999999999956,-65.84000000000015,-57.149999999999636,13336.086666666664,13311.673333333334,13332.673333333332,13324.300000000001,13444.96,13248.73,13314.57,0.26666666666666666,1994.0,U,U,0.7333333333333333
07/12/2007,13618.27,13744.02,13514.22,13625.58,174.9300000000003,196.22999999999956,-65.84000000000015,13437.86,13336.086666666664,13311.673333333334,13332.673333333332,13619.89,13444.96,13248.73,0.39999999999999997,1995.0,U,U,0.6
10/12/2007,13623.55,13807.02,13582.5,13727.03,5.690000000000509,174.9300000000003,196.22999999999956,13563.476666666667,13437.86,13336.086666666664,13311.673333333334,13625.58,13619.89,13444.96,0.5333333333333333,1996.0,U,D,0.4666666666666666
11/12/2007,13726.87,13850.92,13374.89,13432.77,101.45000000000073,5.690000000000509,174.9300000000003,13657.5,13563.476666666667,13437.86,13336.086666666664,13727.03,13625.58,13619.89,0.5333333333333333,1997.0,D,D,0.4666666666666666
12/12/2007,13434.8,13778.98,13299.61,13473.9,-294.2600000000002,101.45000000000073,5.690000000000509,13595.126666666669,13657.5,13563.476666666667,13437.86,13432.77,13727.03,13625.58,0.5333333333333333,1998.0,U,D,0.4666666666666666
13/12/2007,13473.98,13586.73,13281.0,13517.96,41.1299999999992,-294.2600000000002,101.45000000000073,13544.566666666668,13595.126666666669,13657.5,13563.476666666667,13473.9,13432.77,13727.03,0.6666666666666666,1999.0,U,D,0.3333333333333333
14/12/2007,13515.11,13557.54,13284.66,13339.85,44.05999999999949,41.1299999999992,-294.2600000000002,13474.876666666665,13544.566666666668,13595.126666666669,13657.5,13517.96,13473.9,13432.77,0.39999999999999997,2000.0,D,U,0.6
17/12/2007,13339.2,13378.38,13111.92,13167.2,-178.10999999999876,44.05999999999949,41.1299999999992,13443.903333333334,13474.876666666665,13544.566666666668,13595.126666666669,13339.85,13517.96,13473.9,0.39999999999999997,2001.0,D,U,0.6
18/12/2007,13168.66,13346.84,13059.32,13232.47,-172.64999999999964,-178.10999999999876,44.05999999999949,13341.669999999998,13443.903333333334,13474.876666666665,13544.566666666668,13167.2,13339.85,13517.96,0.5333333333333333,2002.0,U,D,0.4666666666666666
19/12/2007,13231.98,13368.79,13097.77,13207.27,65.26999999999862,-172.64999999999964,-178.10999999999876,13246.506666666668,13341.669999999998,13443.903333333334,13474.876666666665,13232.47,13167.2,13339.85,0.3333333333333333,2003.0,D,U,0.6666666666666666
20/12/2007,13206.46,13354.0,13112.98,13245.64,-25.19999999999891,65.26999999999862,-172.64999999999964,13202.313333333334,13246.506666666668,13341.669999999998,13443.903333333334,13207.27,13232.47,13167.2,0.4666666666666666,2004.0,U,U,0.5333333333333333
21/12/2007,13241.66,13518.2,13241.66,13450.65,38.36999999999898,-25.19999999999891,65.26999999999862,13228.46,13202.313333333334,13246.506666666668,13341.669999999998,13245.64,13207.27,13232.47,0.6,2005.0,U,D,0.39999999999999997
24/12/2007,13487.12,13562.72,13451.35,13550.04,205.01000000000022,38.36999999999898,-25.19999999999891,13301.186666666666,13228.46,13202.313333333334,13246.506666666668,13450.65,13245.64,13207.27,0.5333333333333333,2006.0,U,D,0.4666666666666666
26/12/2007,13547.95,13614.53,13440.16,13551.69,99.39000000000124,205.01000000000022,38.36999999999898,13415.443333333335,13301.186666666666,13228.46,13202.313333333334,13550.04,13450.65,13245.64,0.39999999999999997,2007.0,U,U,0.6
27/12/2007,13549.17,13551.53,13325.71,13359.61,1.6499999999996362,99.39000000000124,205.01000000000022,13517.460000000001,13415.443333333335,13301.186666666666,13228.46,13551.69,13550.04,13450.65,0.4666666666666666,2008.0,D,U,0.5333333333333333
28/12/2007,13361.23,13494.3,13272.14,13365.87,-192.07999999999993,1.6499999999996362,99.39000000000124,13487.113333333335,13517.460000000001,13415.443333333335,13301.186666666666,13359.61,13551.69,13550.04,0.2,2009.0,U,U,0.7999999999999999
31/12/2007,13364.16,13423.91,13197.35,13264.82,6.260000000000218,-192.07999999999993,1.6499999999996362,13425.723333333335,13487.113333333335,13517.460000000001,13415.443333333335,13365.87,13359.61,13551.69,0.4666666666666666,2010.0,D,U,0.5333333333333333
02/01/2008,13261.82,13338.23,12969.42,13043.96,-101.05000000000109,6.260000000000218,-192.07999999999993,13330.1,13425.723333333335,13487.113333333335,13517.460000000001,13264.82,13365.87,13359.61,0.4666666666666666,2011.0,D,U,0.5333333333333333
03/01/2008,13044.12,13197.43,12968.44,13056.72,-220.86000000000058,-101.05000000000109,6.260000000000218,13224.883333333333,13330.1,13425.723333333335,13487.113333333335,13043.96,13264.82,13365.87,0.3333333333333333,2012.0,U,U,0.6666666666666666
04/01/2008,13046.56,13049.65,12740.51,12800.18,12.760000000000218,-220.86000000000058,-101.05000000000109,13121.833333333334,13224.883333333333,13330.1,13425.723333333335,13056.72,13043.96,13264.82,0.6,2013.0,D,D,0.39999999999999997
07/01/2008,12801.15,12984.95,12640.44,12827.49,-256.53999999999905,12.760000000000218,-220.86000000000058,12966.953333333333,13121.833333333334,13224.883333333333,13330.1,12800.18,13056.72,13043.96,0.26666666666666666,2014.0,U,U,0.7333333333333333
08/01/2008,12820.9,12998.11,12511.03,12589.07,27.30999999999949,-256.53999999999905,12.760000000000218,12894.796666666667,12966.953333333333,13121.833333333334,13224.883333333333,12827.49,12800.18,13056.72,0.39999999999999997,2015.0,D,U,0.6
09/01/2008,12595.73,12738.64,12501.76,12737.99,-238.42000000000007,27.30999999999949,-256.53999999999905,12738.913333333332,12894.796666666667,12966.953333333333,13121.833333333334,12589.07,12827.49,12800.18,0.6,2016.0,U,D,0.39999999999999997
10/01/2008,12733.11,12931.29,12632.15,12851.47,148.92000000000007,-238.42000000000007,27.30999999999949,12718.183333333332,12738.913333333332,12894.796666666667,12966.953333333333,12737.99,12589.07,12827.49,0.5333333333333333,2017.0,U,D,0.4666666666666666
11/01/2008,12850.74,12851.14,12543.87,12606.38,113.47999999999956,148.92000000000007,-238.42000000000007,12726.176666666666,12718.183333333332,12738.913333333332,12894.796666666667,12851.47,12737.99,12589.07,0.4666666666666666,2018.0,D,U,0.5333333333333333
14/01/2008,12613.78,12794.57,12613.7,12778.23,-245.09000000000015,113.47999999999956,148.92000000000007,12731.946666666665,12726.176666666666,12718.183333333332,12738.913333333332,12606.38,12851.47,12737.99,0.4666666666666666,2019.0,U,U,0.5333333333333333
15/01/2008,12777.33,12777.5,12488.76,12497.78,171.85000000000036,-245.09000000000015,113.47999999999956,12745.36,12731.946666666665,12726.176666666666,12718.183333333332,12778.23,12606.38,12851.47,0.7333333333333333,2020.0,D,D,0.26666666666666666
16/01/2008,12468.6,12613.13,12392.59,12463.8,-280.4499999999989,171.85000000000036,-245.09000000000015,12627.463333333333,12745.36,12731.946666666665,12726.176666666666,12497.78,12778.23,12606.38,0.4666666666666666,2021.0,D,U,0.5333333333333333
17/01/2008,12467.05,12517.61,12125.56,12159.05,-33.98000000000138,-280.4499999999989,171.85000000000036,12579.936666666666,12627.463333333333,12745.36,12731.946666666665,12463.8,12497.78,12778.23,0.4666666666666666,2022.0,D,U,0.5333333333333333
18/01/2008,12159.94,12341.54,12022.48,12101.01,-304.75,-33.98000000000138,-280.4499999999989,12373.543333333335,12579.936666666666,12627.463333333333,12745.36,12159.05,12463.8,12497.78,0.5333333333333333,2023.0,D,D,0.4666666666666666
22/01/2008,12092.72,12092.72,11634.82,11974.52,-58.039999999999054,-304.75,-33.98000000000138,12241.286666666667,12373.543333333335,12579.936666666666,12627.463333333333,12101.01,12159.05,12463.8,0.5333333333333333,2024.0,D,D,0.4666666666666666
23/01/2008,11823.81,12276.67,11644.81,12274.15,-126.48999999999978,-58.039999999999054,-304.75,12078.193333333335,12241.286666666667,12373.543333333335,12579.936666666666,11974.52,12101.01,12159.05,0.5333333333333333,2025.0,U,D,0.4666666666666666
24/01/2008,12272.69,12399.18,12241.8,12371.62,299.6299999999992,-126.48999999999978,-58.039999999999054,12116.56,12078.193333333335,12241.286666666667,12373.543333333335,12274.15,11974.52,12101.01,0.4666666666666666,2026.0,U,U,0.5333333333333333
25/01/2008,12391.7,12486.89,12183.68,12204.08,97.47000000000116,299.6299999999992,-126.48999999999978,12206.763333333334,12116.56,12078.193333333335,12241.286666666667,12371.62,12274.15,11974.52,0.5333333333333333,2027.0,D,D,0.4666666666666666
28/01/2008,12205.71,12386.01,12112.14,12384.38,-167.54000000000087,97.47000000000116,299.6299999999992,12283.283333333333,12206.763333333334,12116.56,12078.193333333335,12204.08,12371.62,12274.15,0.3333333333333333,2028.0,U,U,0.6666666666666666
29/01/2008,12385.19,12503.15,12346.99,12478.19,180.29999999999927,-167.54000000000087,97.47000000000116,12320.026666666667,12283.283333333333,12206.763333333334,12116.56,12384.38,12204.08,12371.62,0.26666666666666666,2029.0,U,U,0.7333333333333333
30/01/2008,12480.14,12681.41,12406.17,12435.43,93.81000000000131,180.29999999999927,-167.54000000000087,12355.550000000001,12320.026666666667,12283.283333333333,12206.763333333334,12478.19,12384.38,12204.08,0.6,2030.0,D,D,0.39999999999999997
31/01/2008,12438.28,12702.38,12249.93,12614.75,-42.76000000000022,93.81000000000131,180.29999999999927,12432.666666666666,12355.550000000001,12320.026666666667,12283.283333333333,12435.43,12478.19,12384.38,0.5333333333333333,2031.0,U,D,0.4666666666666666
01/02/2008,12638.17,12767.74,12602.32,12746.2,179.3199999999997,-42.76000000000022,93.81000000000131,12509.456666666667,12432.666666666666,12355.550000000001,12320.026666666667,12614.75,12435.43,12478.19,0.4666666666666666,2032.0,U,U,0.5333333333333333
04/02/2008,12743.11,12749.78,12621.83,12634.75,131.45000000000073,179.3199999999997,-42.76000000000022,12598.793333333335,12509.456666666667,12432.666666666666,12355.550000000001,12746.2,12614.75,12435.43,0.3333333333333333,2033.0,D,U,0.6666666666666666
05/02/2008,12540.46,12631.93,12264.07,12268.14,-111.45000000000073,131.45000000000073,179.3199999999997,12665.233333333332,12598.793333333335,12509.456666666667,12432.666666666666,12634.75,12746.2,12614.75,0.6,2034.0,D,D,0.39999999999999997
06/02/2008,12257.25,12390.32,12178.15,12199.29,-366.6100000000006,-111.45000000000073,131.45000000000073,12549.696666666665,12665.233333333332,12598.793333333335,12509.456666666667,12268.14,12634.75,12746.2,0.7333333333333333,2035.0,D,D,0.26666666666666666
07/02/2008,12196.2,12332.52,12120.44,12246.19,-68.84999999999854,-366.6100000000006,-111.45000000000073,12367.393333333333,12549.696666666665,12665.233333333332,12598.793333333335,12199.29,12268.14,12634.75,0.5333333333333333,2036.0,U,D,0.4666666666666666
08/02/2008,12248.47,12281.88,12103.37,12180.67,46.899999999999636,-68.84999999999854,-366.6100000000006,12237.873333333335,12367.393333333333,12549.696666666665,12665.233333333332,12246.19,12199.29,12268.14,0.39999999999999997,2037.0,D,U,0.6
11/02/2008,12181.89,12252.12,12069.47,12240.09,-65.52000000000044,46.899999999999636,-68.84999999999854,12208.716666666667,12237.873333333335,12367.393333333333,12549.696666666665,12180.67,12246.19,12199.29,0.4666666666666666,2038.0,U,U,0.5333333333333333
12/02/2008,12246.84,12469.41,12246.84,12373.65,59.42000000000007,-65.52000000000044,46.899999999999636,12222.316666666666,12208.716666666667,12237.873333333335,12367.393333333333,12240.09,12180.67,12246.19,0.3333333333333333,2039.0,U,U,0.6666666666666666
13/02/2008,12368.12,12573.13,12367.8,12546.96,133.5599999999995,59.42000000000007,-65.52000000000044,12264.803333333335,12222.316666666666,12208.716666666667,12237.873333333335,12373.65,12240.09,12180.67,0.4666666666666666,2040.0,U,U,0.5333333333333333
14/02/2008,12551.51,12557.61,12361.46,12374.3,173.3099999999995,133.5599999999995,59.42000000000007,12386.9,12264.803333333335,12222.316666666666,12208.716666666667,12546.96,12373.65,12240.09,0.6,2041.0,D,D,0.39999999999999997
15/02/2008,12376.66,12376.66,12278.62,12347.4,-172.65999999999985,173.3099999999995,133.5599999999995,12431.636666666667,12386.9,12264.803333333335,12222.316666666666,12374.3,12546.96,12373.65,0.4666666666666666,2042.0,D,U,0.5333333333333333
19/02/2008,12349.59,12505.25,12304.08,12337.46,-26.899999999999636,-172.65999999999985,173.3099999999995,12422.886666666665,12431.636666666667,12386.9,12264.803333333335,12347.4,12374.3,12546.96,0.6,2043.0,D,D,0.39999999999999997
20/02/2008,12264.93,12464.06,12227.72,12428.72,-9.94000000000051,-26.899999999999636,-172.65999999999985,12353.053333333331,12422.886666666665,12431.636666666667,12386.9,12337.46,12347.4,12374.3,0.26666666666666666,2044.0,U,U,0.7333333333333333
21/02/2008,12426.85,12503.46,12247.34,12279.82,91.26000000000022,-9.94000000000051,-26.899999999999636,12371.193333333335,12353.053333333331,12422.886666666665,12431.636666666667,12428.72,12337.46,12347.4,0.3333333333333333,2045.0,D,U,0.6666666666666666
22/02/2008,12281.09,12397.79,12155.26,12389.4,-148.89999999999964,91.26000000000022,-9.94000000000051,12348.666666666666,12371.193333333335,12353.053333333331,12422.886666666665,12279.82,12428.72,12337.46,0.26666666666666666,2046.0,U,U,0.7333333333333333
25/02/2008,12380.77,12584.62,12341.04,12570.3,109.57999999999993,-148.89999999999964,91.26000000000022,12365.980000000001,12348.666666666666,12371.193333333335,12353.053333333331,12389.4,12279.82,12428.72,0.2,2047.0,U,U,0.7999999999999999
26/02/2008,12569.48,12734.18,12512.41,12685.09,180.89999999999964,109.57999999999993,-148.89999999999964,12413.173333333334,12365.980000000001,12348.666666666666,12371.193333333335,12570.3,12389.4,12279.82,0.4666666666666666,2048.0,U,U,0.5333333333333333
27/02/2008,12683.54,12756.56,12609.37,12691.03,114.79000000000087,180.89999999999964,109.57999999999993,12548.26333333333,12413.173333333334,12365.980000000001,12348.666666666666,12685.09,12570.3,12389.4,0.2,2049.0,U,U,0.7999999999999999
28/02/2008,12663.1,12689.44,12536.43,12581.21,5.940000000000509,114.79000000000087,180.89999999999964,12648.806666666665,12548.26333333333,12413.173333333334,12365.980000000001,12691.03,12685.09,12570.3,0.6,2050.0,D,D,0.39999999999999997
29/02/2008,12487.66,12580.15,12223.57,12268.18,-109.82000000000153,5.940000000000509,114.79000000000087,12652.443333333335,12648.806666666665,12548.26333333333,12413.173333333334,12581.21,12691.03,12685.09,0.7999999999999999,2051.0,D,D,0.2
03/03/2008,12264.36,12281.37,12161.05,12261.26,-313.02999999999884,-109.82000000000153,5.940000000000509,12513.473333333333,12652.443333333335,12648.806666666665,12548.26333333333,12268.18,12581.21,12691.03,0.6666666666666666,2052.0,D,D,0.3333333333333333
04/03/2008,12259.06,12259.23,12032.42,12214.45,-6.920000000000073,-313.02999999999884,-109.82000000000153,12370.216666666667,12513.473333333333,12652.443333333335,12648.806666666665,12261.26,12268.18,12581.21,0.5333333333333333,2053.0,D,D,0.4666666666666666
05/03/2008,12204.93,12349.67,12140.53,12255.16,-46.80999999999949,-6.920000000000073,-313.02999999999884,12247.963333333333,12370.216666666667,12513.473333333333,12652.443333333335,12214.45,12261.26,12268.18,0.39999999999999997,2054.0,U,U,0.6
06/03/2008,12254.59,12254.59,12026.07,12038.77,40.70999999999913,-46.80999999999949,-6.920000000000073,12243.623333333331,12247.963333333333,12370.216666666667,12513.473333333333,12255.16,12214.45,12261.26,0.4666666666666666,2055.0,D,U,0.5333333333333333
07/03/2008,11986.01,12094.21,11819.69,11895.08,-216.38999999999942,40.70999999999913,-46.80999999999949,12169.460000000001,12243.623333333331,12247.963333333333,12370.216666666667,12038.77,12255.16,12214.45,0.26666666666666666,2056.0,D,U,0.7333333333333333
10/03/2008,11893.04,11926.5,11731.6,11748.46,-143.6900000000005,-216.38999999999942,40.70999999999913,12063.003333333334,12169.460000000001,12243.623333333331,12247.963333333333,11895.08,12038.77,12255.16,0.4666666666666666,2057.0,D,U,0.5333333333333333
11/03/2008,11741.33,12160.8,11741.01,12156.08,-146.6200000000008,-143.6900000000005,-216.38999999999942,11894.103333333333,12063.003333333334,12169.460000000001,12243.623333333331,11748.46,11895.08,12038.77,0.39999999999999997,2058.0,U,U,0.6
12/03/2008,12148.61,12303.35,12092.25,12111.22,407.6200000000008,-146.6200000000008,-143.6900000000005,11933.206666666667,11894.103333333333,12063.003333333334,12169.460000000001,12156.08,11748.46,11895.08,0.39999999999999997,2059.0,D,U,0.6
13/03/2008,12096.49,12215.35,11875.78,12145.74,-44.86000000000058,407.6200000000008,-146.6200000000008,12005.253333333334,11933.206666666667,11894.103333333333,12063.003333333334,12111.22,12156.08,11748.46,0.2,2060.0,U,U,0.7999999999999999
14/03/2008,12146.39,12193.61,11832.72,11952.55,34.52000000000044,-44.86000000000058,407.6200000000008,12137.68,12005.253333333334,11933.206666666667,11894.103333333333,12145.74,12111.22,12156.08,0.6,2061.0,D,D,0.39999999999999997
17/03/2008,11946.45,12076.22,11756.6,11968.75,-193.1900000000005,34.52000000000044,-44.86000000000058,12069.836666666664,12137.68,12005.253333333334,11933.206666666667,11952.55,12145.74,12111.22,0.26666666666666666,2062.0,U,U,0.7333333333333333
18/03/2008,11975.92,12380.69,11975.84,12380.69,16.200000000000728,-193.1900000000005,34.52000000000044,12022.346666666666,12069.836666666664,12137.68,12005.253333333334,11968.75,11952.55,12145.74,0.4666666666666666,2063.0,U,U,0.5333333333333333
19/03/2008,12391.52,12461.53,12095.1,12098.2,411.9400000000005,16.200000000000728,-193.1900000000005,12100.663333333332,12022.346666666666,12069.836666666664,12137.68,12380.69,11968.75,11952.55,0.5333333333333333,2064.0,D,D,0.4666666666666666
20/03/2008,12102.43,12378.74,12097.87,12368.56,-282.4899999999998,411.9400000000005,16.200000000000728,12149.213333333333,12100.663333333332,12022.346666666666,12069.836666666664,12098.2,12380.69,11968.75,0.3333333333333333,2065.0,U,U,0.6666666666666666
24/03/2008,12361.97,12622.07,12361.97,12547.99,270.35999999999876,-282.4899999999998,411.9400000000005,12282.483333333332,12149.213333333333,12100.663333333332,12022.346666666666,12368.56,12098.2,12380.69,0.26666666666666666,2066.0,U,U,0.7333333333333333
25/03/2008,12547.34,12571.84,12449.08,12531.55,179.4300000000003,270.35999999999876,-282.4899999999998,12338.25,12282.483333333332,12149.213333333333,12100.663333333332,12547.99,12368.56,12098.2,0.5333333333333333,2067.0,D,D,0.4666666666666666
26/03/2008,12531.79,12531.95,12376.7,12421.97,-16.44000000000051,179.4300000000003,270.35999999999876,12482.699999999999,12338.25,12282.483333333332,12149.213333333333,12531.55,12547.99,12368.56,0.4666666666666666,2068.0,D,U,0.5333333333333333
27/03/2008,12421.88,12476.76,12293.34,12302.54,-109.57999999999993,-16.44000000000051,179.4300000000003,12500.503333333334,12482.699999999999,12338.25,12282.483333333332,12421.97,12531.55,12547.99,0.5333333333333333,2069.0,D,D,0.4666666666666666
28/03/2008,12303.92,12382.16,12196.87,12216.81,-119.42999999999847,-109.57999999999993,-16.44000000000051,12418.686666666666,12500.503333333334,12482.699999999999,12338.25,12302.54,12421.97,12531.55,0.3333333333333333,2070.0,D,U,0.6666666666666666
31/03/2008,12215.92,12326.47,12176.11,12259.06,-85.73000000000138,-119.42999999999847,-109.57999999999993,12313.773333333333,12418.686666666666,12500.503333333334,12482.699999999999,12216.81,12302.54,12421.97,0.26666666666666666,2071.0,U,U,0.7333333333333333
01/04/2008,12266.64,12659.82,12266.47,12657.13,42.25,-85.73000000000138,-119.42999999999847,12259.47,12313.773333333333,12418.686666666666,12500.503333333334,12259.06,12216.81,12302.54,0.39999999999999997,2072.0,U,U,0.6
02/04/2008,12651.67,12696.29,12555.17,12608.92,398.0699999999997,42.25,-85.73000000000138,12377.666666666666,12259.47,12313.773333333333,12418.686666666666,12657.13,12259.06,12216.81,0.5333333333333333,2073.0,D,D,0.4666666666666666
03/04/2008,12604.69,12675.12,12527.75,12625.46,-48.20999999999913,398.0699999999997,42.25,12508.37,12377.666666666666,12259.47,12313.773333333333,12608.92,12657.13,12259.06,0.39999999999999997,2074.0,U,U,0.6
04/04/2008,12626.35,12688.48,12528.16,12610.56,16.539999999999054,-48.20999999999913,398.0699999999997,12630.503333333332,12508.37,12377.666666666666,12259.47,12625.46,12608.92,12657.13,0.5333333333333333,2075.0,D,D,0.4666666666666666
07/04/2008,12696.45,12733.66,12583.28,12610.64,-14.899999999999636,16.539999999999054,-48.20999999999913,12614.979999999998,12630.503333333332,12508.37,12377.666666666666,12610.56,12625.46,12608.92,0.7999999999999999,2076.0,D,D,0.2
08/04/2008,12602.66,12607.3,12525.8,12579.45,0.07999999999992724,-14.899999999999636,16.539999999999054,12615.553333333331,12614.979999999998,12630.503333333332,12508.37,12610.64,12610.56,12625.46,0.7333333333333333,2077.0,D,D,0.26666666666666666
09/04/2008,12574.65,12621.55,12468.97,12527.83,-31.18999999999869,0.07999999999992724,-14.899999999999636,12600.216666666665,12615.553333333331,12614.979999999998,12630.503333333332,12579.45,12610.64,12610.56,0.7333333333333333,2078.0,D,D,0.26666666666666666
10/04/2008,12526.78,12649.31,12497.22,12580.68,-51.6200000000008,-31.18999999999869,0.07999999999992724,12572.64,12600.216666666665,12615.553333333331,12614.979999999998,12527.83,12579.45,12610.64,0.6666666666666666,2079.0,U,D,0.3333333333333333
11/04/2008,12579.78,12580.27,12302.06,12328.03,52.850000000000364,-51.6200000000008,-31.18999999999869,12562.653333333334,12572.64,12600.216666666665,12615.553333333331,12580.68,12527.83,12579.45,0.4666666666666666,2080.0,D,U,0.5333333333333333
14/04/2008,12324.77,12367.6,12280.4,12311.34,-252.64999999999964,52.850000000000364,-51.6200000000008,12478.846666666666,12562.653333333334,12572.64,12600.216666666665,12328.03,12580.68,12527.83,0.5333333333333333,2081.0,D,D,0.4666666666666666
15/04/2008,12303.6,12387.79,12269.81,12366.38,-16.69000000000051,-252.64999999999964,52.850000000000364,12406.683333333334,12478.846666666666,12562.653333333334,12572.64,12311.34,12328.03,12580.68,0.5333333333333333,2082.0,U,D,0.4666666666666666
16/04/2008,12371.51,12625.78,12371.51,12610.48,55.039999999999054,-16.69000000000051,-252.64999999999964,12335.25,12406.683333333334,12478.846666666666,12562.653333333334,12366.38,12311.34,12328.03,0.26666666666666666,2083.0,U,U,0.7333333333333333
17/04/2008,12617.4,12656.56,12563.25,12621.87,244.10000000000036,55.039999999999054,-16.69000000000051,12429.4,12335.25,12406.683333333334,12478.846666666666,12610.48,12366.38,12311.34,0.4666666666666666,2084.0,U,U,0.5333333333333333
18/04/2008,12717.46,12893.98,12626.76,12850.5,11.390000000001237,244.10000000000036,55.039999999999054,12532.910000000002,12429.4,12335.25,12406.683333333334,12621.87,12610.48,12366.38,0.2,2085.0,U,U,0.7999999999999999
21/04/2008,12850.91,12850.91,12751.17,12822.57,228.6299999999992,11.390000000001237,244.10000000000036,12694.283333333333,12532.910000000002,12429.4,12335.25,12850.5,12621.87,12610.48,0.6,2086.0,D,D,0.39999999999999997
22/04/2008,12825.26,12825.26,12656.56,12723.89,-27.93000000000029,228.6299999999992,11.390000000001237,12764.980000000001,12694.283333333333,12532.910000000002,12429.4,12822.57,12850.5,12621.87,0.39999999999999997,2087.0,D,U,0.6
23/04/2008,12721.45,12837.39,12703.05,12764.6,-98.68000000000029,-27.93000000000029,228.6299999999992,12798.986666666666,12764.980000000001,12694.283333333333,12532.910000000002,12723.89,12822.57,12850.5,0.39999999999999997,2088.0,U,U,0.6
24/04/2008,12764.68,12942.26,12706.63,12846.02,40.710000000000946,-98.68000000000029,-27.93000000000029,12770.353333333333,12798.986666666666,12764.980000000001,12694.283333333333,12764.6,12723.89,12822.57,0.6666666666666666,2089.0,U,D,0.3333333333333333
25/04/2008,12848.38,12909.2,12742.78,12898.05,81.42000000000007,40.710000000000946,-98.68000000000029,12778.169999999998,12770.353333333333,12798.986666666666,12764.980000000001,12846.02,12764.6,12723.89,0.5333333333333333,2090.0,U,D,0.4666666666666666
28/04/2008,12890.72,12938.76,12857.5,12872.16,52.029999999998836,81.42000000000007,40.710000000000946,12836.223333333333,12778.169999999998,12770.353333333333,12798.986666666666,12898.05,12846.02,12764.6,0.6,2091.0,D,D,0.39999999999999997
29/04/2008,12870.37,12889.83,12804.66,12832.91,-25.889999999999418,52.029999999998836,81.42000000000007,12872.076666666666,12836.223333333333,12778.169999999998,12770.353333333333,12872.16,12898.05,12846.02,0.5333333333333333,2092.0,D,D,0.4666666666666666
30/04/2008,12831.45,13010.0,12808.98,12814.02,-39.25,-25.889999999999418,52.029999999998836,12867.706666666665,12872.076666666666,12836.223333333333,12778.169999999998,12832.91,12872.16,12898.05,0.4666666666666666,2093.0,D,U,0.5333333333333333
01/05/2008,12818.34,13029.05,12793.1,13010.25,-18.889999999999418,-39.25,-25.889999999999418,12839.696666666665,12867.706666666665,12872.076666666666,12836.223333333333,12814.02,12832.91,12872.16,0.6,2094.0,U,D,0.39999999999999997
02/05/2008,13012.53,13132.46,12981.83,13057.63,196.22999999999956,-18.889999999999418,-39.25,12885.726666666667,12839.696666666665,12867.706666666665,12872.076666666666,13010.25,12814.02,12832.91,0.39999999999999997,2095.0,U,U,0.6
05/05/2008,13056.57,13058.45,12939.74,12968.48,47.3799999999992,196.22999999999956,-18.889999999999418,12960.633333333333,12885.726666666667,12839.696666666665,12867.706666666665,13057.63,13010.25,12814.02,0.4666666666666666,2096.0,D,U,0.5333333333333333
06/05/2008,12968.89,13046.15,12863.2,13028.08,-89.14999999999964,47.3799999999992,196.22999999999956,13012.12,12960.633333333333,12885.726666666667,12839.696666666665,12968.48,13057.63,13010.25,0.39999999999999997,2097.0,U,U,0.6
07/05/2008,13010.82,13036.71,12796.19,12811.01,59.600000000000364,-89.14999999999964,47.3799999999992,13018.063333333334,13012.12,12960.633333333333,12885.726666666667,13028.08,12968.48,13057.63,0.6,2098.0,D,D,0.39999999999999997
08/05/2008,12814.84,12909.86,12794.81,12867.03,-217.0699999999997,59.600000000000364,-89.14999999999964,12935.856666666667,13018.063333333334,13012.12,12960.633333333333,12811.01,13028.08,12968.48,0.26666666666666666,2099.0,U,U,0.7333333333333333
09/05/2008,12772.83,12861.41,12715.02,12745.71,56.02000000000044,-217.0699999999997,59.600000000000364,12902.04,12935.856666666667,13018.063333333334,13012.12,12867.03,12811.01,13028.08,0.4666666666666666,2100.0,D,U,0.5333333333333333
12/05/2008,12745.55,12904.16,12740.5,12878.27,-121.32000000000153,56.02000000000044,-217.0699999999997,12807.916666666666,12902.04,12935.856666666667,13018.063333333334,12745.71,12867.03,12811.01,0.5333333333333333,2101.0,U,D,0.4666666666666666
13/05/2008,12872.08,12891.37,12780.97,12831.12,132.5600000000013,-121.32000000000153,56.02000000000044,12830.336666666664,12807.916666666666,12902.04,12935.856666666667,12878.27,12745.71,12867.03,0.3333333333333333,2102.0,D,U,0.6666666666666666
14/05/2008,12825.12,12993.15,12825.12,12894.87,-47.149999999999636,132.5600000000013,-121.32000000000153,12818.366666666667,12830.336666666664,12807.916666666666,12902.04,12831.12,12878.27,12745.71,0.26666666666666666,2103.0,U,U,0.7333333333333333
15/05/2008,12891.29,12999.5,12854.98,12990.95,63.75,-47.149999999999636,132.5600000000013,12868.086666666668,12818.366666666667,12830.336666666664,12807.916666666666,12894.87,12831.12,12878.27,0.3333333333333333,2104.0,U,U,0.6666666666666666
16/05/2008,12992.74,13001.94,12893.49,12985.25,96.07999999999993,63.75,-47.149999999999636,12905.646666666667,12868.086666666668,12818.366666666667,12830.336666666664,12990.95,12894.87,12831.12,0.4666666666666666,2105.0,D,U,0.5333333333333333
19/05/2008,12986.8,13136.69,12963.76,13027.83,-5.700000000000728,96.07999999999993,63.75,12957.023333333333,12905.646666666667,12868.086666666668,12818.366666666667,12985.25,12990.95,12894.87,0.4666666666666666,2106.0,U,U,0.5333333333333333
20/05/2008,13026.04,13026.04,12781.78,12830.55,42.57999999999993,-5.700000000000728,96.07999999999993,13001.343333333332,12957.023333333333,12905.646666666667,12868.086666666668,13027.83,12985.25,12990.95,0.5333333333333333,2107.0,D,D,0.4666666666666666
21/05/2008,12824.94,12862.47,12573.67,12602.98,-197.28000000000065,42.57999999999993,-5.700000000000728,12947.876666666669,13001.343333333332,12957.023333333333,12905.646666666667,12830.55,13027.83,12985.25,0.3333333333333333,2108.0,D,U,0.6666666666666666
22/05/2008,12609.42,12669.34,12591.34,12624.89,-227.5699999999997,-197.28000000000065,42.57999999999993,12820.453333333333,12947.876666666669,13001.343333333332,12957.023333333333,12602.98,12830.55,13027.83,0.4666666666666666,2109.0,U,U,0.5333333333333333
23/05/2008,12587.76,12621.96,12460.09,12481.59,21.909999999999854,-227.5699999999997,-197.28000000000065,12686.14,12820.453333333333,12947.876666666669,13001.343333333332,12624.89,12602.98,12830.55,0.5333333333333333,2110.0,D,D,0.4666666666666666
27/05/2008,12479.63,12572.53,12442.59,12548.76,-143.29999999999927,21.909999999999854,-227.5699999999997,12569.82,12686.14,12820.453333333333,12947.876666666669,12481.59,12624.89,12602.98,0.4666666666666666,2111.0,U,U,0.5333333333333333
28/05/2008,12542.9,12601.93,12495.27,12594.84,67.17000000000007,-143.29999999999927,21.909999999999854,12551.746666666666,12569.82,12686.14,12820.453333333333,12548.76,12481.59,12624.89,0.13333333333333333,2112.0,U,U,0.8666666666666666
29/05/2008,12594.44,12726.66,12554.7,12643.78,46.07999999999993,67.17000000000007,-143.29999999999927,12541.730000000001,12551.746666666666,12569.82,12686.14,12594.84,12548.76,12481.59,0.4666666666666666,2113.0,U,U,0.5333333333333333
30/05/2008,12647.36,12689.7,12617.4,12625.86,48.94000000000051,46.07999999999993,67.17000000000007,12595.793333333333,12541.730000000001,12551.746666666666,12569.82,12643.78,12594.84,12548.76,0.6666666666666666,2114.0,D,D,0.3333333333333333
02/06/2008,12637.67,12638.08,12427.77,12504.14,-17.920000000000073,48.94000000000051,46.07999999999993,12621.493333333334,12595.793333333333,12541.730000000001,12551.746666666666,12625.86,12643.78,12594.84,0.7999999999999999,2115.0,D,D,0.2
03/06/2008,12503.2,12554.05,12342.12,12402.28,-121.72000000000116,-17.920000000000073,48.94000000000051,12591.26,12621.493333333334,12595.793333333333,12541.730000000001,12504.14,12625.86,12643.78,0.7999999999999999,2116.0,D,D,0.2
04/06/2008,12391.86,12496.16,12338.78,12390.56,-101.85999999999876,-121.72000000000116,-17.920000000000073,12510.76,12591.26,12621.493333333334,12595.793333333333,12402.28,12504.14,12625.86,0.3333333333333333,2117.0,D,U,0.6666666666666666
05/06/2008,12388.81,12610.96,12388.81,12599.4,-11.720000000001164,-101.85999999999876,-121.72000000000116,12432.326666666666,12510.76,12591.26,12621.493333333334,12390.56,12402.28,12504.14,0.39999999999999997,2118.0,U,U,0.6
06/06/2008,12602.74,12603.07,12192.06,12192.63,208.84000000000015,-11.720000000001164,-101.85999999999876,12464.08,12432.326666666666,12510.76,12591.26,12599.4,12390.56,12402.28,0.4666666666666666,2119.0,D,U,0.5333333333333333
09/06/2008,12210.13,12331.61,12195.32,12283.41,-406.77000000000044,208.84000000000015,-11.720000000001164,12394.196666666665,12464.08,12432.326666666666,12510.76,12192.63,12599.4,12390.56,0.39999999999999997,2120.0,U,U,0.6
10/06/2008,12277.71,12369.23,12206.96,12285.45,90.78000000000065,-406.77000000000044,208.84000000000015,12358.480000000001,12394.196666666665,12464.08,12432.326666666666,12283.41,12192.63,12599.4,0.4666666666666666,2121.0,U,U,0.5333333333333333
11/06/2008,12286.34,12286.67,12079.13,12082.87,2.040000000000873,90.78000000000065,-406.77000000000044,12253.830000000002,12358.480000000001,12394.196666666665,12464.08,12285.45,12283.41,12192.63,0.3333333333333333,2122.0,D,U,0.6666666666666666
12/06/2008,12089.63,12269.24,12076.93,12145.49,-202.57999999999993,2.040000000000873,90.78000000000065,12217.243333333334,12253.830000000002,12358.480000000001,12394.196666666665,12082.87,12285.45,12283.41,0.5333333333333333,2123.0,U,D,0.4666666666666666
13/06/2008,12144.59,12310.28,12144.59,12308.16,62.61999999999898,-202.57999999999993,2.040000000000873,12171.269999999999,12217.243333333334,12253.830000000002,12358.480000000001,12145.49,12082.87,12285.45,0.4666666666666666,2124.0,U,U,0.5333333333333333
16/06/2008,12253.94,12319.72,12212.25,12269.65,162.67000000000007,62.61999999999898,-202.57999999999993,12178.840000000002,12171.269999999999,12217.243333333334,12253.830000000002,12308.16,12145.49,12082.87,0.39999999999999997,2125.0,U,U,0.6
17/06/2008,12287.4,12322.82,12150.29,12158.59,-38.51000000000022,162.67000000000007,62.61999999999898,12241.1,12178.840000000002,12171.269999999999,12217.243333333334,12269.65,12308.16,12145.49,0.6,2126.0,D,D,0.39999999999999997
18/06/2008,12116.91,12158.68,11993.64,12032.56,-111.05999999999949,-38.51000000000022,162.67000000000007,12245.466666666665,12241.1,12178.840000000002,12171.269999999999,12158.59,12269.65,12308.16,0.26666666666666666,2127.0,D,U,0.7333333333333333
19/06/2008,12022.54,12114.79,11978.33,12063.25,-126.03000000000065,-111.05999999999949,-38.51000000000022,12153.599999999999,12245.466666666665,12241.1,12178.840000000002,12032.56,12158.59,12269.65,0.3333333333333333,2128.0,U,U,0.6666666666666666
20/06/2008,12062.19,12062.19,11818.83,11843.5,30.69000000000051,-126.03000000000065,-111.05999999999949,12084.800000000001,12153.599999999999,12245.466666666665,12241.1,12063.25,12032.56,12158.59,0.4666666666666666,2129.0,D,U,0.5333333333333333
23/06/2008,11843.83,11886.25,11814.6,11847.49,-219.75,30.69000000000051,-126.03000000000065,11979.769999999999,12084.800000000001,12153.599999999999,12245.466666666665,11843.5,12063.25,12032.56,0.39999999999999997,2130.0,U,U,0.6
24/06/2008,11842.36,11904.32,11725.52,11808.57,3.9899999999997817,-219.75,30.69000000000051,11918.08,11979.769999999999,12084.800000000001,12153.599999999999,11847.49,11843.5,12063.25,0.39999999999999997,2131.0,D,U,0.6
25/06/2008,11805.31,11924.19,11789.36,11813.94,-38.92000000000007,3.9899999999997817,-219.75,11833.186666666666,11918.08,11979.769999999999,12084.800000000001,11808.57,11847.49,11843.5,0.39999999999999997,2132.0,U,U,0.6
26/06/2008,11808.57,11808.73,11455.94,11457.33,5.3700000000008,-38.92000000000007,3.9899999999997817,11823.333333333334,11833.186666666666,11918.08,11979.769999999999,11813.94,11808.57,11847.49,0.4666666666666666,2133.0,D,U,0.5333333333333333
27/06/2008,11452.85,11485.25,11297.99,11361.25,-356.6100000000006,5.3700000000008,-38.92000000000007,11693.28,11823.333333333334,11833.186666666666,11918.08,11457.33,11813.94,11808.57,0.5333333333333333,2134.0,D,D,0.4666666666666666
30/06/2008,11345.7,11437.3,11287.56,11341.55,-96.07999999999993,-356.6100000000006,5.3700000000008,11544.173333333334,11693.28,11823.333333333334,11833.186666666666,11361.25,11457.33,11813.94,0.4666666666666666,2135.0,D,U,0.5333333333333333
01/07/2008,11344.64,11407.9,11183.43,11382.26,-19.700000000000728,-96.07999999999993,-356.6100000000006,11386.710000000001,11544.173333333334,11693.28,11823.333333333334,11341.55,11361.25,11457.33,0.4666666666666666,2136.0,U,U,0.5333333333333333
02/07/2008,11382.34,11434.12,11214.37,11217.38,40.710000000000946,-19.700000000000728,-96.07999999999993,11361.686666666666,11386.710000000001,11544.173333333334,11693.28,11382.26,11341.55,11361.25,0.39999999999999997,2137.0,D,U,0.6
03/07/2008,11276.49,11337.48,11157.21,11288.54,-164.88000000000102,40.710000000000946,-19.700000000000728,11313.729999999998,11361.686666666666,11386.710000000001,11544.173333333334,11217.38,11382.26,11341.55,0.3333333333333333,2138.0,U,U,0.6666666666666666
07/07/2008,11289.19,11399.11,11120.74,11227.07,71.16000000000167,-164.88000000000102,40.710000000000946,11296.06,11313.729999999998,11361.686666666666,11386.710000000001,11288.54,11217.38,11382.26,0.6,2139.0,D,D,0.39999999999999997
08/07/2008,11225.03,11391.13,11174.88,11383.56,-61.470000000001164,71.16000000000167,-164.88000000000102,11244.33,11296.06,11313.729999999998,11361.686666666666,11227.07,11288.54,11217.38,0.4666666666666666,2140.0,U,U,0.5333333333333333
09/07/2008,11381.93,11418.24,11141.99,11146.3,156.48999999999978,-61.470000000001164,71.16000000000167,11299.723333333333,11244.33,11296.06,11313.729999999998,11383.56,11227.07,11288.54,0.7999999999999999,2141.0,D,D,0.2
10/07/2008,11148.01,11270.3,11086.95,11230.25,-237.26000000000022,156.48999999999978,-61.470000000001164,11252.309999999998,11299.723333333333,11244.33,11296.06,11146.3,11383.56,11227.07,0.5333333333333333,2142.0,U,D,0.4666666666666666
11/07/2008,11226.17,11241.07,10977.68,11104.78,83.95000000000073,-237.26000000000022,156.48999999999978,11253.37,11252.309999999998,11299.723333333333,11244.33,11230.25,11146.3,11383.56,0.7333333333333333,2143.0,D,D,0.26666666666666666
14/07/2008,11103.64,11239.04,11003.65,11051.94,-125.46999999999935,83.95000000000073,-237.26000000000022,11160.443333333335,11253.37,11252.309999999998,11299.723333333333,11104.78,11230.25,11146.3,0.39999999999999997,2144.0,D,U,0.6
15/07/2008,11050.8,11123.67,10827.71,10957.08,-52.840000000000146,-125.46999999999935,83.95000000000073,11128.99,11160.443333333335,11253.37,11252.309999999998,11051.94,11104.78,11230.25,0.4666666666666666,2145.0,D,U,0.5333333333333333
16/07/2008,10961.89,11244.17,10918.33,11239.77,-94.86000000000058,-52.840000000000146,-125.46999999999935,11037.933333333334,11128.99,11160.443333333335,11253.37,10957.08,11051.94,11104.78,0.3333333333333333,2146.0,U,U,0.6666666666666666
17/07/2008,11278.61,11443.4,11209.56,11428.83,282.6900000000005,-94.86000000000058,-52.840000000000146,11082.93,11037.933333333334,11128.99,11160.443333333335,11239.77,10957.08,11051.94,0.4666666666666666,2147.0,U,U,0.5333333333333333
18/07/2008,11436.56,11510.82,11381.93,11491.68,189.0599999999995,282.6900000000005,-94.86000000000058,11208.56,11082.93,11037.933333333334,11128.99,11428.83,11239.77,10957.08,0.39999999999999997,2148.0,U,U,0.6
21/07/2008,11495.02,11559.67,11423.94,11468.32,62.850000000000364,189.0599999999995,282.6900000000005,11386.76,11208.56,11082.93,11037.933333333334,11491.68,11428.83,11239.77,0.6666666666666666,2149.0,D,D,0.3333333333333333
22/07/2008,11457.9,11616.66,11387.39,11601.6,-23.360000000000582,62.850000000000364,189.0599999999995,11462.943333333335,11386.76,11208.56,11082.93,11468.32,11491.68,11428.83,0.5333333333333333,2150.0,U,D,0.4666666666666666
23/07/2008,11603.39,11698.17,11558.29,11633.27,133.28000000000065,-23.360000000000582,62.850000000000364,11520.533333333333,11462.943333333335,11386.76,11208.56,11601.6,11468.32,11491.68,0.3333333333333333,2151.0,U,U,0.6666666666666666
24/07/2008,11630.34,11634.49,11345.37,11357.18,31.670000000000073,133.28000000000065,-23.360000000000582,11567.730000000001,11520.533333333333,11462.943333333335,11386.76,11633.27,11601.6,11468.32,0.39999999999999997,2152.0,D,U,0.6
25/07/2008,11357.91,11443.81,11325.1,11368.5,-276.09000000000015,31.670000000000073,133.28000000000065,11530.683333333334,11567.730000000001,11520.533333333333,11462.943333333335,11357.18,11633.27,11601.6,0.4666666666666666,2153.0,U,U,0.5333333333333333
28/07/2008,11369.47,11369.55,11125.13,11131.4,11.319999999999709,-276.09000000000015,31.670000000000073,11452.983333333332,11530.683333333334,11567.730000000001,11520.533333333333,11368.5,11357.18,11633.27,0.39999999999999997,2154.0,D,U,0.6
29/07/2008,11133.44,11396.26,11128.06,11394.63,-237.10000000000036,11.319999999999709,-276.09000000000015,11285.693333333335,11452.983333333332,11530.683333333334,11567.730000000001,11131.4,11368.5,11357.18,0.4666666666666666,2155.0,U,U,0.5333333333333333
30/07/2008,11399.6,11586.05,11397.56,11586.05,263.22999999999956,-237.10000000000036,11.319999999999709,11298.176666666666,11285.693333333335,11452.983333333332,11530.683333333334,11394.63,11131.4,11368.5,0.5333333333333333,2156.0,U,D,0.4666666666666666
31/07/2008,11577.99,11578.89,11363.69,11376.56,191.42000000000007,263.22999999999956,-237.10000000000036,11370.693333333335,11298.176666666666,11285.693333333335,11452.983333333332,11586.05,11394.63,11131.4,0.3333333333333333,2157.0,D,U,0.6666666666666666
01/08/2008,11379.89,11425.73,11267.05,11329.25,-209.48999999999978,191.42000000000007,263.22999999999956,11452.413333333332,11370.693333333335,11298.176666666666,11285.693333333335,11376.56,11586.05,11394.63,0.3333333333333333,2158.0,D,U,0.6666666666666666
04/08/2008,11326.56,11382.17,11221.53,11283.58,-47.30999999999949,-209.48999999999978,191.42000000000007,11430.62,11452.413333333332,11370.693333333335,11298.176666666666,11329.25,11376.56,11586.05,0.5333333333333333,2159.0,D,D,0.4666666666666666
05/08/2008,11286.02,11612.92,11286.02,11612.35,-45.67000000000007,-47.30999999999949,-209.48999999999978,11329.796666666667,11430.62,11452.413333333332,11370.693333333335,11283.58,11329.25,11376.56,0.26666666666666666,2160.0,U,U,0.7333333333333333
06/08/2008,11603.64,11685.46,11521.32,11655.91,328.77000000000044,-45.67000000000007,-47.30999999999949,11408.393333333333,11329.796666666667,11430.62,11452.413333333332,11612.35,11283.58,11329.25,0.39999999999999997,2161.0,U,U,0.6
07/08/2008,11655.42,11655.58,11416.7,11436.24,43.55999999999949,328.77000000000044,-45.67000000000007,11517.279999999999,11408.393333333333,11329.796666666667,11430.62,11655.91,11612.35,11283.58,0.39999999999999997,2162.0,D,U,0.6
08/08/2008,11427.28,11759.96,11388.04,11731.38,-219.67000000000007,43.55999999999949,328.77000000000044,11568.166666666666,11517.279999999999,11408.393333333333,11329.796666666667,11436.24,11655.91,11612.35,0.39999999999999997,2163.0,U,U,0.6
11/08/2008,11729.67,11867.11,11675.53,11777.71,295.1399999999994,-219.67000000000007,43.55999999999949,11607.843333333332,11568.166666666666,11517.279999999999,11408.393333333333,11731.38,11436.24,11655.91,0.3333333333333333,2164.0,U,U,0.6666666666666666
12/08/2008,11781.7,11782.35,11601.52,11646.63,46.32999999999993,295.1399999999994,-219.67000000000007,11648.443333333335,11607.843333333332,11568.166666666666,11517.279999999999,11777.71,11731.38,11436.24,0.5333333333333333,2165.0,D,D,0.4666666666666666
13/08/2008,11632.81,11633.78,11453.34,11535.9,-131.07999999999993,46.32999999999993,295.1399999999994,11718.573333333332,11648.443333333335,11607.843333333332,11568.166666666666,11646.63,11777.71,11731.38,0.6,2166.0,D,D,0.39999999999999997
14/08/2008,11532.07,11718.28,11450.89,11618.37,-110.72999999999956,-131.07999999999993,46.32999999999993,11653.413333333332,11718.573333333332,11648.443333333335,11607.843333333332,11535.9,11646.63,11777.71,0.5333333333333333,2167.0,U,D,0.4666666666666666
15/08/2008,11611.21,11709.89,11599.73,11659.08,82.47000000000116,-110.72999999999956,-131.07999999999993,11600.300000000001,11653.413333333332,11718.573333333332,11648.443333333335,11618.37,11535.9,11646.63,0.39999999999999997,2168.0,U,U,0.6
18/08/2008,11659.65,11690.43,11434.12,11484.19,40.70999999999913,82.47000000000116,-110.72999999999956,11604.449999999999,11600.300000000001,11653.413333333332,11718.573333333332,11659.08,11618.37,11535.9,0.26666666666666666,2169.0,D,U,0.7333333333333333
19/08/2008,11478.09,11478.17,11318.5,11352.54,-174.88999999999942,40.70999999999913,82.47000000000116,11587.213333333333,11604.449999999999,11600.300000000001,11653.413333333332,11484.19,11659.08,11618.37,0.4666666666666666,2170.0,D,U,0.5333333333333333
20/08/2008,11345.94,11454.15,11290.58,11418.0,-131.64999999999964,-174.88999999999942,40.70999999999913,11498.603333333333,11587.213333333333,11604.449999999999,11600.300000000001,11352.54,11484.19,11659.08,0.5333333333333333,2171.0,U,D,0.4666666666666666
21/08/2008,11405.71,11476.21,11315.57,11428.42,65.45999999999913,-131.64999999999964,-174.88999999999942,11418.243333333334,11498.603333333333,11587.213333333333,11604.449999999999,11418.0,11352.54,11484.19,0.4666666666666666,2172.0,U,U,0.5333333333333333
22/08/2008,11426.79,11632.13,11426.79,11625.62,10.420000000000073,65.45999999999913,-131.64999999999964,11399.653333333334,11418.243333333334,11498.603333333333,11587.213333333333,11428.42,11418.0,11352.54,0.39999999999999997,2173.0,U,U,0.6
25/08/2008,11626.19,11626.27,11362.63,11389.75,197.20000000000073,10.420000000000073,65.45999999999913,11490.68,11399.653333333334,11418.243333333334,11498.603333333333,11625.62,11428.42,11418.0,0.39999999999999997,2174.0,D,U,0.6
26/08/2008,11383.56,11436.24,11340.41,11412.63,-235.8700000000008,197.20000000000073,10.420000000000073,11481.263333333334,11490.68,11399.653333333334,11418.243333333334,11389.75,11625.62,11428.42,0.4666666666666666,2175.0,U,U,0.5333333333333333
27/08/2008,11412.46,11554.46,11381.77,11503.57,22.8799999999992,-235.8700000000008,197.20000000000073,11476.0,11481.263333333334,11490.68,11399.653333333334,11412.63,11389.75,11625.62,0.39999999999999997,2176.0,U,U,0.6
28/08/2008,11499.87,11712.17,11499.79,11706.63,90.94000000000051,22.8799999999992,-235.8700000000008,11435.316666666666,11476.0,11481.263333333334,11490.68,11503.57,11412.63,11389.75,0.26666666666666666,2177.0,U,U,0.7333333333333333
29/08/2008,11713.23,11713.23,11544.2,11547.86,203.0599999999995,90.94000000000051,22.8799999999992,11540.94333333333,11435.316666666666,11476.0,11481.263333333334,11706.63,11503.57,11412.63,0.4666666666666666,2178.0,D,U,0.5333333333333333
02/09/2008,11545.63,11790.17,11471.9,11516.03,-158.76999999999862,203.0599999999995,90.94000000000051,11586.019999999999,11540.94333333333,11435.316666666666,11476.0,11547.86,11706.63,11503.57,0.6666666666666666,2179.0,D,D,0.3333333333333333
03/09/2008,11506.01,11554.38,11416.53,11536.63,-31.829999999999927,-158.76999999999862,203.0599999999995,11590.173333333332,11586.019999999999,11540.94333333333,11435.316666666666,11516.03,11547.86,11706.63,0.3333333333333333,2180.0,U,U,0.6666666666666666
04/09/2008,11532.48,11532.48,11176.02,11185.63,20.599999999998545,-31.829999999999927,-158.76999999999862,11533.506666666666,11590.173333333332,11586.019999999999,11540.94333333333,11536.63,11516.03,11547.86,0.39999999999999997,2181.0,D,U,0.6
05/09/2008,11185.63,11245.15,11037.85,11220.88,-351.0,20.599999999998545,-31.829999999999927,11412.763333333334,11533.506666666666,11590.173333333332,11586.019999999999,11185.63,11536.63,11516.03,0.39999999999999997,2182.0,U,U,0.6
08/09/2008,11224.87,11570.66,11224.79,11514.56,35.25,-351.0,20.599999999998545,11314.38,11412.763333333334,11533.506666666666,11590.173333333332,11220.88,11185.63,11536.63,0.3333333333333333,2183.0,U,U,0.6666666666666666
09/09/2008,11514.73,11577.5,11232.12,11232.12,293.6800000000003,35.25,-351.0,11307.023333333333,11314.38,11412.763333333334,11533.506666666666,11514.56,11220.88,11185.63,0.3333333333333333,2184.0,D,U,0.6666666666666666
10/09/2008,11233.91,11380.63,11215.26,11267.7,-282.4399999999987,293.6800000000003,35.25,11322.519999999999,11307.023333333333,11314.38,11412.763333333334,11232.12,11514.56,11220.88,0.4666666666666666,2185.0,U,U,0.5333333333333333
11/09/2008,11264.44,11444.87,11098.67,11438.84,35.57999999999993,-282.4399999999987,293.6800000000003,11338.126666666669,11322.519999999999,11307.023333333333,11314.38,11267.7,11232.12,11514.56,0.6666666666666666,2186.0,U,D,0.3333333333333333
12/09/2008,11423.7,11459.93,11280.4,11428.67,171.13999999999942,35.57999999999993,-282.4399999999987,11312.886666666667,11338.126666666669,11322.519999999999,11307.023333333333,11438.84,11267.7,11232.12,0.39999999999999997,2187.0,U,U,0.6
15/09/2008,11416.37,11416.37,10950.49,10953.82,-10.170000000000073,171.13999999999942,35.57999999999993,11378.403333333334,11312.886666666667,11338.126666666669,11322.519999999999,11428.67,11438.84,11267.7,0.39999999999999997,2188.0,D,U,0.6
16/09/2008,10905.62,11093.22,10742.7,11063.01,-474.85000000000036,-10.170000000000073,171.13999999999942,11273.776666666667,11378.403333333334,11312.886666666667,11338.126666666669,10953.82,11428.67,11438.84,0.26666666666666666,2189.0,U,U,0.7333333333333333
17/09/2008,11056.58,11057.31,10595.9,10605.92,109.19000000000051,-474.85000000000036,-10.170000000000073,11148.5,11273.776666666667,11378.403333333334,11312.886666666667,11063.01,10953.82,11428.67,0.39999999999999997,2190.0,D,U,0.6
18/09/2008,10609.01,11076.44,10459.44,10988.18,-457.09000000000015,109.19000000000051,-474.85000000000036,10874.25,11148.5,11273.776666666667,11378.403333333334,10605.92,11063.01,10953.82,0.3333333333333333,2191.0,U,U,0.6666666666666666
19/09/2008,11027.51,11483.05,11026.7,11386.41,382.2600000000002,-457.09000000000015,109.19000000000051,10885.703333333333,10874.25,11148.5,11273.776666666667,10988.18,10605.92,11063.01,0.3333333333333333,2192.0,U,U,0.6666666666666666
22/09/2008,11394.42,11394.58,10992.2,11013.06,398.22999999999956,382.2600000000002,-457.09000000000015,10993.503333333332,10885.703333333333,10874.25,11148.5,11386.41,10988.18,10605.92,0.5333333333333333,2193.0,D,D,0.4666666666666666
23/09/2008,11020.15,11143.21,10833.94,10847.64,-373.35000000000036,398.22999999999956,382.2600000000002,11129.216666666667,10993.503333333332,10885.703333333333,10874.25,11013.06,11386.41,10988.18,0.39999999999999997,2194.0,D,U,0.6
24/09/2008,10850.02,10928.4,10753.57,10847.4,-165.42000000000007,-373.35000000000036,398.22999999999956,11082.37,11129.216666666667,10993.503333333332,10885.703333333333,10847.64,11013.06,11386.41,0.5333333333333333,2195.0,D,D,0.4666666666666666
25/09/2008,10827.17,11129.19,10827.01,11026.37,-0.23999999999978172,-165.42000000000007,-373.35000000000036,10902.699999999999,11082.37,11129.216666666667,10993.503333333332,10847.4,10847.64,11013.06,0.5333333333333333,2196.0,U,D,0.4666666666666666
26/09/2008,11019.04,11168.06,10868.82,11157.47,178.97000000000116,-0.23999999999978172,-165.42000000000007,10907.136666666667,10902.699999999999,11082.37,11129.216666666667,11026.37,10847.4,10847.64,0.7333333333333333,2197.0,U,D,0.26666666666666666
29/09/2008,11139.62,11139.94,10407.34,10531.83,131.09999999999854,178.97000000000116,-0.23999999999978172,11010.413333333332,10907.136666666667,10902.699999999999,11082.37,11157.47,11026.37,10847.4,0.6,2198.0,D,D,0.39999999999999997
30/09/2008,10465.17,10868.9,10371.42,10861.02,-625.6399999999994,131.09999999999854,178.97000000000116,10905.223333333333,11010.413333333332,10907.136666666667,10902.699999999999,10531.83,11157.47,11026.37,0.4666666666666666,2199.0,U,U,0.5333333333333333
01/10/2008,10847.4,10882.52,10631.95,10836.96,329.1900000000005,-625.6399999999994,131.09999999999854,10850.106666666667,10905.223333333333,11010.413333333332,10907.136666666667,10861.02,10531.83,11157.47,0.5333333333333333,2200.0,D,D,0.4666666666666666
02/10/2008,10825.54,10825.54,10439.52,10474.41,-24.06000000000131,329.1900000000005,-625.6399999999994,10743.269999999999,10850.106666666667,10905.223333333333,11010.413333333332,10836.96,10861.02,10531.83,0.6666666666666666,2201.0,D,D,0.3333333333333333
03/10/2008,10483.96,10796.26,10310.25,10324.35,-362.5499999999993,-24.06000000000131,329.1900000000005,10724.13,10743.269999999999,10850.106666666667,10905.223333333333,10474.41,10836.96,10861.02,0.6666666666666666,2202.0,D,D,0.3333333333333333
06/10/2008,10178.35,10322.76,9525.32,10009.98,-150.0599999999995,-362.5499999999993,-24.06000000000131,10545.24,10724.13,10743.269999999999,10850.106666666667,10324.35,10474.41,10836.96,0.6,2203.0,D,D,0.39999999999999997
07/10/2008,9955.42,10124.03,9436.67,9462.8,-314.3700000000008,-150.0599999999995,-362.5499999999993,10269.58,10545.24,10724.13,10743.269999999999,10009.98,10324.35,10474.41,0.3333333333333333,2204.0,D,U,0.6666666666666666
08/10/2008,9437.23,9628.07,9194.78,9245.28,-547.1800000000003,-314.3700000000008,-150.0599999999995,9932.376666666667,10269.58,10545.24,10724.13,9462.8,10009.98,10324.35,0.39999999999999997,2205.0,D,U,0.6
09/10/2008,9261.69,9448.14,8595.04,8666.24,-217.51999999999862,-547.1800000000003,-314.3700000000008,9572.686666666666,9932.376666666667,10269.58,10545.24,9245.28,9462.8,10009.98,0.39999999999999997,2206.0,D,U,0.6
10/10/2008,8568.67,8901.28,7882.51,8512.76,-579.0400000000009,-217.51999999999862,-547.1800000000003,9124.773333333333,9572.686666666666,9932.376666666667,10269.58,8666.24,9245.28,9462.8,0.39999999999999997,2207.0,D,U,0.6
13/10/2008,8462.42,9427.99,8134.81,9413.34,-153.47999999999956,-579.0400000000009,-217.51999999999862,8808.093333333332,9124.773333333333,9572.686666666666,9932.376666666667,8512.76,8666.24,9245.28,0.6,2208.0,U,D,0.39999999999999997
14/10/2008,9388.97,9794.37,9085.43,9321.58,900.5799999999999,-153.47999999999956,-579.0400000000009,8864.113333333333,8808.093333333332,9124.773333333333,9572.686666666666,9413.34,8512.76,8666.24,0.6,2209.0,D,D,0.39999999999999997
15/10/2008,9301.91,9308.76,8530.12,8568.67,-91.76000000000022,900.5799999999999,-153.47999999999956,9082.56,8864.113333333333,8808.093333333332,9124.773333333333,9321.58,9413.34,8512.76,0.6,2210.0,D,D,0.39999999999999997
16/10/2008,8577.04,9013.27,8197.67,8972.73,-752.9099999999999,-91.76000000000022,900.5799999999999,9101.196666666665,9082.56,8864.113333333333,8808.093333333332,8568.67,9321.58,9413.34,0.6666666666666666,2211.0,U,D,0.3333333333333333
17/10/2008,8975.35,9281.12,8718.25,8850.63,404.0599999999995,-752.9099999999999,-91.76000000000022,8954.326666666666,9101.196666666665,9082.56,8864.113333333333,8972.73,8568.67,9321.58,0.5333333333333333,2212.0,D,D,0.4666666666666666
20/10/2008,8857.24,9266.63,8852.22,9260.73,-122.10000000000036,404.0599999999995,-752.9099999999999,8797.343333333332,8954.326666666666,9101.196666666665,9082.56,8850.63,8972.73,8568.67,0.6666666666666666,2213.0,U,D,0.3333333333333333
21/10/2008,9262.8,9284.55,9004.27,9031.9,410.10000000000036,-122.10000000000036,404.0599999999995,9028.03,8797.343333333332,8954.326666666666,9101.196666666665,9260.73,8850.63,8972.73,0.4666666666666666,2214.0,D,U,0.5333333333333333
22/10/2008,9027.84,9027.84,8335.3,8534.9,-228.82999999999993,410.10000000000036,-122.10000000000036,9047.753333333334,9028.03,8797.343333333332,8954.326666666666,9031.9,9260.73,8850.63,0.4666666666666666,2215.0,D,U,0.5333333333333333
23/10/2008,8519.77,8795.99,8243.55,8693.08,-497.0,-228.82999999999993,410.10000000000036,8942.51,9047.753333333334,9028.03,8797.343333333332,8534.9,9031.9,9260.73,0.5333333333333333,2216.0,U,D,0.4666666666666666
24/10/2008,8567.56,8683.21,8187.48,8371.7,158.1800000000003,-497.0,-228.82999999999993,8753.293333333333,8942.51,9047.753333333334,9028.03,8693.08,8534.9,9031.9,0.9999999999999999,2217.0,D,D,0.0
27/10/2008,8375.92,8599.1,8143.59,8164.54,-321.3799999999992,158.1800000000003,-497.0,8533.226666666667,8753.293333333333,8942.51,9047.753333333334,8371.7,8693.08,8534.9,0.5333333333333333,2218.0,D,D,0.4666666666666666
28/10/2008,8178.72,9082.08,8174.73,9066.23,-207.16000000000076,-321.3799999999992,158.1800000000003,8409.773333333333,8533.226666666667,8753.293333333333,8942.51,8164.54,8371.7,8693.08,0.39999999999999997,2219.0,U,U,0.6
29/10/2008,9062.33,9363.32,8890.29,8946.28,901.6899999999996,-207.16000000000076,-321.3799999999992,8534.156666666668,8409.773333333333,8533.226666666667,8753.293333333333,9066.23,8164.54,8371.7,0.6,2220.0,D,D,0.39999999999999997
30/10/2008,9154.56,9266.47,8976.87,9183.95,-119.94999999999891,901.6899999999996,-207.16000000000076,8725.683333333334,8534.156666666668,8409.773333333333,8533.226666666667,8946.28,9066.23,8164.54,0.6,2221.0,U,D,0.39999999999999997
31/10/2008,9179.09,9454.36,9119.2,9340.54,237.67000000000007,-119.94999999999891,901.6899999999996,9065.486666666668,8725.683333333334,8534.156666666668,8409.773333333333,9183.95,8946.28,9066.23,0.6,2222.0,U,D,0.39999999999999997
03/11/2008,9326.04,9410.55,9255.48,9321.74,156.59000000000015,237.67000000000007,-119.94999999999891,9156.923333333334,9065.486666666668,8725.683333333334,8534.156666666668,9340.54,9183.95,8946.28,0.4666666666666666,2223.0,D,U,0.5333333333333333
04/11/2008,9323.89,9653.95,9323.89,9622.57,-18.80000000000109,156.59000000000015,237.67000000000007,9282.076666666668,9156.923333333334,9065.486666666668,8725.683333333334,9321.74,9340.54,9183.95,0.5333333333333333,2224.0,U,D,0.4666666666666666
05/11/2008,9616.6,9616.6,9111.47,9133.77,300.8299999999999,-18.80000000000109,156.59000000000015,9428.283333333333,9282.076666666668,9156.923333333334,9065.486666666668,9622.57,9321.74,9340.54,0.26666666666666666,2225.0,D,U,0.7333333333333333
06/11/2008,9134.01,9155.44,8637.17,8696.27,-488.7999999999993,300.8299999999999,-18.80000000000109,9359.359999999999,9428.283333333333,9282.076666666668,9156.923333333334,9133.77,9622.57,9321.74,0.39999999999999997,2226.0,D,U,0.6
07/11/2008,8696.03,8961.57,8696.03,8948.35,-437.5,-488.7999999999993,300.8299999999999,9150.87,9359.359999999999,9428.283333333333,9282.076666666668,8696.27,9133.77,9622.57,0.39999999999999997,2227.0,U,U,0.6
10/11/2008,8946.6,9159.58,8760.46,8876.67,252.07999999999993,-437.5,-488.7999999999993,8926.13,9150.87,9359.359999999999,9428.283333333333,8948.35,8696.27,9133.77,0.39999999999999997,2228.0,D,U,0.6
11/11/2008,8794.08,8867.91,8560.71,8692.13,-71.68000000000029,252.07999999999993,-437.5,8840.43,8926.13,9150.87,9359.359999999999,8876.67,8948.35,8696.27,0.5333333333333333,2229.0,D,D,0.4666666666666666
12/11/2008,8684.52,8684.6,8265.29,8291.74,-184.54000000000087,-71.68000000000029,252.07999999999993,8839.050000000001,8840.43,8926.13,9150.87,8692.13,8876.67,8948.35,0.7333333333333333,2230.0,D,D,0.26666666666666666
13/11/2008,8281.14,8876.59,7965.42,8859.86,-400.3899999999994,-184.54000000000087,-71.68000000000029,8620.18,8839.050000000001,8840.43,8926.13,8291.74,8692.13,8876.67,0.6666666666666666,2231.0,U,D,0.3333333333333333
14/11/2008,8822.19,8923.18,8469.99,8491.81,568.1200000000008,-400.3899999999994,-184.54000000000087,8614.576666666666,8620.18,8839.050000000001,8840.43,8859.86,8291.74,8692.13,0.6666666666666666,2232.0,D,D,0.3333333333333333
17/11/2008,8494.84,8571.3,8246.89,8268.08,-368.0500000000011,568.1200000000008,-400.3899999999994,8547.803333333331,8614.576666666666,8620.18,8839.050000000001,8491.81,8859.86,8291.74,0.6,2233.0,D,D,0.39999999999999997
18/11/2008,8273.34,8477.95,8105.44,8423.31,-223.72999999999956,-368.0500000000011,568.1200000000008,8539.916666666666,8547.803333333331,8614.576666666666,8620.18,8268.08,8491.81,8859.86,0.6,2234.0,U,D,0.39999999999999997
19/11/2008,8420.69,8504.64,7987.08,7996.16,155.22999999999956,-223.72999999999956,-368.0500000000011,8394.4,8539.916666666666,8547.803333333331,8614.576666666666,8423.31,8268.08,8491.81,0.39999999999999997,2235.0,D,U,0.6
20/11/2008,7995.53,8187.4,7506.97,7565.27,-427.14999999999964,155.22999999999956,-223.72999999999956,8229.183333333332,8394.4,8539.916666666666,8547.803333333331,7996.16,8423.31,8268.08,0.26666666666666666,2236.0,D,U,0.7333333333333333
21/11/2008,7552.37,8071.75,7449.38,8048.17,-430.8899999999994,-427.14999999999964,155.22999999999956,7994.913333333334,8229.183333333332,8394.4,8539.916666666666,7565.27,7996.16,8423.31,0.39999999999999997,2237.0,U,U,0.6
24/11/2008,8048.09,8599.02,8048.09,8406.27,482.89999999999964,-430.8899999999994,-427.14999999999964,7869.866666666666,7994.913333333334,8229.183333333332,8394.4,8048.17,7565.27,7996.16,0.4666666666666666,2238.0,U,U,0.5333333333333333
25/11/2008,8445.14,8607.38,8281.46,8479.79,358.10000000000036,482.89999999999964,-430.8899999999994,8006.57,7869.866666666666,7994.913333333334,8229.183333333332,8406.27,8048.17,7565.27,0.6,2239.0,U,D,0.39999999999999997
26/11/2008,8343.83,8724.78,8311.17,8724.14,73.52000000000044,358.10000000000036,482.89999999999964,8311.410000000002,8006.57,7869.866666666666,7994.913333333334,8479.79,8406.27,8048.17,0.26666666666666666,2240.0,U,U,0.7333333333333333
28/11/2008,8724.7,8831.35,8672.69,8829.04,244.34999999999854,73.52000000000044,358.10000000000036,8536.733333333334,8311.410000000002,8006.57,7869.866666666666,8724.14,8479.79,8406.27,0.6,2241.0,U,D,0.39999999999999997
01/12/2008,8826.89,8827.05,8141.36,8154.18,104.90000000000146,244.34999999999854,73.52000000000044,8677.656666666668,8536.733333333334,8311.410000000002,8006.57,8829.04,8724.14,8479.79,0.5333333333333333,2242.0,D,D,0.4666666666666666
02/12/2008,8153.75,8437.17,8143.51,8427.06,-674.8600000000006,104.90000000000146,244.34999999999854,8569.12,8677.656666666668,8536.733333333334,8311.410000000002,8154.18,8829.04,8724.14,0.5333333333333333,2243.0,U,D,0.4666666666666666
03/12/2008,8409.14,8624.19,8234.15,8596.87,272.8799999999992,-674.8600000000006,104.90000000000146,8470.093333333332,8569.12,8677.656666666668,8536.733333333334,8427.06,8154.18,8829.04,0.4666666666666666,2244.0,U,U,0.5333333333333333
04/12/2008,8587.07,8631.99,8259.4,8369.55,169.8100000000013,272.8799999999992,-674.8600000000006,8392.703333333333,8470.093333333332,8569.12,8677.656666666668,8596.87,8427.06,8154.18,0.4666666666666666,2245.0,D,U,0.5333333333333333
05/12/2008,8376.08,8686.47,8118.5,8662.82,-227.32000000000153,169.8100000000013,272.8799999999992,8464.493333333334,8392.703333333333,8470.093333333332,8569.12,8369.55,8596.87,8427.06,0.6,2246.0,U,D,0.39999999999999997
08/12/2008,8637.65,9026.41,8637.49,8923.98,293.27000000000044,-227.32000000000153,169.8100000000013,8543.08,8464.493333333334,8392.703333333333,8470.093333333332,8662.82,8369.55,8596.87,0.6,2247.0,U,D,0.39999999999999997
09/12/2008,8934.1,8934.1,8651.74,8694.36,261.15999999999985,293.27000000000044,-227.32000000000153,8652.116666666667,8543.08,8464.493333333334,8392.703333333333,8923.98,8662.82,8369.55,0.6666666666666666,2248.0,D,D,0.3333333333333333
10/12/2008,8693.0,8879.22,8646.33,8761.1,-229.61999999999898,261.15999999999985,293.27000000000044,8760.386666666667,8652.116666666667,8543.08,8464.493333333334,8694.36,8923.98,8662.82,0.4666666666666666,2249.0,U,U,0.5333333333333333
11/12/2008,8714.85,8809.45,8512.76,8565.33,66.73999999999978,-229.61999999999898,261.15999999999985,8793.146666666667,8760.386666666667,8652.116666666667,8543.08,8761.1,8694.36,8923.98,0.39999999999999997,2250.0,D,U,0.6
12/12/2008,8563.1,8682.57,8347.81,8630.88,-195.77000000000044,66.73999999999978,-229.61999999999898,8673.596666666666,8793.146666666667,8760.386666666667,8652.116666666667,8565.33,8761.1,8694.36,0.5333333333333333,2251.0,U,D,0.4666666666666666
15/12/2008,8628.81,8676.28,8469.03,8567.4,65.54999999999927,-195.77000000000044,66.73999999999978,8652.436666666666,8673.596666666666,8793.146666666667,8760.386666666667,8630.88,8565.33,8761.1,0.6666666666666666,2252.0,D,D,0.3333333333333333
16/12/2008,8565.65,8958.79,8565.65,8929.8,-63.47999999999956,65.54999999999927,-195.77000000000044,8587.87,8652.436666666666,8673.596666666666,8793.146666666667,8567.4,8630.88,8565.33,0.5333333333333333,2253.0,U,D,0.4666666666666666
17/12/2008,8921.91,8961.26,8778.07,8820.52,362.39999999999964,-63.47999999999956,65.54999999999927,8709.359999999999,8587.87,8652.436666666666,8673.596666666666,8929.8,8567.4,8630.88,0.6,2254.0,D,D,0.39999999999999997
18/12/2008,8823.94,8883.36,8527.41,8603.56,-109.27999999999884,362.39999999999964,-63.47999999999956,8772.573333333332,8709.359999999999,8587.87,8652.436666666666,8820.52,8929.8,8567.4,0.6,2255.0,D,D,0.39999999999999997
19/12/2008,8606.5,8787.23,8550.43,8573.29,-216.96000000000095,-109.27999999999884,362.39999999999964,8784.626666666665,8772.573333333332,8709.359999999999,8587.87,8603.56,8820.52,8929.8,0.5333333333333333,2256.0,D,D,0.4666666666666666
22/12/2008,8573.37,8601.41,8372.02,8515.79,-30.269999999998618,-216.96000000000095,-109.27999999999884,8665.79,8784.626666666665,8772.573333333332,8709.359999999999,8573.29,8603.56,8820.52,0.7999999999999999,2257.0,D,D,0.2
23/12/2008,8518.65,8604.12,8391.3,8420.69,-57.5,-30.269999999998618,-216.96000000000095,8564.213333333333,8665.79,8784.626666666665,8772.573333333332,8515.79,8573.29,8603.56,0.4666666666666666,2258.0,D,U,0.5333333333333333
24/12/2008,8416.86,8498.5,8416.86,8468.48,-95.10000000000036,-57.5,-30.269999999998618,8503.256666666668,8564.213333333333,8665.79,8784.626666666665,8420.69,8515.79,8573.29,0.39999999999999997,2259.0,U,U,0.6
26/12/2008,8468.71,8533.07,8461.78,8514.43,47.789999999999054,-95.10000000000036,-57.5,8468.320000000002,8503.256666666668,8564.213333333333,8665.79,8468.48,8420.69,8515.79,0.4666666666666666,2260.0,U,U,0.5333333333333333
29/12/2008,8515.87,8530.68,8364.06,8481.86,45.95000000000073,47.789999999999054,-95.10000000000036,8467.866666666667,8468.320000000002,8503.256666666668,8564.213333333333,8514.43,8468.48,8420.69,0.4666666666666666,2261.0,D,U,0.5333333333333333
30/12/2008,8487.51,8675.24,8487.51,8667.83,-32.56999999999971,45.95000000000073,47.789999999999054,8488.256666666666,8467.866666666667,8468.320000000002,8503.256666666668,8481.86,8514.43,8468.48,0.6,2262.0,U,D,0.39999999999999997
31/12/2008,8666.48,8842.66,8664.89,8773.92,185.96999999999935,-32.56999999999971,45.95000000000073,8554.706666666667,8488.256666666666,8467.866666666667,8468.320000000002,8667.83,8481.86,8514.43,0.3333333333333333,2263.0,U,U,0.6666666666666666
02/01/2009,8772.25,9065.28,8760.78,9028.32,106.09000000000015,185.96999999999935,-32.56999999999971,8641.203333333333,8554.706666666667,8488.256666666666,8467.866666666667,8773.92,8667.83,8481.86,0.6666666666666666,2264.0,U,D,0.3333333333333333
05/01/2009,9027.13,9034.37,8892.36,8955.36,254.39999999999964,106.09000000000015,185.96999999999935,8823.356666666667,8641.203333333333,8554.706666666667,8488.256666666666,9028.32,8773.92,8667.83,0.6,2265.0,D,D,0.39999999999999997
06/01/2009,8954.57,9088.06,8940.95,9014.54,-72.95999999999913,254.39999999999964,106.09000000000015,8919.199999999999,8823.356666666667,8641.203333333333,8554.706666666667,8955.36,9028.32,8773.92,0.39999999999999997,2266.0,U,U,0.6
07/01/2009,8996.94,8996.94,8719.92,8771.61,59.18000000000029,-72.95999999999913,254.39999999999964,8999.406666666668,8919.199999999999,8823.356666666667,8641.203333333333,9014.54,8955.36,9028.32,0.4666666666666666,2267.0,D,U,0.5333333333333333
08/01/2009,8769.94,8770.02,8651.19,8745.49,-242.9300000000003,59.18000000000029,-72.95999999999913,8913.836666666668,8999.406666666668,8919.199999999999,8823.356666666667,8771.61,9014.54,8955.36,0.39999999999999997,2268.0,D,U,0.6
09/01/2009,8738.8,8769.62,8576.96,8597.19,-26.1200000000008,-242.9300000000003,59.18000000000029,8843.88,8913.836666666668,8999.406666666668,8919.199999999999,8745.49,8771.61,9014.54,0.7333333333333333,2269.0,D,D,0.26666666666666666
12/01/2009,8599.26,8602.6,8421.08,8472.54,-148.29999999999927,-26.1200000000008,-242.9300000000003,8704.763333333334,8843.88,8913.836666666668,8999.406666666668,8597.19,8745.49,8771.61,0.7333333333333333,2270.0,D,D,0.26666666666666666
13/01/2009,8474.61,8522.08,8376.88,8446.01,-124.64999999999964,-148.29999999999927,-26.1200000000008,8605.073333333334,8704.763333333334,8843.88,8913.836666666668,8472.54,8597.19,8745.49,0.7999999999999999,2271.0,D,D,0.2
14/01/2009,8446.01,8446.25,8140.72,8198.47,-26.530000000000655,-124.64999999999964,-148.29999999999927,8505.246666666668,8605.073333333334,8704.763333333334,8843.88,8446.01,8472.54,8597.19,0.3333333333333333,2272.0,D,U,0.6666666666666666
15/01/2009,8202.05,8286.16,7995.13,8213.6,-247.54000000000087,-26.530000000000655,-124.64999999999964,8372.340000000002,8505.246666666668,8605.073333333334,8704.763333333334,8198.47,8446.01,8472.54,0.3333333333333333,2273.0,U,U,0.6666666666666666
16/01/2009,8215.67,8341.2,8109.34,8277.08,15.130000000001019,-247.54000000000087,-26.530000000000655,8286.026666666667,8372.340000000002,8505.246666666668,8605.073333333334,8213.6,8198.47,8446.01,0.39999999999999997,2274.0,U,U,0.6
20/01/2009,8279.63,8291.98,7939.93,7947.02,63.47999999999956,15.130000000001019,-247.54000000000087,8229.716666666667,8286.026666666667,8372.340000000002,8505.246666666668,8277.08,8213.6,8198.47,0.5333333333333333,2275.0,D,D,0.4666666666666666
21/01/2009,7949.17,8243.55,7936.19,8228.5,-330.0599999999995,63.47999999999956,15.130000000001019,8145.900000000001,8229.716666666667,8286.026666666667,8372.340000000002,7947.02,8277.08,8213.6,0.3333333333333333,2276.0,U,U,0.6666666666666666
22/01/2009,8120.81,8224.83,7957.14,8119.94,281.47999999999956,-330.0599999999995,63.47999999999956,8150.866666666666,8145.900000000001,8229.716666666667,8286.026666666667,8228.5,7947.02,8277.08,0.5333333333333333,2277.0,D,D,0.4666666666666666
23/01/2009,7967.73,8152.59,7909.03,8075.01,-108.5600000000004,281.47999999999956,-330.0599999999995,8098.486666666667,8150.866666666666,8145.900000000001,8229.716666666667,8119.94,8228.5,7947.02,0.4666666666666666,2278.0,U,U,0.5333333333333333
26/01/2009,8078.04,8231.68,8023.16,8114.68,-44.92999999999938,-108.5600000000004,281.47999999999956,8141.149999999999,8098.486666666667,8150.866666666666,8145.900000000001,8075.01,8119.94,8228.5,0.26666666666666666,2279.0,U,U,0.7333333333333333
27/01/2009,8117.39,8225.79,8083.14,8172.9,39.67000000000007,-44.92999999999938,-108.5600000000004,8103.21,8141.149999999999,8098.486666666667,8150.866666666666,8114.68,8075.01,8119.94,0.4666666666666666,2280.0,U,U,0.5333333333333333
28/01/2009,8218.3,8405.87,8175.93,8374.57,58.219999999999345,39.67000000000007,-44.92999999999938,8120.863333333334,8103.21,8141.149999999999,8098.486666666667,8172.9,8114.68,8075.01,0.4666666666666666,2281.0,U,U,0.5333333333333333
29/01/2009,8302.57,8373.14,8137.94,8148.29,201.67000000000007,58.219999999999345,39.67000000000007,8220.716666666667,8120.863333333334,8103.21,8141.149999999999,8374.57,8172.9,8114.68,0.39999999999999997,2282.0,D,U,0.6
30/01/2009,8151.88,8195.76,7961.92,8004.29,-226.27999999999975,201.67000000000007,58.219999999999345,8231.92,8220.716666666667,8120.863333333334,8103.21,8148.29,8374.57,8172.9,0.3333333333333333,2283.0,D,U,0.6666666666666666
02/02/2009,7963.83,8000.62,7867.37,7937.22,-144.0,-226.27999999999975,201.67000000000007,8175.716666666667,8231.92,8220.716666666667,8120.863333333334,8004.29,8148.29,8374.57,0.39999999999999997,2284.0,D,U,0.6
03/02/2009,7942.32,8111.57,7905.52,8075.49,-67.06999999999971,-144.0,-226.27999999999975,8029.933333333333,8175.716666666667,8231.92,8220.716666666667,7937.22,8004.29,8148.29,0.6,2285.0,U,D,0.39999999999999997
04/02/2009,8070.32,8162.15,7929.26,7955.38,138.26999999999953,-67.06999999999971,-144.0,8005.666666666667,8029.933333333333,8175.716666666667,8231.92,8075.49,7937.22,8004.29,0.5333333333333333,2286.0,D,D,0.4666666666666666
05/02/2009,7954.83,8107.83,7845.31,8062.27,-120.10999999999967,138.26999999999953,-67.06999999999971,7989.363333333334,8005.666666666667,8029.933333333333,8175.716666666667,7955.38,8075.49,7937.22,0.5333333333333333,2287.0,U,D,0.4666666666666666
06/02/2009,8056.38,8312.37,8052.24,8277.0,106.89000000000033,-120.10999999999967,138.26999999999953,8031.046666666666,7989.363333333334,8005.666666666667,8029.933333333333,8062.27,7955.38,8075.49,0.6,2288.0,U,D,0.39999999999999997
09/02/2009,8281.38,8315.07,8196.24,8269.44,214.72999999999956,106.89000000000033,-120.10999999999967,8098.216666666667,8031.046666666666,7989.363333333334,8005.666666666667,8277.0,8062.27,7955.38,0.6,2289.0,D,D,0.39999999999999997
10/02/2009,8269.36,8269.44,7848.74,7884.58,-7.559999999999491,214.72999999999956,106.89000000000033,8202.903333333334,8098.216666666667,8031.046666666666,7989.363333333334,8269.44,8277.0,8062.27,0.3333333333333333,2290.0,D,U,0.6666666666666666
11/02/2009,7887.05,7983.74,7852.16,7940.09,-384.8600000000006,-7.559999999999491,214.72999999999956,8143.673333333335,8202.903333333334,8098.216666666667,8031.046666666666,7884.58,8269.44,8277.0,0.26666666666666666,2291.0,U,U,0.7333333333333333
12/02/2009,7931.97,7938.82,7693.98,7931.17,55.51000000000022,-384.8600000000006,-7.559999999999491,8031.37,8143.673333333335,8202.903333333334,8098.216666666667,7940.09,7884.58,8269.44,0.5333333333333333,2292.0,D,D,0.4666666666666666
13/02/2009,7933.0,7970.84,7840.45,7847.86,-8.920000000000073,55.51000000000022,-384.8600000000006,7918.613333333334,8031.37,8143.673333333335,8202.903333333334,7931.17,7940.09,7884.58,0.5333333333333333,2293.0,D,D,0.4666666666666666
17/02/2009,7845.63,7845.63,7551.01,7553.88,-83.3100000000004,-8.920000000000073,55.51000000000022,7906.373333333333,7918.613333333334,8031.37,8143.673333333335,7847.86,7931.17,7940.09,0.4666666666666666,2294.0,D,U,0.5333333333333333
18/02/2009,7546.35,7617.76,7479.97,7552.05,-293.97999999999956,-83.3100000000004,-8.920000000000073,7777.636666666666,7906.373333333333,7918.613333333334,8031.37,7553.88,7847.86,7931.17,0.3333333333333333,2295.0,U,U,0.6666666666666666
19/02/2009,7555.23,7614.97,7447.55,7466.82,-1.8299999999999272,-293.97999999999956,-83.3100000000004,7651.263333333333,7777.636666666666,7906.373333333333,7918.613333333334,7552.05,7553.88,7847.86,0.3333333333333333,2296.0,D,U,0.6666666666666666
20/02/2009,7461.49,7469.29,7249.47,7367.11,-85.23000000000047,-1.8299999999999272,-293.97999999999956,7524.25,7651.263333333333,7777.636666666666,7906.373333333333,7466.82,7552.05,7553.88,0.4666666666666666,2297.0,D,U,0.5333333333333333
23/02/2009,7365.99,7441.02,7105.94,7114.54,-99.71000000000004,-85.23000000000047,-1.8299999999999272,7461.993333333333,7524.25,7651.263333333333,7777.636666666666,7367.11,7466.82,7552.05,0.39999999999999997,2298.0,D,U,0.6
24/02/2009,7115.42,7378.97,7114.3,7349.34,-252.5699999999997,-99.71000000000004,-85.23000000000047,7316.156666666667,7461.993333333333,7524.25,7651.263333333333,7114.54,7367.11,7466.82,0.5333333333333333,2299.0,U,D,0.4666666666666666
25/02/2009,7349.58,7404.94,7156.68,7271.05,234.80000000000018,-252.5699999999997,-99.71000000000004,7276.996666666666,7316.156666666667,7461.993333333333,7524.25,7349.34,7114.54,7367.11,0.6,2300.0,D,D,0.39999999999999997
26/02/2009,7333.89,7402.31,7173.56,7180.81,-78.28999999999996,234.80000000000018,-252.5699999999997,7244.9766666666665,7276.996666666666,7316.156666666667,7461.993333333333,7271.05,7349.34,7114.54,0.5333333333333333,2301.0,D,D,0.4666666666666666
27/02/2009,7129.6,7195.46,7033.62,7067.95,-90.23999999999978,-78.28999999999996,234.80000000000018,7267.066666666667,7244.9766666666665,7276.996666666666,7316.156666666667,7180.81,7271.05,7349.34,0.6,2302.0,D,D,0.39999999999999997
02/03/2009,7056.48,7058.95,6755.17,6762.9,-112.86000000000058,-90.23999999999978,-78.28999999999996,7173.27,7267.066666666667,7244.9766666666665,7276.996666666666,7067.95,7180.81,7271.05,0.5333333333333333,2303.0,D,D,0.4666666666666666
03/03/2009,6764.81,6855.29,6705.63,6723.47,-305.0500000000002,-112.86000000000058,-90.23999999999978,7003.886666666666,7173.27,7267.066666666667,7244.9766666666665,6762.9,7067.95,7180.81,0.5333333333333333,2304.0,D,D,0.4666666666666666
04/03/2009,6726.5,6979.22,6726.42,6876.08,-39.42999999999938,-305.0500000000002,-112.86000000000058,6851.44,7003.886666666666,7173.27,7267.066666666667,6723.47,6762.9,7067.95,0.6,2305.0,U,D,0.39999999999999997
05/03/2009,6874.01,6874.01,6544.1,6594.52,152.60999999999967,-39.42999999999938,-305.0500000000002,6787.483333333333,6851.44,7003.886666666666,7173.27,6876.08,6723.47,6762.9,0.5333333333333333,2306.0,D,D,0.4666666666666666
06/03/2009,6595.16,6755.17,6469.95,6629.57,-281.5599999999995,152.60999999999967,-39.42999999999938,6731.356666666667,6787.483333333333,6851.44,7003.886666666666,6594.52,6876.08,6723.47,0.5333333333333333,2307.0,U,D,0.4666666666666666
09/03/2009,6625.74,6709.61,6516.86,6546.41,35.04999999999927,-281.5599999999995,152.60999999999967,6700.056666666666,6731.356666666667,6787.483333333333,6851.44,6629.57,6594.52,6876.08,0.5333333333333333,2308.0,D,D,0.4666666666666666
10/03/2009,6547.01,6915.66,6546.61,6915.66,-83.15999999999985,35.04999999999927,-281.5599999999995,6590.166666666667,6700.056666666666,6731.356666666667,6787.483333333333,6546.41,6629.57,6594.52,0.5333333333333333,2309.0,U,D,0.4666666666666666
11/03/2009,6941.05,7015.06,6867.55,6929.36,369.25,-83.15999999999985,35.04999999999927,6697.213333333333,6590.166666666667,6700.056666666666,6731.356666666667,6915.66,6546.41,6629.57,0.5333333333333333,2310.0,D,D,0.4666666666666666
12/03/2009,6932.39,7184.71,6872.25,7168.46,13.699999999999818,369.25,-83.15999999999985,6797.143333333333,6697.213333333333,6590.166666666667,6700.056666666666,6929.36,6915.66,6546.41,0.5333333333333333,2311.0,U,D,0.4666666666666666
13/03/2009,7167.35,7242.62,7105.86,7222.54,239.10000000000036,13.699999999999818,369.25,7004.493333333333,6797.143333333333,6697.213333333333,6590.166666666667,7168.46,6929.36,6915.66,0.5333333333333333,2312.0,U,D,0.4666666666666666
16/03/2009,7225.33,7392.91,7206.85,7217.53,54.07999999999993,239.10000000000036,13.699999999999818,7106.786666666667,7004.493333333333,6797.143333333333,6697.213333333333,7222.54,7168.46,6929.36,0.6666666666666666,2313.0,D,D,0.3333333333333333
17/03/2009,7217.85,7396.81,7172.05,7396.5,-5.010000000000218,54.07999999999993,239.10000000000036,7202.843333333333,7106.786666666667,7004.493333333333,6797.143333333333,7217.53,7222.54,7168.46,0.6,2314.0,U,D,0.39999999999999997
18/03/2009,7395.7,7571.64,7257.27,7487.21,178.97000000000025,-5.010000000000218,54.07999999999993,7278.856666666667,7202.843333333333,7106.786666666667,7004.493333333333,7396.5,7217.53,7222.54,0.6,2315.0,U,D,0.39999999999999997
19/03/2009,7489.68,7548.46,7369.26,7396.18,90.71000000000004,178.97000000000025,-5.010000000000218,7367.079999999999,7278.856666666667,7202.843333333333,7106.786666666667,7487.21,7396.5,7217.53,0.5333333333333333,2316.0,D,D,0.4666666666666666
20/03/2009,7402.31,7460.93,7257.83,7272.64,-91.02999999999975,90.71000000000004,178.97000000000025,7426.63,7367.079999999999,7278.856666666667,7202.843333333333,7396.18,7487.21,7396.5,0.4666666666666666,2317.0,D,U,0.5333333333333333
23/03/2009,7279.25,7780.72,7278.78,7775.78,-123.53999999999996,-91.02999999999975,90.71000000000004,7385.343333333333,7426.63,7367.079999999999,7278.856666666667,7272.64,7396.18,7487.21,0.5333333333333333,2318.0,U,D,0.4666666666666666
24/03/2009,7773.47,7796.57,7646.99,7659.57,503.1399999999994,-123.53999999999996,-91.02999999999975,7481.533333333333,7385.343333333333,7426.63,7367.079999999999,7775.78,7272.64,7396.18,0.4666666666666666,2319.0,D,U,0.5333333333333333
25/03/2009,7659.81,7863.63,7550.06,7750.53,-116.21000000000004,503.1399999999994,-123.53999999999996,7569.329999999999,7481.533333333333,7385.343333333333,7426.63,7659.57,7775.78,7272.64,0.39999999999999997,2320.0,U,U,0.6
26/03/2009,7752.36,7931.33,7752.28,7921.77,90.96000000000004,-116.21000000000004,503.1399999999994,7728.626666666666,7569.329999999999,7481.533333333333,7385.343333333333,7750.53,7659.57,7775.78,0.39999999999999997,2321.0,U,U,0.6
27/03/2009,7922.57,7922.57,7735.95,7775.7,171.2400000000007,90.96000000000004,-116.21000000000004,7777.29,7728.626666666666,7569.329999999999,7481.533333333333,7921.77,7750.53,7659.57,0.4666666666666666,2322.0,D,U,0.5333333333333333
30/03/2009,7773.31,7773.39,7437.59,7522.42,-146.07000000000062,171.2400000000007,90.96000000000004,7816.0,7777.29,7728.626666666666,7569.329999999999,7775.7,7921.77,7750.53,0.7999999999999999,2323.0,D,D,0.2
31/03/2009,7523.77,7725.36,7523.45,7601.19,-253.27999999999975,-146.07000000000062,171.2400000000007,7739.963333333333,7816.0,7777.29,7728.626666666666,7522.42,7775.7,7921.77,0.4666666666666666,2324.0,U,U,0.5333333333333333
01/04/2009,7606.13,7789.0,7483.87,7758.02,78.76999999999953,-253.27999999999975,-146.07000000000062,7633.103333333333,7739.963333333333,7816.0,7777.29,7601.19,7522.42,7775.7,0.4666666666666666,2325.0,U,U,0.5333333333333333
02/04/2009,7763.99,8075.73,7763.99,7975.69,156.83000000000084,78.76999999999953,-253.27999999999975,7627.21,7633.103333333333,7739.963333333333,7816.0,7758.02,7601.19,7522.42,0.5333333333333333,2326.0,U,D,0.4666666666666666
03/04/2009,7980.63,8019.5,7897.24,8017.51,217.66999999999916,156.83000000000084,78.76999999999953,7778.299999999999,7627.21,7633.103333333333,7739.963333333333,7975.69,7758.02,7601.19,0.5333333333333333,2327.0,U,D,0.4666666666666666
06/04/2009,8016.16,8016.16,7862.2,7974.98,41.82000000000062,217.66999999999916,156.83000000000084,7917.073333333334,7778.299999999999,7627.21,7633.103333333333,8017.51,7975.69,7758.02,0.6666666666666666,2328.0,D,D,0.3333333333333333
07/04/2009,7968.92,7969.08,7762.08,7788.68,-42.530000000000655,41.82000000000062,217.66999999999916,7989.393333333333,7917.073333333334,7778.299999999999,7627.21,7974.98,8017.51,7975.69,0.6,2329.0,D,D,0.39999999999999997
08/04/2009,7788.68,7887.52,7750.85,7837.19,-186.29999999999927,-42.530000000000655,41.82000000000062,7927.056666666666,7989.393333333333,7917.073333333334,7778.299999999999,7788.68,7974.98,8017.51,0.39999999999999997,2330.0,U,U,0.6
09/04/2009,7839.89,8087.28,7839.89,8084.73,48.50999999999931,-186.29999999999927,-42.530000000000655,7866.95,7927.056666666666,7989.393333333333,7917.073333333334,7837.19,7788.68,7974.98,0.4666666666666666,2331.0,U,U,0.5333333333333333
13/04/2009,8082.02,8113.41,7963.75,8050.48,247.53999999999996,48.50999999999931,-186.29999999999927,7903.533333333333,7866.95,7927.056666666666,7989.393333333333,8084.73,7837.19,7788.68,0.7333333333333333,2332.0,D,D,0.26666666666666666
14/04/2009,8057.41,8057.41,7902.26,7920.02,-34.25,247.53999999999996,48.50999999999931,7990.799999999999,7903.533333333333,7866.95,7927.056666666666,8050.48,8084.73,7837.19,0.6,2333.0,D,D,0.39999999999999997
15/04/2009,7914.92,8041.32,7870.48,8029.62,-130.45999999999913,-34.25,247.53999999999996,8018.41,7990.799999999999,7903.533333333333,7866.95,7920.02,8050.48,8084.73,0.5333333333333333,2334.0,U,D,0.4666666666666666
16/04/2009,8029.14,8168.12,7962.71,8125.19,109.59999999999945,-130.45999999999913,-34.25,8000.04,8018.41,7990.799999999999,7903.533333333333,8029.62,7920.02,8050.48,0.5333333333333333,2335.0,U,D,0.4666666666666666
17/04/2009,8125.43,8190.66,8086.88,8131.72,95.56999999999971,109.59999999999945,-130.45999999999913,8024.943333333333,8000.04,8018.41,7990.799999999999,8125.19,8029.62,7920.02,0.6666666666666666,2336.0,U,D,0.3333333333333333
20/04/2009,8128.94,8128.94,7840.45,7844.28,6.530000000000655,95.56999999999971,109.59999999999945,8095.509999999999,8024.943333333333,8000.04,8018.41,8131.72,8125.19,8029.62,0.4666666666666666,2337.0,D,U,0.5333333333333333
21/04/2009,7841.65,7979.2,7791.95,7968.13,-287.4400000000005,6.530000000000655,95.56999999999971,8033.73,8095.509999999999,8024.943333333333,8000.04,7844.28,8131.72,8125.19,0.26666666666666666,2338.0,U,U,0.7333333333333333
22/04/2009,7964.78,8044.83,7868.01,7884.74,123.85000000000036,-287.4400000000005,6.530000000000655,7981.376666666667,8033.73,8095.509999999999,8024.943333333333,7968.13,7844.28,8131.72,0.5333333333333333,2339.0,D,D,0.4666666666666666
23/04/2009,7886.81,7979.44,7804.21,7957.93,-83.39000000000033,123.85000000000036,-287.4400000000005,7899.05,7981.376666666667,8033.73,8095.509999999999,7884.74,7968.13,7844.28,0.6,2340.0,U,D,0.39999999999999997
24/04/2009,7957.45,8127.5,7957.45,8075.01,73.19000000000051,-83.39000000000033,123.85000000000036,7936.933333333333,7899.05,7981.376666666667,8033.73,7957.93,7884.74,7968.13,0.4666666666666666,2341.0,U,U,0.5333333333333333
27/04/2009,8073.82,8122.56,7987.16,8024.44,117.07999999999993,73.19000000000051,-83.39000000000033,7972.56,7936.933333333333,7899.05,7981.376666666667,8075.01,7957.93,7884.74,0.7999999999999999,2342.0,D,D,0.2
28/04/2009,8023.56,8091.66,7938.98,8015.6,-50.57000000000062,117.07999999999993,73.19000000000051,8019.126666666667,7972.56,7936.933333333333,7899.05,8024.44,8075.01,7957.93,0.6,2343.0,D,D,0.39999999999999997
29/04/2009,8018.31,8257.57,8017.91,8183.1,-8.839999999999236,-50.57000000000062,117.07999999999993,8038.350000000001,8019.126666666667,7972.56,7936.933333333333,8015.6,8024.44,8075.01,0.5333333333333333,2344.0,U,D,0.4666666666666666
30/04/2009,8241.8,8307.51,8136.9,8168.04,167.5,-8.839999999999236,-50.57000000000062,8074.38,8038.350000000001,8019.126666666667,7972.56,8183.1,8015.6,8024.44,0.4666666666666666,2345.0,D,U,0.5333333333333333
01/05/2009,8182.3,8219.81,8099.31,8210.81,-15.0600000000004,167.5,-8.839999999999236,8122.246666666667,8074.38,8038.350000000001,8019.126666666667,8168.04,8183.1,8015.6,0.4666666666666666,2346.0,U,U,0.5333333333333333
04/05/2009,8239.81,8434.86,8213.6,8429.13,42.76999999999953,-15.0600000000004,167.5,8187.316666666666,8122.246666666667,8074.38,8038.350000000001,8210.81,8168.04,8183.1,0.3333333333333333,2347.0,U,U,0.6666666666666666
05/05/2009,8411.77,8458.12,8362.78,8412.4,218.3199999999997,42.76999999999953,-15.0600000000004,8269.326666666666,8187.316666666666,8122.246666666667,8074.38,8429.13,8210.81,8168.04,0.4666666666666666,2348.0,U,U,0.5333333333333333
06/05/2009,8470.86,8518.57,8403.0,8513.72,-16.729999999999563,218.3199999999997,42.76999999999953,8350.779999999999,8269.326666666666,8187.316666666666,8122.246666666667,8412.4,8429.13,8210.81,0.4666666666666666,2349.0,U,U,0.5333333333333333
07/05/2009,8563.26,8577.19,8358.0,8408.74,101.31999999999971,-16.729999999999563,218.3199999999997,8451.75,8350.779999999999,8269.326666666666,8187.316666666666,8513.72,8412.4,8429.13,0.7333333333333333,2350.0,D,D,0.26666666666666666
08/05/2009,8410.73,8587.55,8410.73,8574.96,-104.97999999999956,101.31999999999971,-16.729999999999563,8444.953333333333,8451.75,8350.779999999999,8269.326666666666,8408.74,8513.72,8412.4,0.3333333333333333,2351.0,U,U,0.6666666666666666
11/05/2009,8569.23,8569.23,8410.33,8421.08,166.21999999999935,-104.97999999999956,101.31999999999971,8499.14,8444.953333333333,8451.75,8350.779999999999,8574.96,8408.74,8513.72,0.6,2352.0,D,D,0.39999999999999997
12/05/2009,8419.17,8517.46,8365.65,8469.11,-153.8799999999992,166.21999999999935,-104.97999999999956,8468.26,8499.14,8444.953333333333,8451.75,8421.08,8574.96,8408.74,0.26666666666666666,2353.0,U,U,0.7333333333333333
13/05/2009,8461.8,8462.04,8262.43,8283.77,48.030000000000655,-153.8799999999992,166.21999999999935,8488.383333333333,8468.26,8499.14,8444.953333333333,8469.11,8421.08,8574.96,0.7333333333333333,2354.0,D,D,0.26666666666666666
14/05/2009,8285.92,8376.64,8273.9,8329.41,-185.34000000000015,48.030000000000655,-153.8799999999992,8391.320000000002,8488.383333333333,8468.26,8499.14,8283.77,8469.11,8421.08,0.2,2355.0,U,U,0.7999999999999999
15/05/2009,8326.22,8394.96,8230.17,8269.75,45.63999999999942,-185.34000000000015,48.030000000000655,8360.763333333334,8391.320000000002,8488.383333333333,8468.26,8329.41,8283.77,8469.11,0.4666666666666666,2356.0,D,U,0.5333333333333333
18/05/2009,8270.15,8511.88,8270.15,8507.34,-59.659999999999854,45.63999999999942,-185.34000000000015,8294.31,8360.763333333334,8391.320000000002,8488.383333333333,8269.75,8329.41,8283.77,0.39999999999999997,2357.0,U,U,0.6
19/05/2009,8502.48,8538.01,8463.54,8476.68,237.59000000000015,-59.659999999999854,45.63999999999942,8368.833333333334,8294.31,8360.763333333334,8391.320000000002,8507.34,8269.75,8329.41,0.5333333333333333,2358.0,D,D,0.4666666666666666
20/05/2009,8523.51,8591.93,8405.47,8421.32,-30.659999999999854,237.59000000000015,-59.659999999999854,8417.923333333334,8368.833333333334,8294.31,8360.763333333334,8476.68,8507.34,8269.75,0.3333333333333333,2359.0,D,U,0.6666666666666666
21/05/2009,8376.4,8416.15,8221.01,8292.29,-55.36000000000058,-30.659999999999854,237.59000000000015,8468.446666666667,8417.923333333334,8368.833333333334,8294.31,8421.32,8476.68,8507.34,0.7333333333333333,2360.0,D,D,0.26666666666666666
22/05/2009,8292.21,8364.14,8257.17,8277.24,-129.02999999999884,-55.36000000000058,-30.659999999999854,8396.763333333334,8468.446666666667,8417.923333333334,8368.833333333334,8292.29,8421.32,8476.68,0.13333333333333333,2361.0,D,U,0.8666666666666666
26/05/2009,8237.82,8495.71,8226.9,8474.45,-15.050000000001091,-129.02999999999884,-55.36000000000058,8330.283333333333,8396.763333333334,8468.446666666667,8417.923333333334,8277.24,8292.29,8421.32,0.4666666666666666,2362.0,U,U,0.5333333333333333
27/05/2009,8473.65,8496.59,8289.35,8300.98,197.21000000000095,-15.050000000001091,-129.02999999999884,8347.993333333334,8330.283333333333,8396.763333333334,8468.446666666667,8474.45,8277.24,8292.29,0.5333333333333333,2363.0,D,D,0.4666666666666666
28/05/2009,8300.5,8434.62,8246.58,8401.97,-173.47000000000116,197.21000000000095,-15.050000000001091,8350.890000000001,8347.993333333334,8330.283333333333,8396.763333333334,8300.98,8474.45,8277.24,0.13333333333333333,2364.0,U,U,0.8666666666666666
29/05/2009,8423.95,8522.95,8368.52,8513.48,100.98999999999978,-173.47000000000116,197.21000000000095,8392.466666666667,8350.890000000001,8347.993333333334,8330.283333333333,8401.97,8300.98,8474.45,0.6666666666666666,2365.0,U,D,0.3333333333333333
01/06/2009,8501.53,8760.7,8501.29,8729.48,111.51000000000022,100.98999999999978,-173.47000000000116,8405.476666666666,8392.466666666667,8350.890000000001,8347.993333333334,8513.48,8401.97,8300.98,0.39999999999999997,2366.0,U,U,0.6
02/06/2009,8721.6,8787.13,8693.72,8741.17,216.0,111.51000000000022,100.98999999999978,8548.31,8405.476666666666,8392.466666666667,8350.890000000001,8729.48,8513.48,8401.97,0.4666666666666666,2367.0,U,U,0.5333333333333333
03/06/2009,8740.07,8740.39,8598.38,8679.38,11.69000000000051,216.0,111.51000000000022,8661.376666666665,8548.31,8405.476666666666,8392.466666666667,8741.17,8729.48,8513.48,0.5333333333333333,2368.0,D,D,0.4666666666666666
04/06/2009,8665.72,8751.25,8634.57,8748.7,-61.79000000000087,11.69000000000051,216.0,8716.676666666666,8661.376666666665,8548.31,8405.476666666666,8679.38,8741.17,8729.48,0.39999999999999997,2369.0,U,U,0.6
05/06/2009,8751.75,8839.4,8700.41,8763.09,69.32000000000153,-61.79000000000087,11.69000000000051,8723.083333333334,8716.676666666666,8661.376666666665,8548.31,8748.7,8679.38,8741.17,0.39999999999999997,2370.0,U,U,0.6
08/06/2009,8759.35,8823.97,8633.07,8763.96,14.389999999999418,69.32000000000153,-61.79000000000087,8730.390000000001,8723.083333333334,8716.676666666666,8661.376666666665,8763.09,8748.7,8679.38,0.6,2371.0,U,D,0.39999999999999997
09/06/2009,8764.83,8803.26,8725.12,8761.62,0.8699999999989814,14.389999999999418,69.32000000000153,8758.583333333334,8730.390000000001,8723.083333333334,8716.676666666666,8763.96,8763.09,8748.7,0.4666666666666666,2372.0,D,U,0.5333333333333333
10/06/2009,8763.66,8834.93,8639.95,8738.87,-2.3399999999983265,0.8699999999989814,14.389999999999418,8762.89,8758.583333333334,8730.390000000001,8723.083333333334,8761.62,8763.96,8763.09,0.6,2373.0,D,D,0.39999999999999997
11/06/2009,8736.23,8877.93,8736.23,8769.48,-22.75,-2.3399999999983265,0.8699999999989814,8754.816666666668,8762.89,8758.583333333334,8730.390000000001,8738.87,8761.62,8763.96,0.6,2374.0,U,D,0.39999999999999997
12/06/2009,8770.01,8805.53,8716.73,8799.86,30.609999999998763,-22.75,-2.3399999999983265,8756.656666666668,8754.816666666668,8762.89,8758.583333333334,8769.48,8738.87,8761.62,0.6666666666666666,2375.0,U,D,0.3333333333333333
15/06/2009,8798.5,8798.5,8577.9,8613.27,30.38000000000102,30.609999999998763,-22.75,8769.403333333334,8756.656666666668,8754.816666666668,8762.89,8799.86,8769.48,8738.87,0.6,2376.0,D,D,0.39999999999999997
16/06/2009,8612.44,8643.65,8499.38,8504.89,-186.59000000000015,30.38000000000102,30.609999999998763,8727.536666666667,8769.403333333334,8756.656666666668,8754.816666666668,8613.27,8799.86,8769.48,0.6,2377.0,D,D,0.39999999999999997
17/06/2009,8504.36,8563.01,8461.29,8498.39,-108.38000000000102,-186.59000000000015,30.38000000000102,8639.34,8727.536666666667,8769.403333333334,8756.656666666668,8504.89,8613.27,8799.86,0.7999999999999999,2378.0,D,D,0.2
18/06/2009,8496.73,8590.52,8475.12,8553.41,-6.5,-108.38000000000102,-186.59000000000015,8538.85,8639.34,8727.536666666667,8769.403333333334,8498.39,8504.89,8613.27,0.3333333333333333,2379.0,U,U,0.6666666666666666
19/06/2009,8556.96,8616.59,8496.73,8536.56,55.02000000000044,-6.5,-108.38000000000102,8518.896666666666,8538.85,8639.34,8727.536666666667,8553.41,8498.39,8504.89,0.4666666666666666,2380.0,D,U,0.5333333333333333
22/06/2009,8538.52,8538.83,8334.55,8339.01,-16.850000000000364,55.02000000000044,-6.5,8529.453333333333,8518.896666666666,8538.85,8639.34,8536.56,8553.41,8498.39,0.4666666666666666,2381.0,D,U,0.5333333333333333
23/06/2009,8340.44,8370.9,8286.41,8322.38,-197.54999999999927,-16.850000000000364,55.02000000000044,8476.326666666668,8529.453333333333,8518.896666666666,8538.85,8339.01,8536.56,8553.41,0.3333333333333333,2382.0,D,U,0.6666666666666666
24/06/2009,8323.51,8428.41,8259.88,8300.39,-16.63000000000102,-197.54999999999927,-16.850000000000364,8399.316666666666,8476.326666666668,8529.453333333333,8518.896666666666,8322.38,8339.01,8536.56,0.39999999999999997,2383.0,D,U,0.6
25/06/2009,8299.25,8490.46,8259.43,8473.0,-21.98999999999978,-16.63000000000102,-197.54999999999927,8320.593333333332,8399.316666666666,8476.326666666668,8529.453333333333,8300.39,8322.38,8339.01,0.3333333333333333,2384.0,U,U,0.6666666666666666
26/06/2009,8468.54,8468.77,8401.36,8432.42,172.61000000000058,-21.98999999999978,-16.63000000000102,8365.256666666666,8320.593333333332,8399.316666666666,8476.326666666668,8473.0,8300.39,8322.38,0.39999999999999997,2385.0,D,U,0.6
29/06/2009,8440.13,8533.23,8429.09,8529.68,-40.57999999999993,172.61000000000058,-21.98999999999978,8401.936666666666,8365.256666666666,8320.593333333332,8399.316666666666,8432.42,8473.0,8300.39,0.39999999999999997,2386.0,U,U,0.6
30/06/2009,8528.93,8560.44,8393.95,8448.29,97.26000000000022,-40.57999999999993,172.61000000000058,8478.366666666667,8401.936666666666,8365.256666666666,8320.593333333332,8529.68,8432.42,8473.0,0.6666666666666666,2387.0,D,D,0.3333333333333333
01/07/2009,8447.53,8580.47,8447.53,8504.06,-81.38999999999942,97.26000000000022,-40.57999999999993,8470.13,8478.366666666667,8401.936666666666,8365.256666666666,8448.29,8529.68,8432.42,0.3333333333333333,2388.0,U,U,0.6666666666666666
02/07/2009,8430.45,8503.23,8289.88,8291.77,55.76999999999862,-81.38999999999942,97.26000000000022,8494.01,8470.13,8478.366666666667,8401.936666666666,8504.06,8448.29,8529.68,0.6666666666666666,2389.0,D,D,0.3333333333333333
06/07/2009,8279.3,8327.97,8205.99,8325.18,-212.28999999999905,55.76999999999862,-81.38999999999942,8414.706666666667,8494.01,8470.13,8478.366666666667,8291.77,8504.06,8448.29,0.26666666666666666,2390.0,U,U,0.7333333333333333
07/07/2009,8324.95,8326.31,8154.38,8162.39,33.409999999999854,-212.28999999999905,55.76999999999862,8373.67,8414.706666666667,8494.01,8470.13,8325.18,8291.77,8504.06,0.39999999999999997,2391.0,D,U,0.6
08/07/2009,8157.02,8219.52,8087.19,8178.86,-162.78999999999996,33.409999999999854,-212.28999999999905,8259.78,8373.67,8414.706666666667,8494.01,8162.39,8325.18,8291.77,0.26666666666666666,2392.0,U,U,0.7333333333333333
09/07/2009,8179.01,8228.67,8145.31,8182.87,16.469999999999345,-162.78999999999996,33.409999999999854,8222.143333333333,8259.78,8373.67,8414.706666666667,8178.86,8162.39,8325.18,0.4666666666666666,2393.0,U,U,0.5333333333333333
10/07/2009,8182.49,8183.85,8093.31,8145.01,4.010000000000218,16.469999999999345,-162.78999999999996,8174.706666666666,8222.143333333333,8259.78,8373.67,8182.87,8178.86,8162.39,0.4666666666666666,2394.0,D,U,0.5333333333333333
13/07/2009,8155.43,8330.47,8130.42,8330.47,-37.85999999999967,4.010000000000218,16.469999999999345,8168.913333333333,8174.706666666666,8222.143333333333,8259.78,8145.01,8182.87,8178.86,0.39999999999999997,2395.0,U,U,0.6
14/07/2009,8331.37,8361.23,8285.2,8359.34,185.45999999999913,-37.85999999999967,4.010000000000218,8219.449999999999,8168.913333333333,8174.706666666666,8222.143333333333,8330.47,8145.01,8182.87,0.39999999999999997,2396.0,U,U,0.6
15/07/2009,8363.95,8628.23,8363.95,8617.35,28.8700000000008,185.45999999999913,-37.85999999999967,8278.273333333333,8219.449999999999,8168.913333333333,8174.706666666666,8359.34,8330.47,8145.01,0.3333333333333333,2397.0,U,U,0.6666666666666666
16/07/2009,8612.66,8739.55,8584.4,8710.76,258.0100000000002,28.8700000000008,185.45999999999913,8435.72,8278.273333333333,8219.449999999999,8168.913333333333,8617.35,8359.34,8330.47,0.6,2398.0,U,D,0.39999999999999997
17/07/2009,8711.89,8754.29,8674.41,8744.62,93.40999999999985,258.0100000000002,28.8700000000008,8562.483333333335,8435.72,8278.273333333333,8219.449999999999,8710.76,8617.35,8359.34,0.5333333333333333,2399.0,U,D,0.4666666666666666
20/07/2009,8746.05,8854.8,8745.9,8848.08,33.86000000000058,93.40999999999985,258.0100000000002,8690.910000000002,8562.483333333335,8435.72,8278.273333333333,8744.62,8710.76,8617.35,0.6,2400.0,U,D,0.39999999999999997
21/07/2009,8848.15,8927.13,8811.27,8915.57,103.45999999999913,33.86000000000058,93.40999999999985,8767.82,8690.910000000002,8562.483333333335,8435.72,8848.08,8744.62,8710.76,0.4666666666666666,2401.0,U,U,0.5333333333333333
22/07/2009,8912.39,8949.8,8860.32,8880.73,67.48999999999978,103.45999999999913,33.86000000000058,8836.09,8767.82,8690.910000000002,8562.483333333335,8915.57,8848.08,8744.62,0.4666666666666666,2402.0,D,U,0.5333333333333333
23/07/2009,8882.31,9096.72,8866.44,9068.45,-34.840000000000146,67.48999999999978,103.45999999999913,8881.460000000001,8836.09,8767.82,8690.910000000002,8880.73,8915.57,8848.08,0.4666666666666666,2403.0,U,U,0.5333333333333333
24/07/2009,9066.11,9100.88,9007.39,9093.39,187.72000000000116,-34.840000000000146,67.48999999999978,8954.916666666666,8881.460000000001,8836.09,8767.82,9068.45,8880.73,8915.57,0.5333333333333333,2404.0,U,D,0.4666666666666666
27/07/2009,9093.09,9123.4,9034.52,9108.66,24.93999999999869,187.72000000000116,-34.840000000000146,9014.19,8954.916666666666,8881.460000000001,8836.09,9093.39,9068.45,8880.73,0.4666666666666666,2405.0,U,U,0.5333333333333333
28/07/2009,9106.92,9124.91,9007.47,9096.57,15.270000000000437,24.93999999999869,187.72000000000116,9090.166666666666,9014.19,8954.916666666666,8881.460000000001,9108.66,9093.39,9068.45,0.4666666666666666,2406.0,D,U,0.5333333333333333
29/07/2009,9093.09,9094.83,9014.19,9071.78,-12.090000000000146,15.270000000000437,24.93999999999869,9099.539999999999,9090.166666666666,9014.19,8954.916666666666,9096.57,9108.66,9093.39,0.4666666666666666,2407.0,D,U,0.5333333333333333
30/07/2009,9072.84,9246.43,9072.61,9152.57,-24.789999999999054,-12.090000000000146,15.270000000000437,9092.336666666668,9099.539999999999,9090.166666666666,9014.19,9071.78,9096.57,9108.66,0.26666666666666666,2408.0,U,U,0.7333333333333333
31/07/2009,9154.61,9218.77,9133.45,9167.23,80.78999999999905,-24.789999999999054,-12.090000000000146,9106.973333333333,9092.336666666668,9099.539999999999,9090.166666666666,9152.57,9071.78,9096.57,0.26666666666666666,2409.0,U,U,0.7333333333333333
03/08/2009,9173.65,9298.43,9173.65,9286.56,14.659999999999854,80.78999999999905,-24.789999999999054,9130.526666666667,9106.973333333333,9092.336666666668,9099.539999999999,9167.23,9152.57,9071.78,0.4666666666666666,2410.0,U,U,0.5333333333333333
04/08/2009,9285.05,9321.1,9250.74,9319.59,119.32999999999993,14.659999999999854,80.78999999999905,9202.12,9130.526666666667,9106.973333333333,9092.336666666668,9286.56,9167.23,9152.57,0.39999999999999997,2411.0,U,U,0.6
05/08/2009,9318.08,9318.08,9206.45,9280.82,33.030000000000655,119.32999999999993,14.659999999999854,9257.793333333333,9202.12,9130.526666666667,9106.973333333333,9319.59,9286.56,9167.23,0.6,2412.0,D,D,0.39999999999999997
06/08/2009,9277.19,9325.11,9208.8,9256.56,-38.77000000000044,33.030000000000655,119.32999999999993,9295.656666666668,9257.793333333333,9202.12,9130.526666666667,9280.82,9319.59,9286.56,0.3333333333333333,2413.0,D,U,0.6666666666666666
07/08/2009,9258.45,9437.71,9258.45,9369.85,-24.26000000000022,-38.77000000000044,33.030000000000655,9285.656666666668,9295.656666666668,9257.793333333333,9202.12,9256.56,9280.82,9319.59,0.39999999999999997,2414.0,U,U,0.6
10/08/2009,9368.41,9371.96,9290.34,9338.03,113.29000000000087,-24.26000000000022,-38.77000000000044,9302.409999999998,9285.656666666668,9295.656666666668,9257.793333333333,9369.85,9256.56,9280.82,0.3333333333333333,2415.0,D,U,0.6666666666666666
11/08/2009,9334.33,9334.33,9216.88,9241.22,-31.81999999999971,113.29000000000087,-24.26000000000022,9321.480000000001,9302.409999999998,9285.656666666668,9295.656666666668,9338.03,9369.85,9256.56,0.39999999999999997,2416.0,D,U,0.6
12/08/2009,9236.06,9424.11,9221.02,9360.17,-96.81000000000131,-31.81999999999971,113.29000000000087,9316.366666666667,9321.480000000001,9302.409999999998,9285.656666666668,9241.22,9338.03,9369.85,0.26666666666666666,2417.0,U,U,0.7333333333333333
13/08/2009,9362.29,9406.5,9305.31,9398.87,118.95000000000073,-96.81000000000131,-31.81999999999971,9313.14,9316.366666666667,9321.480000000001,9302.409999999998,9360.17,9241.22,9338.03,0.26666666666666666,2418.0,U,U,0.7333333333333333
14/08/2009,9398.04,9401.97,9232.83,9321.33,38.70000000000073,118.95000000000073,-96.81000000000131,9333.42,9313.14,9316.366666666667,9321.480000000001,9398.87,9360.17,9241.22,0.39999999999999997,2419.0,D,U,0.6
17/08/2009,9313.85,9313.85,9116.52,9135.79,-77.54000000000087,38.70000000000073,118.95000000000073,9360.123333333335,9333.42,9313.14,9316.366666666667,9321.33,9398.87,9360.17,0.39999999999999997,2420.0,D,U,0.6
18/08/2009,9134.36,9233.51,9134.36,9216.73,-185.53999999999905,-77.54000000000087,38.70000000000073,9285.33,9360.123333333335,9333.42,9313.14,9135.79,9321.33,9398.87,0.39999999999999997,2421.0,U,U,0.6
19/08/2009,9208.68,9313.09,9131.94,9279.61,80.93999999999869,-185.53999999999905,-77.54000000000087,9224.616666666667,9285.33,9360.123333333335,9333.42,9216.73,9135.79,9321.33,0.39999999999999997,2422.0,U,U,0.6
20/08/2009,9278.55,9363.95,9267.97,9349.52,62.88000000000102,80.93999999999869,-185.53999999999905,9210.710000000001,9224.616666666667,9285.33,9360.123333333335,9279.61,9216.73,9135.79,0.5333333333333333,2423.0,U,D,0.4666666666666666
21/08/2009,9361.23,9519.11,9347.25,9503.69,69.90999999999985,62.88000000000102,80.93999999999869,9281.953333333333,9210.710000000001,9224.616666666667,9285.33,9349.52,9279.61,9216.73,0.39999999999999997,2424.0,U,U,0.6
24/08/2009,9506.18,9587.73,9486.23,9508.98,154.17000000000007,69.90999999999985,62.88000000000102,9377.606666666667,9281.953333333333,9210.710000000001,9224.616666666667,9503.69,9349.52,9279.61,0.39999999999999997,2425.0,U,U,0.6
25/08/2009,9509.21,9620.0,9508.98,9539.51,5.289999999999054,154.17000000000007,69.90999999999985,9454.063333333334,9377.606666666667,9281.953333333333,9210.710000000001,9508.98,9503.69,9349.52,0.2,2426.0,U,U,0.7999999999999999
26/08/2009,9538.61,9582.97,9485.78,9544.43,30.530000000000655,5.289999999999054,154.17000000000007,9517.393333333333,9454.063333333334,9377.606666666667,9281.953333333333,9539.51,9508.98,9503.69,0.3333333333333333,2427.0,U,U,0.6666666666666666
27/08/2009,9541.63,9609.72,9459.4,9581.0,4.920000000000073,30.530000000000655,5.289999999999054,9530.973333333333,9517.393333333333,9454.063333333334,9377.606666666667,9544.43,9539.51,9508.98,0.4666666666666666,2428.0,U,U,0.5333333333333333
28/08/2009,9582.74,9630.2,9495.98,9544.73,36.56999999999971,4.920000000000073,30.530000000000655,9554.980000000001,9530.973333333333,9517.393333333333,9454.063333333334,9581.0,9544.43,9539.51,0.6,2429.0,D,D,0.39999999999999997
31/08/2009,9542.91,9543.06,9436.13,9496.66,-36.27000000000044,36.56999999999971,4.920000000000073,9556.72,9554.980000000001,9530.973333333333,9517.393333333333,9544.73,9581.0,9544.43,0.5333333333333333,2430.0,D,D,0.4666666666666666
01/09/2009,9492.32,9557.95,9292.08,9310.22,-48.06999999999971,-36.27000000000044,36.56999999999971,9540.796666666667,9556.72,9554.980000000001,9530.973333333333,9496.66,9544.73,9581.0,0.4666666666666666,2431.0,D,U,0.5333333333333333
02/09/2009,9306.21,9330.93,9262.3,9280.74,-186.4400000000005,-48.06999999999971,-36.27000000000044,9450.536666666667,9540.796666666667,9556.72,9554.980000000001,9310.22,9496.66,9544.73,0.4666666666666666,2432.0,D,U,0.5333333333333333
03/09/2009,9282.03,9350.27,9252.93,9342.41,-29.479999999999563,-186.4400000000005,-48.06999999999971,9362.539999999999,9450.536666666667,9540.796666666667,9556.72,9280.74,9310.22,9496.66,0.4666666666666666,2433.0,U,U,0.5333333333333333
04/09/2009,9345.36,9445.72,9321.63,9440.06,61.67000000000007,-29.479999999999563,-186.4400000000005,9311.123333333333,9362.539999999999,9450.536666666667,9540.796666666667,9342.41,9280.74,9310.22,0.3333333333333333,2434.0,U,U,0.6666666666666666
08/09/2009,9440.13,9511.02,9439.98,9497.42,97.64999999999964,61.67000000000007,-29.479999999999563,9354.403333333334,9311.123333333333,9362.539999999999,9450.536666666667,9440.06,9342.41,9280.74,0.4666666666666666,2435.0,U,U,0.5333333333333333
09/09/2009,9491.98,9577.22,9476.18,9546.31,57.36000000000058,97.64999999999964,61.67000000000007,9426.63,9354.403333333334,9311.123333333333,9362.539999999999,9497.42,9440.06,9342.41,0.2,2436.0,U,U,0.7999999999999999
10/09/2009,9546.54,9633.0,9508.22,9625.59,48.88999999999942,57.36000000000058,97.64999999999964,9494.596666666666,9426.63,9354.403333333334,9311.123333333333,9546.31,9497.42,9440.06,0.26666666666666666,2437.0,U,U,0.7333333333333333
11/09/2009,9625.44,9649.85,9571.56,9605.94,79.28000000000065,48.88999999999942,57.36000000000058,9556.44,9494.596666666666,9426.63,9354.403333333334,9625.59,9546.31,9497.42,0.39999999999999997,2438.0,D,U,0.6
14/09/2009,9598.08,9631.11,9535.96,9625.29,-19.649999999999636,79.28000000000065,48.88999999999942,9592.613333333335,9556.44,9494.596666666666,9426.63,9605.94,9625.59,9546.31,0.4666666666666666,2439.0,U,U,0.5333333333333333
15/09/2009,9626.42,9713.71,9580.93,9682.95,19.350000000000364,-19.649999999999636,79.28000000000065,9618.94,9592.613333333335,9556.44,9494.596666666666,9625.29,9605.94,9625.59,0.6,2440.0,U,D,0.39999999999999997
16/09/2009,9683.71,9799.72,9679.18,9791.71,57.659999999999854,19.350000000000364,-19.649999999999636,9638.060000000001,9618.94,9592.613333333335,9556.44,9682.95,9625.29,9605.94,0.3333333333333333,2441.0,U,U,0.6666666666666666
17/09/2009,9789.82,9854.58,9749.46,9785.28,108.7599999999984,57.659999999999854,19.350000000000364,9699.983333333334,9638.060000000001,9618.94,9592.613333333335,9791.71,9682.95,9625.29,0.26666666666666666,2442.0,D,U,0.7333333333333333
18/09/2009,9784.75,9847.71,9784.68,9815.81,-6.429999999998472,108.7599999999984,57.659999999999854,9753.313333333334,9699.983333333334,9638.060000000001,9618.94,9785.28,9791.71,9682.95,0.3333333333333333,2443.0,U,U,0.6666666666666666
21/09/2009,9818.61,9818.69,9725.88,9778.86,30.529999999998836,-6.429999999998472,108.7599999999984,9797.599999999999,9753.313333333334,9699.983333333334,9638.060000000001,9815.81,9785.28,9791.71,0.5333333333333333,2444.0,D,D,0.4666666666666666
22/09/2009,9779.61,9843.4,9771.91,9829.12,-36.94999999999891,30.529999999998836,-6.429999999998472,9793.316666666668,9797.599999999999,9753.313333333334,9699.983333333334,9778.86,9815.81,9785.28,0.6666666666666666,2445.0,U,D,0.3333333333333333
23/09/2009,9833.88,9917.99,9740.84,9749.16,50.26000000000022,-36.94999999999891,30.529999999998836,9807.93,9793.316666666668,9797.599999999999,9753.313333333334,9829.12,9778.86,9815.81,0.6,2446.0,D,D,0.39999999999999997
24/09/2009,9749.99,9805.39,9666.03,9705.17,-79.96000000000095,50.26000000000022,-36.94999999999891,9785.713333333335,9807.93,9793.316666666668,9797.599999999999,9749.16,9829.12,9778.86,0.6666666666666666,2447.0,D,D,0.3333333333333333
25/09/2009,9706.68,9735.93,9641.01,9666.55,-43.98999999999978,-79.96000000000095,50.26000000000022,9761.15,9785.713333333335,9807.93,9793.316666666668,9705.17,9749.16,9829.12,0.5333333333333333,2448.0,D,D,0.4666666666666666
28/09/2009,9663.23,9823.67,9663.23,9788.99,-38.6200000000008,-43.98999999999978,-79.96000000000095,9706.960000000001,9761.15,9785.713333333335,9807.93,9666.55,9705.17,9749.16,0.4666666666666666,2449.0,U,U,0.5333333333333333
29/09/2009,9789.74,9834.48,9739.11,9743.11,122.44000000000051,-38.6200000000008,-43.98999999999978,9720.236666666666,9706.960000000001,9761.15,9785.713333333335,9788.99,9666.55,9705.17,0.3333333333333333,2450.0,D,U,0.6666666666666666
30/09/2009,9741.83,9776.82,9608.59,9708.04,-45.8799999999992,122.44000000000051,-38.6200000000008,9732.883333333333,9720.236666666666,9706.960000000001,9761.15,9743.11,9788.99,9666.55,0.4666666666666666,2451.0,D,U,0.5333333333333333
01/10/2009,9711.6,9711.67,9500.37,9507.17,-35.06999999999971,-45.8799999999992,122.44000000000051,9746.713333333333,9732.883333333333,9720.236666666666,9706.960000000001,9708.04,9743.11,9788.99,0.39999999999999997,2452.0,D,U,0.6
02/10/2009,9507.62,9524.78,9430.08,9486.61,-200.8700000000008,-35.06999999999971,-45.8799999999992,9652.773333333333,9746.713333333333,9732.883333333333,9720.236666666666,9507.17,9708.04,9743.11,0.2,2453.0,D,U,0.7999999999999999
05/10/2009,9488.73,9625.06,9481.09,9599.67,-20.55999999999949,-200.8700000000008,-35.06999999999971,9567.273333333333,9652.773333333333,9746.713333333333,9732.883333333333,9486.61,9507.17,9708.04,0.39999999999999997,2454.0,U,U,0.6
06/10/2009,9601.26,9774.32,9601.26,9731.1,113.05999999999949,-20.55999999999949,-200.8700000000008,9531.15,9567.273333333333,9652.773333333333,9746.713333333333,9599.67,9486.61,9507.17,0.3333333333333333,2455.0,U,U,0.6666666666666666
07/10/2009,9725.69,9740.32,9675.62,9725.28,131.4300000000003,113.05999999999949,-20.55999999999949,9605.793333333333,9531.15,9567.273333333333,9652.773333333333,9731.1,9599.67,9486.61,0.26666666666666666,2456.0,D,U,0.7333333333333333
08/10/2009,9728.22,9836.67,9728.07,9785.51,-5.819999999999709,131.4300000000003,113.05999999999949,9685.35,9605.793333333333,9531.15,9567.273333333333,9725.28,9731.1,9599.67,0.26666666666666666,2457.0,U,U,0.7333333333333333
09/10/2009,9786.04,9865.01,9764.88,9864.71,60.22999999999956,-5.819999999999709,131.4300000000003,9747.296666666667,9685.35,9605.793333333333,9531.15,9785.51,9725.28,9731.1,0.39999999999999997,2458.0,U,U,0.6
12/10/2009,9879.37,9931.82,9849.37,9885.27,79.19999999999891,60.22999999999956,-5.819999999999709,9791.833333333334,9747.296666666667,9685.35,9605.793333333333,9864.71,9785.51,9725.28,0.4666666666666666,2459.0,U,U,0.5333333333333333
13/10/2009,9883.98,9895.09,9815.06,9872.42,20.56000000000131,79.19999999999891,60.22999999999956,9845.163333333334,9791.833333333334,9747.296666666667,9685.35,9885.27,9864.71,9785.51,0.5333333333333333,2460.0,D,D,0.4666666666666666
14/10/2009,9873.55,10027.73,9873.48,10015.94,-12.850000000000364,20.56000000000131,79.19999999999891,9874.133333333333,9845.163333333334,9791.833333333334,9747.296666666667,9872.42,9885.27,9864.71,0.6,2461.0,U,D,0.39999999999999997
15/10/2009,10014.88,10062.42,9977.47,10061.28,143.52000000000044,-12.850000000000364,20.56000000000131,9924.543333333335,9874.133333333333,9845.163333333334,9791.833333333334,10015.94,9872.42,9885.27,0.39999999999999997,2462.0,U,U,0.6
16/10/2009,10061.36,10061.66,9939.91,9996.36,45.340000000000146,143.52000000000044,-12.850000000000364,9983.213333333333,9924.543333333335,9874.133333333333,9845.163333333334,10061.28,10015.94,9872.42,0.6,2463.0,D,D,0.39999999999999997
19/10/2009,9996.67,10117.96,9995.15,10090.76,-64.92000000000007,45.340000000000146,143.52000000000044,10024.526666666667,9983.213333333333,9924.543333333335,9874.133333333333,9996.36,10061.28,10015.94,0.5333333333333333,2464.0,U,D,0.4666666666666666
20/10/2009,10092.42,10098.39,9992.81,10040.88,94.39999999999964,-64.92000000000007,45.340000000000146,10049.466666666667,10024.526666666667,9983.213333333333,9924.543333333335,10090.76,9996.36,10061.28,0.6,2465.0,D,D,0.39999999999999997
21/10/2009,10038.84,10119.47,9943.76,9949.43,-49.88000000000102,94.39999999999964,-64.92000000000007,10042.666666666666,10049.466666666667,10024.526666666667,9983.213333333333,10040.88,10090.76,9996.36,0.26666666666666666,2466.0,D,U,0.7333333333333333
22/10/2009,9946.18,10105.19,9916.78,10079.8,-91.44999999999891,-49.88000000000102,94.39999999999964,10027.023333333333,10042.666666666666,10049.466666666667,10024.526666666667,9949.43,10040.88,10090.76,0.3333333333333333,2467.0,U,U,0.6666666666666666
23/10/2009,10099.9,10109.57,9932.5,9972.93,130.36999999999898,-91.44999999999891,-49.88000000000102,10023.369999999999,10027.023333333333,10042.666666666666,10049.466666666667,10079.8,9949.43,10040.88,0.39999999999999997,2468.0,D,U,0.6
26/10/2009,9972.33,10072.32,9849.45,9867.66,-106.86999999999898,130.36999999999898,-91.44999999999891,10000.72,10023.369999999999,10027.023333333333,10042.666666666666,9972.93,10079.8,9949.43,0.39999999999999997,2469.0,D,U,0.6
27/10/2009,9868.34,9947.54,9837.96,9881.87,-105.27000000000044,-106.86999999999898,130.36999999999898,9973.463333333333,10000.72,10023.369999999999,10027.023333333333,9867.66,9972.93,10079.8,0.26666666666666666,2470.0,U,U,0.7333333333333333
28/10/2009,9881.19,9902.42,9758.08,9761.33,14.210000000000946,-105.27000000000044,-106.86999999999898,9907.486666666666,9973.463333333333,10000.72,10023.369999999999,9881.87,9867.66,9972.93,0.6,2471.0,D,D,0.39999999999999997
29/10/2009,9809.69,9969.91,9759.13,9958.95,-120.54000000000087,14.210000000000946,-105.27000000000044,9836.953333333333,9907.486666666666,9973.463333333333,10000.72,9761.33,9881.87,9867.66,0.5333333333333333,2472.0,U,D,0.4666666666666666
30/10/2009,9960.24,9962.13,9684.54,9710.54,197.6200000000008,-120.54000000000087,14.210000000000946,9867.383333333333,9836.953333333333,9907.486666666666,9973.463333333333,9958.95,9761.33,9881.87,0.26666666666666666,2473.0,D,U,0.7333333333333333
02/11/2009,9712.13,9858.59,9678.95,9787.93,-248.40999999999985,197.6200000000008,-120.54000000000087,9810.273333333333,9867.383333333333,9836.953333333333,9907.486666666666,9710.54,9958.95,9761.33,0.5333333333333333,2474.0,U,D,0.4666666666666666
03/11/2009,9787.47,9787.47,9703.89,9771.53,77.38999999999942,-248.40999999999985,197.6200000000008,9819.140000000001,9810.273333333333,9867.383333333333,9836.953333333333,9787.93,9710.54,9958.95,0.3333333333333333,2475.0,D,U,0.6666666666666666
04/11/2009,9767.3,9928.04,9767.14,9802.51,-16.399999999999636,77.38999999999942,-248.40999999999985,9756.666666666666,9819.140000000001,9810.273333333333,9867.383333333333,9771.53,9787.93,9710.54,0.5333333333333333,2476.0,U,D,0.4666666666666666
05/11/2009,9807.8,10013.07,9807.8,10006.79,30.979999999999563,-16.399999999999636,77.38999999999942,9787.323333333334,9756.666666666666,9819.140000000001,9810.273333333333,9802.51,9771.53,9787.93,0.6666666666666666,2477.0,U,D,0.3333333333333333
06/11/2009,10001.35,10044.5,9936.81,10023.87,204.28000000000065,30.979999999999563,-16.399999999999636,9860.276666666667,9787.323333333334,9756.666666666666,9819.140000000001,10006.79,9802.51,9771.53,0.39999999999999997,2478.0,U,U,0.6
09/11/2009,10020.62,10228.23,10020.62,10227.62,17.079999999999927,204.28000000000065,30.979999999999563,9944.390000000001,9860.276666666667,9787.323333333334,9756.666666666666,10023.87,10006.79,9802.51,0.4666666666666666,2479.0,U,U,0.5333333333333333
10/11/2009,10223.01,10260.8,10197.69,10247.72,203.75,17.079999999999927,204.28000000000065,10086.093333333336,9944.390000000001,9860.276666666667,9787.323333333334,10227.62,10023.87,10006.79,0.5333333333333333,2480.0,U,D,0.4666666666666666
11/11/2009,10247.42,10341.97,10246.14,10291.1,20.099999999998545,203.75,17.079999999999927,10166.403333333334,10086.093333333336,9944.390000000001,9860.276666666667,10247.72,10227.62,10023.87,0.13333333333333333,2481.0,U,U,0.8666666666666666
12/11/2009,10289.82,10321.64,10171.24,10196.94,43.38000000000102,20.099999999998545,203.75,10255.480000000001,10166.403333333334,10086.093333333336,9944.390000000001,10291.1,10247.72,10227.62,0.3333333333333333,2482.0,D,U,0.6666666666666666
13/11/2009,10197.85,10305.69,10192.03,10269.79,-94.15999999999985,43.38000000000102,20.099999999998545,10245.253333333334,10255.480000000001,10166.403333333334,10086.093333333336,10196.94,10291.1,10247.72,0.6,2483.0,U,D,0.39999999999999997
16/11/2009,10267.53,10434.24,10267.45,10407.19,72.85000000000036,-94.15999999999985,43.38000000000102,10252.61,10245.253333333334,10255.480000000001,10166.403333333334,10269.79,10196.94,10291.1,0.5333333333333333,2484.0,U,D,0.4666666666666666
17/11/2009,10404.77,10438.17,10361.99,10437.27,137.39999999999964,72.85000000000036,-94.15999999999985,10291.30666666667,10252.61,10245.253333333334,10255.480000000001,10407.19,10269.79,10196.94,0.5333333333333333,2485.0,U,D,0.4666666666666666
18/11/2009,10426.27,10432.66,10360.1,10425.1,30.079999999999927,137.39999999999964,72.85000000000036,10371.416666666668,10291.30666666667,10252.61,10245.253333333334,10437.27,10407.19,10269.79,0.7333333333333333,2486.0,D,D,0.26666666666666666
19/11/2009,10425.33,10425.33,10256.11,10333.65,-12.170000000000073,30.079999999999927,137.39999999999964,10423.186666666666,10371.416666666668,10291.30666666667,10252.61,10425.1,10437.27,10407.19,0.39999999999999997,2487.0,D,U,0.6
20/11/2009,10323.45,10342.72,10271.68,10318.16,-91.45000000000073,-12.170000000000073,30.079999999999927,10398.673333333334,10423.186666666666,10371.416666666668,10291.30666666667,10333.65,10425.1,10437.27,0.39999999999999997,2488.0,D,U,0.6
23/11/2009,10320.13,10495.61,10320.05,10450.64,-15.489999999999782,-91.45000000000073,-12.170000000000073,10358.97,10398.673333333334,10423.186666666666,10371.416666666668,10318.16,10333.65,10425.1,0.39999999999999997,2489.0,U,U,0.6
24/11/2009,10451.25,10453.97,10359.58,10433.79,132.47999999999956,-15.489999999999782,-91.45000000000073,10367.483333333332,10358.97,10398.673333333334,10423.186666666666,10450.64,10318.16,10333.65,0.4666666666666666,2490.0,D,U,0.5333333333333333
25/11/2009,10432.96,10481.48,10420.94,10463.04,-16.849999999998545,132.47999999999956,-15.489999999999782,10400.863333333333,10367.483333333332,10358.97,10398.673333333334,10433.79,10450.64,10318.16,0.7999999999999999,2491.0,U,D,0.2
27/11/2009,10452.23,10452.23,10231.25,10309.92,29.25,-16.849999999998545,132.47999999999956,10449.156666666668,10400.863333333333,10367.483333333332,10358.97,10463.04,10433.79,10450.64,0.5333333333333333,2492.0,D,D,0.4666666666666666
30/11/2009,10309.77,10364.34,10263.29,10345.59,-153.1200000000008,29.25,-16.849999999998545,10402.25,10449.156666666668,10400.863333333333,10367.483333333332,10309.92,10463.04,10433.79,0.3333333333333333,2493.0,U,U,0.6666666666666666
01/12/2009,10343.82,10501.28,10343.44,10471.35,35.67000000000007,-153.1200000000008,29.25,10372.85,10402.25,10449.156666666668,10400.863333333333,10345.59,10309.92,10463.04,0.39999999999999997,2494.0,U,U,0.6
02/12/2009,10470.44,10513.52,10421.47,10451.4,125.76000000000022,35.67000000000007,-153.1200000000008,10375.62,10372.85,10402.25,10449.156666666668,10471.35,10345.59,10309.92,0.5333333333333333,2495.0,D,D,0.4666666666666666
03/12/2009,10455.63,10507.63,10350.05,10365.55,-19.950000000000728,125.76000000000022,35.67000000000007,10422.78,10375.62,10372.85,10402.25,10451.4,10471.35,10345.59,0.7333333333333333,2496.0,D,D,0.26666666666666666
04/12/2009,10399.93,10516.7,10311.81,10387.99,-85.85000000000036,-19.950000000000728,125.76000000000022,10429.433333333332,10422.78,10375.62,10372.85,10365.55,10451.4,10471.35,0.6,2497.0,D,D,0.39999999999999997
07/12/2009,10386.86,10443.16,10360.18,10390.11,22.44000000000051,-85.85000000000036,-19.950000000000728,10401.646666666666,10429.433333333332,10422.78,10375.62,10387.99,10365.55,10451.4,0.3333333333333333,2498.0,U,U,0.6666666666666666
08/12/2009,10320.88,10385.65,10249.84,10285.29,2.1200000000008004,22.44000000000051,-85.85000000000036,10381.216666666667,10401.646666666666,10429.433333333332,10422.78,10390.11,10387.99,10365.55,0.39999999999999997,2499.0,D,U,0.6
09/12/2009,10282.85,10342.27,10235.63,10336.98,-104.81999999999971,2.1200000000008004,22.44000000000051,10354.463333333333,10381.216666666667,10401.646666666666,10429.433333333332,10285.29,10390.11,10387.99,0.2,2500.0,U,U,0.7999999999999999
10/12/2009,10336.0,10444.6,10335.77,10404.24,51.68999999999869,-104.81999999999971,2.1200000000008004,10337.460000000001,10354.463333333333,10381.216666666667,10401.646666666666,10336.98,10285.29,10390.11,0.4666666666666666,2501.0,U,U,0.5333333333333333
11/12/2009,10403.41,10484.05,10400.08,10472.11,67.26000000000022,51.68999999999869,-104.81999999999971,10342.17,10337.460000000001,10354.463333333333,10381.216666666667,10404.24,10336.98,10285.29,0.4666666666666666,2502.0,U,U,0.5333333333333333
14/12/2009,10514.66,10514.66,10471.28,10501.43,67.8700000000008,67.26000000000022,51.68999999999869,10404.443333333335,10342.17,10337.460000000001,10354.463333333333,10472.11,10404.24,10336.98,0.7333333333333333,2503.0,D,D,0.26666666666666666
15/12/2009,10499.31,10499.31,10426.69,10452.53,29.31999999999971,67.8700000000008,67.26000000000022,10459.26,10404.443333333335,10342.17,10337.460000000001,10501.43,10472.11,10404.24,0.5333333333333333,2504.0,D,D,0.4666666666666666
16/12/2009,10449.81,10509.97,10427.59,10443.77,-48.899999999999636,29.31999999999971,67.8700000000008,10475.356666666667,10459.26,10404.443333333335,10342.17,10452.53,10501.43,10472.11,0.4666666666666666,2505.0,D,U,0.5333333333333333
17/12/2009,10439.99,10440.06,10308.64,10309.17,-8.760000000000218,-48.899999999999636,29.31999999999971,10465.91,10475.356666666667,10459.26,10404.443333333335,10443.77,10452.53,10501.43,0.3333333333333333,2506.0,D,U,0.6666666666666666
18/12/2009,10309.39,10372.35,10263.9,10336.53,-134.60000000000036,-8.760000000000218,-48.899999999999636,10401.823333333334,10465.91,10475.356666666667,10459.26,10309.17,10443.77,10452.53,0.3333333333333333,2507.0,U,U,0.6666666666666666
21/12/2009,10330.1,10458.05,10329.8,10414.14,27.360000000000582,-134.60000000000036,-8.760000000000218,10363.156666666668,10401.823333333334,10465.91,10475.356666666667,10336.53,10309.17,10443.77,0.26666666666666666,2508.0,U,U,0.7333333333333333
22/12/2009,10414.67,10479.82,10414.59,10464.78,77.60999999999876,27.360000000000582,-134.60000000000036,10353.28,10363.156666666668,10401.823333333334,10465.91,10414.14,10336.53,10309.17,0.4666666666666666,2509.0,U,U,0.5333333333333333
23/12/2009,10466.51,10492.06,10437.8,10466.29,50.64000000000124,77.60999999999876,27.360000000000582,10405.15,10353.28,10363.156666666668,10401.823333333334,10464.78,10414.14,10336.53,0.7999999999999999,2510.0,D,D,0.2
24/12/2009,10467.12,10522.06,10461.68,10520.1,1.5100000000002183,50.64000000000124,77.60999999999876,10448.403333333334,10405.15,10353.28,10363.156666666668,10466.29,10464.78,10414.14,0.6,2511.0,U,D,0.39999999999999997
28/12/2009,10517.91,10551.61,10506.34,10547.08,53.80999999999949,1.5100000000002183,50.64000000000124,10483.723333333333,10448.403333333334,10405.15,10353.28,10520.1,10466.29,10464.78,0.5333333333333333,2512.0,U,D,0.4666666666666666
29/12/2009,10547.91,10580.33,10544.28,10545.64,26.979999999999563,53.80999999999949,1.5100000000002183,10511.156666666668,10483.723333333333,10448.403333333334,10405.15,10547.08,10520.1,10466.29,0.39999999999999997,2513.0,D,U,0.6
30/12/2009,10544.36,10550.7,10505.66,10547.23,-1.4400000000005093,26.979999999999563,53.80999999999949,10537.606666666667,10511.156666666668,10483.723333333333,10448.403333333334,10545.64,10547.08,10520.1,0.39999999999999997,2514.0,U,U,0.6
31/12/2009,10548.51,10555.01,10423.13,10426.76,1.5900000000001455,-1.4400000000005093,26.979999999999563,10546.65,10537.606666666667,10511.156666666668,10483.723333333333,10547.23,10545.64,10547.08,0.3333333333333333,2515.0,D,U,0.6666666666666666
04/01/2010,10430.69,10604.97,10430.69,10583.73,-120.46999999999935,1.5900000000001455,-1.4400000000005093,10506.543333333333,10546.65,10537.606666666667,10511.156666666668,10426.76,10547.23,10545.64,0.2,2516.0,U,U,0.7999999999999999
05/01/2010,10584.56,10584.56,10522.52,10571.56,156.96999999999935,-120.46999999999935,1.5900000000001455,10519.24,10506.543333333333,10546.65,10537.606666666667,10583.73,10426.76,10547.23,0.4666666666666666,2517.0,D,U,0.5333333333333333
06/01/2010,10564.72,10594.99,10546.55,10573.3,-12.170000000000073,156.96999999999935,-120.46999999999935,10527.349999999999,10519.24,10506.543333333333,10546.65,10571.56,10583.73,10426.76,0.6,2518.0,U,D,0.39999999999999997
07/01/2010,10571.11,10612.37,10505.21,10606.4,1.7399999999997817,-12.170000000000073,156.96999999999935,10576.196666666667,10527.349999999999,10519.24,10506.543333333333,10573.3,10571.56,10583.73,0.39999999999999997,2519.0,U,U,0.6
08/01/2010,10568.46,10619.4,10554.33,10617.51,33.100000000000364,1.7399999999997817,-12.170000000000073,10583.753333333334,10576.196666666667,10527.349999999999,10519.24,10606.4,10573.3,10571.56,0.3333333333333333,2520.0,U,U,0.6666666666666666
11/01/2010,10620.31,10676.23,10591.59,10664.44,11.110000000000582,33.100000000000364,1.7399999999997817,10599.07,10583.753333333334,10576.196666666667,10527.349999999999,10617.51,10606.4,10573.3,0.5333333333333333,2521.0,U,D,0.4666666666666666
12/01/2010,10662.86,10663.08,10568.84,10626.05,46.93000000000029,11.110000000000582,33.100000000000364,10629.449999999999,10599.07,10583.753333333334,10576.196666666667,10664.44,10617.51,10606.4,0.6,2522.0,D,D,0.39999999999999997
13/01/2010,10628.09,10709.26,10614.49,10681.52,-38.39000000000124,46.93000000000029,11.110000000000582,10636.0,10629.449999999999,10599.07,10583.753333333334,10626.05,10664.44,10617.51,0.39999999999999997,2523.0,U,U,0.6
14/01/2010,10680.16,10723.77,10666.86,10710.62,55.470000000001164,-38.39000000000124,46.93000000000029,10657.336666666666,10636.0,10629.449999999999,10599.07,10681.52,10626.05,10664.44,0.5333333333333333,2524.0,U,D,0.4666666666666666
15/01/2010,10706.99,10709.94,10561.06,10609.88,29.100000000000364,55.470000000001164,-38.39000000000124,10672.730000000001,10657.336666666666,10636.0,10629.449999999999,10710.62,10681.52,10626.05,0.7333333333333333,2525.0,D,D,0.26666666666666666
19/01/2010,10608.37,10729.89,10591.97,10725.28,-100.7400000000016,29.100000000000364,55.470000000001164,10667.339999999998,10672.730000000001,10657.336666666666,10636.0,10609.88,10710.62,10681.52,0.39999999999999997,2526.0,U,U,0.6
20/01/2010,10719.69,10719.92,10517.3,10603.08,115.40000000000146,-100.7400000000016,29.100000000000364,10681.926666666666,10667.339999999998,10672.730000000001,10657.336666666666,10725.28,10609.88,10710.62,0.4666666666666666,2527.0,D,U,0.5333333333333333
21/01/2010,10603.91,10614.94,10374.69,10386.63,-122.20000000000073,115.40000000000146,-100.7400000000016,10646.08,10681.926666666666,10667.339999999998,10672.730000000001,10603.08,10725.28,10609.88,0.6,2528.0,D,D,0.39999999999999997
22/01/2010,10389.58,10389.58,10157.64,10169.96,-216.45000000000073,-122.20000000000073,115.40000000000146,10571.663333333332,10646.08,10681.926666666666,10667.339999999998,10386.63,10603.08,10725.28,0.6666666666666666,2529.0,D,D,0.3333333333333333
25/01/2010,10175.1,10256.87,10171.77,10197.01,-216.67000000000007,-216.45000000000073,-122.20000000000073,10386.556666666665,10571.663333333332,10646.08,10681.926666666666,10169.96,10386.63,10603.08,0.39999999999999997,2530.0,U,U,0.6
26/01/2010,10195.35,10285.13,10155.6,10192.25,27.05000000000109,-216.67000000000007,-216.45000000000073,10251.199999999999,10386.556666666665,10571.663333333332,10646.08,10197.01,10169.96,10386.63,0.4666666666666666,2531.0,D,U,0.5333333333333333
27/01/2010,10194.29,10255.06,10104.36,10236.09,-4.760000000000218,27.05000000000109,-216.67000000000007,10186.406666666668,10251.199999999999,10386.556666666665,10571.663333333332,10192.25,10197.01,10169.96,0.6666666666666666,2532.0,U,D,0.3333333333333333
28/01/2010,10236.92,10258.83,10055.08,10119.17,43.840000000000146,-4.760000000000218,27.05000000000109,10208.45,10186.406666666668,10251.199999999999,10386.556666666665,10236.09,10192.25,10197.01,0.6,2533.0,D,D,0.39999999999999997
29/01/2010,10150.76,10239.34,10043.75,10063.7,-116.92000000000007,43.840000000000146,-4.760000000000218,10182.503333333334,10208.45,10186.406666666668,10251.199999999999,10119.17,10236.09,10192.25,0.5333333333333333,2534.0,D,D,0.4666666666666666
01/02/2010,10113.43,10190.89,10068.91,10186.58,-55.469999999999345,-116.92000000000007,43.840000000000146,10139.653333333334,10182.503333333334,10208.45,10186.406666666668,10063.7,10119.17,10236.09,0.6666666666666666,2535.0,U,D,0.3333333333333333
02/02/2010,10190.14,10314.84,10173.59,10296.85,122.8799999999992,-55.469999999999345,-116.92000000000007,10123.150000000001,10139.653333333334,10182.503333333334,10208.45,10186.58,10063.7,10119.17,0.5333333333333333,2536.0,U,D,0.4666666666666666
03/02/2010,10262.39,10307.2,10231.93,10270.1,110.27000000000044,122.8799999999992,-55.469999999999345,10182.376666666665,10123.150000000001,10139.653333333334,10182.503333333334,10296.85,10186.58,10063.7,0.4666666666666666,2537.0,U,U,0.5333333333333333
04/02/2010,10273.12,10273.12,9998.03,9999.91,-26.75,110.27000000000044,122.8799999999992,10251.176666666666,10182.376666666665,10123.150000000001,10139.653333333334,10270.1,10296.85,10186.58,0.39999999999999997,2538.0,D,U,0.6
05/02/2010,10003.69,10031.96,9835.09,10012.84,-270.1900000000005,-26.75,110.27000000000044,10188.953333333333,10251.176666666666,10182.376666666665,10123.150000000001,9999.91,10270.1,10296.85,0.6666666666666666,2539.0,U,D,0.3333333333333333
08/02/2010,10005.51,10028.56,9904.09,9908.39,12.930000000000291,-270.1900000000005,-26.75,10094.283333333335,10188.953333333333,10251.176666666666,10182.376666666665,10012.84,9999.91,10270.1,0.4666666666666666,2540.0,D,U,0.5333333333333333
09/02/2010,9910.28,10139.43,9910.06,10058.33,-104.45000000000073,12.930000000000291,-270.1900000000005,9973.713333333333,10094.283333333335,10188.953333333333,10251.176666666666,9908.39,10012.84,9999.91,0.39999999999999997,2541.0,U,U,0.6
10/02/2010,10055.46,10085.54,9962.96,10038.08,149.9400000000005,-104.45000000000073,12.930000000000291,9993.186666666666,9973.713333333333,10094.283333333335,10188.953333333333,10058.33,9908.39,10012.84,0.6,2542.0,D,D,0.39999999999999997
11/02/2010,10037.85,10161.57,9976.71,10145.32,-20.25,149.9400000000005,-104.45000000000073,10001.6,9993.186666666666,9973.713333333333,10094.283333333335,10038.08,10058.33,9908.39,0.4666666666666666,2543.0,U,U,0.5333333333333333
12/02/2010,10137.23,10137.39,9983.82,10104.74,107.23999999999978,-20.25,149.9400000000005,10080.576666666666,10001.6,9993.186666666666,9973.713333333333,10145.32,10038.08,10058.33,0.39999999999999997,2544.0,D,U,0.6
16/02/2010,10100.81,10279.54,10100.81,10268.81,-40.57999999999993,107.23999999999978,-20.25,10096.046666666667,10080.576666666666,10001.6,9993.186666666666,10104.74,10145.32,10038.08,0.26666666666666666,2545.0,U,U,0.7333333333333333
17/02/2010,10261.48,10320.13,10261.48,10310.68,164.0699999999997,-40.57999999999993,107.23999999999978,10172.956666666665,10096.046666666667,10080.576666666666,10001.6,10268.81,10104.74,10145.32,0.5333333333333333,2546.0,U,D,0.4666666666666666
18/02/2010,10298.89,10406.58,10294.51,10392.22,41.8700000000008,164.0699999999997,-40.57999999999993,10228.076666666666,10172.956666666665,10096.046666666667,10080.576666666666,10310.68,10268.81,10104.74,0.3333333333333333,2547.0,U,U,0.6666666666666666
19/02/2010,10387.77,10438.55,10339.17,10401.97,81.53999999999905,41.8700000000008,164.0699999999997,10323.903333333334,10228.076666666666,10172.956666666665,10096.046666666667,10392.22,10310.68,10268.81,0.6,2548.0,U,D,0.39999999999999997
22/02/2010,10402.43,10433.64,10368.95,10383.46,9.75,81.53999999999905,41.8700000000008,10368.29,10323.903333333334,10228.076666666666,10172.956666666665,10401.97,10392.22,10310.68,0.6,2549.0,D,D,0.39999999999999997
23/02/2010,10383.16,10411.12,10267.83,10283.32,-18.51000000000022,9.75,81.53999999999905,10392.55,10368.29,10323.903333333334,10228.076666666666,10383.46,10401.97,10392.22,0.5333333333333333,2550.0,D,D,0.4666666666666666
24/02/2010,10284.0,10393.51,10283.93,10373.03,-100.13999999999942,-18.51000000000022,9.75,10356.25,10392.55,10368.29,10323.903333333334,10283.32,10383.46,10401.97,0.39999999999999997,2551.0,U,U,0.6
25/02/2010,10366.6,10366.68,10185.83,10322.92,89.71000000000095,-100.13999999999942,-18.51000000000022,10346.603333333333,10356.25,10392.55,10368.29,10373.03,10283.32,10383.46,0.39999999999999997,2552.0,D,U,0.6
26/02/2010,10321.41,10353.45,10272.29,10324.74,-50.11000000000058,89.71000000000095,-100.13999999999942,10326.423333333332,10346.603333333333,10356.25,10392.55,10322.92,10373.03,10283.32,0.4666666666666666,2553.0,U,U,0.5333333333333333
01/03/2010,10326.1,10413.99,10326.1,10403.33,1.819999999999709,-50.11000000000058,89.71000000000095,10340.230000000001,10326.423333333332,10346.603333333333,10356.25,10324.74,10322.92,10373.03,0.3333333333333333,2554.0,U,U,0.6666666666666666
02/03/2010,10404.16,10456.92,10389.43,10404.32,78.59000000000015,1.819999999999709,-50.11000000000058,10350.33,10340.230000000001,10326.423333333332,10346.603333333333,10403.33,10324.74,10322.92,0.39999999999999997,2555.0,U,U,0.6
03/03/2010,10406.28,10469.54,10376.58,10395.62,0.9899999999997817,78.59000000000015,1.819999999999709,10377.463333333333,10350.33,10340.230000000001,10326.423333333332,10404.32,10403.33,10324.74,0.6,2556.0,D,D,0.39999999999999997
04/03/2010,10396.53,10452.38,10390.86,10443.46,-8.699999999998909,0.9899999999997817,78.59000000000015,10401.090000000002,10377.463333333333,10350.33,10340.230000000001,10395.62,10404.32,10403.33,0.39999999999999997,2557.0,U,U,0.6
05/03/2010,10445.13,10571.94,10445.05,10565.67,47.83999999999833,-8.699999999998909,0.9899999999997817,10414.466666666667,10401.090000000002,10377.463333333333,10350.33,10443.46,10395.62,10404.32,0.3333333333333333,2558.0,U,U,0.6666666666666666
08/03/2010,10572.92,10587.74,10542.39,10552.14,122.21000000000095,47.83999999999833,-8.699999999998909,10468.25,10414.466666666667,10401.090000000002,10377.463333333333,10565.67,10443.46,10395.62,0.4666666666666666,2559.0,D,U,0.5333333333333333
09/03/2010,10552.24,10612.6,10533.93,10564.69,-13.530000000000655,122.21000000000095,47.83999999999833,10520.423333333332,10468.25,10414.466666666667,10401.090000000002,10552.14,10565.67,10443.46,0.4666666666666666,2560.0,U,U,0.5333333333333333
10/03/2010,10560.13,10601.79,10526.52,10566.95,12.550000000001091,-13.530000000000655,122.21000000000095,10560.833333333334,10520.423333333332,10468.25,10414.466666666667,10564.69,10552.14,10565.67,0.4666666666666666,2561.0,U,U,0.5333333333333333
11/03/2010,10560.98,10611.09,10507.17,10611.01,2.2600000000002183,12.550000000001091,-13.530000000000655,10561.26,10560.833333333334,10520.423333333332,10468.25,10566.95,10564.69,10552.14,0.26666666666666666,2562.0,U,U,0.7333333333333333
12/03/2010,10611.77,10644.95,10594.84,10624.31,44.05999999999949,2.2600000000002183,12.550000000001091,10580.883333333333,10561.26,10560.833333333334,10520.423333333332,10611.01,10566.95,10564.69,0.26666666666666666,2563.0,U,U,0.7333333333333333
15/03/2010,10612.98,10644.19,10570.51,10641.92,13.299999999999272,44.05999999999949,2.2600000000002183,10600.756666666666,10580.883333333333,10561.26,10560.833333333334,10624.31,10611.01,10566.95,0.4666666666666666,2564.0,U,U,0.5333333333333333
16/03/2010,10656.74,10693.99,10621.9,10686.29,17.610000000000582,13.299999999999272,44.05999999999949,10625.746666666666,10600.756666666666,10580.883333333333,10561.26,10641.92,10624.31,10611.01,0.5333333333333333,2565.0,U,D,0.4666666666666666
17/03/2010,10686.36,10767.98,10686.36,10733.67,44.3700000000008,17.610000000000582,13.299999999999272,10650.84,10625.746666666666,10600.756666666666,10580.883333333333,10686.29,10641.92,10624.31,0.6,2566.0,U,D,0.39999999999999997
18/03/2010,10733.44,10784.0,10728.15,10778.03,47.3799999999992,44.3700000000008,17.610000000000582,10687.293333333333,10650.84,10625.746666666666,10600.756666666666,10733.67,10686.29,10641.92,0.7333333333333333,2567.0,U,D,0.26666666666666666
19/03/2010,10780.0,10819.9,10694.22,10738.05,44.36000000000058,47.3799999999992,44.3700000000008,10732.663333333332,10687.293333333333,10650.84,10625.746666666666,10778.03,10733.67,10686.29,0.3333333333333333,2568.0,D,U,0.6666666666666666
22/03/2010,10741.0,10809.85,10695.13,10785.89,-39.98000000000138,44.36000000000058,47.3799999999992,10749.916666666666,10732.663333333332,10687.293333333333,10650.84,10738.05,10778.03,10733.67,0.4666666666666666,2569.0,U,U,0.5333333333333333
23/03/2010,10787.18,10893.89,10784.76,10888.22,47.840000000000146,-39.98000000000138,44.36000000000058,10767.323333333334,10749.916666666666,10732.663333333332,10687.293333333333,10785.89,10738.05,10778.03,0.4666666666666666,2570.0,U,U,0.5333333333333333
24/03/2010,10886.03,10887.84,10825.42,10836.3,102.32999999999993,47.840000000000146,-39.98000000000138,10804.053333333331,10767.323333333334,10749.916666666666,10732.663333333332,10888.22,10785.89,10738.05,0.5333333333333333,2571.0,D,D,0.4666666666666666
25/03/2010,10837.51,10955.48,10834.19,10841.67,-51.92000000000007,102.32999999999993,47.840000000000146,10836.803333333333,10804.053333333331,10767.323333333334,10749.916666666666,10836.3,10888.22,10785.89,0.5333333333333333,2572.0,U,D,0.4666666666666666
26/03/2010,10841.29,10909.38,10816.43,10850.74,5.3700000000008,-51.92000000000007,102.32999999999993,10855.396666666666,10836.803333333333,10804.053333333331,10767.323333333334,10841.67,10836.3,10888.22,0.4666666666666666,2573.0,U,U,0.5333333333333333
29/03/2010,10849.23,10916.64,10849.23,10896.01,9.069999999999709,5.3700000000008,-51.92000000000007,10842.903333333334,10855.396666666666,10836.803333333333,10804.053333333331,10850.74,10841.67,10836.3,0.6666666666666666,2574.0,U,D,0.3333333333333333
30/03/2010,10895.02,10940.22,10866.83,10906.96,45.27000000000044,9.069999999999709,5.3700000000008,10862.806666666665,10842.903333333334,10855.396666666666,10836.803333333333,10896.01,10850.74,10841.67,0.6666666666666666,2575.0,U,D,0.3333333333333333
31/03/2010,10907.34,10907.42,10832.83,10856.86,10.949999999998909,45.27000000000044,9.069999999999709,10884.57,10862.806666666665,10842.903333333334,10855.396666666666,10906.96,10896.01,10850.74,0.6666666666666666,2576.0,D,D,0.3333333333333333
01/04/2010,10857.31,10956.39,10857.31,10926.99,-50.099999999998545,10.949999999998909,45.27000000000044,10886.61,10884.57,10862.806666666665,10842.903333333334,10856.86,10906.96,10896.01,0.4666666666666666,2577.0,U,U,0.5333333333333333
05/04/2010,10927.45,10988.06,10923.97,10974.23,70.1299999999992,-50.099999999998545,10.949999999998909,10896.936666666666,10886.61,10884.57,10862.806666666665,10926.99,10856.86,10906.96,0.7333333333333333,2578.0,U,D,0.26666666666666666
06/04/2010,10972.49,10987.38,10927.52,10970.15,47.23999999999978,70.1299999999992,-50.099999999998545,10919.359999999999,10896.936666666666,10886.61,10884.57,10974.23,10926.99,10856.86,0.6666666666666666,2579.0,D,D,0.3333333333333333
07/04/2010,10961.95,10962.66,10845.45,10897.97,-4.079999999999927,47.23999999999978,70.1299999999992,10957.123333333335,10919.359999999999,10896.936666666666,10886.61,10970.15,10974.23,10926.99,0.5333333333333333,2580.0,D,D,0.4666666666666666
08/04/2010,10896.99,10949.36,10844.09,10927.52,-72.18000000000029,-4.079999999999927,47.23999999999978,10947.449999999999,10957.123333333335,10919.359999999999,10896.936666666666,10897.97,10970.15,10974.23,0.6666666666666666,2581.0,U,D,0.3333333333333333
09/04/2010,10928.35,11000.98,10926.92,10997.35,29.55000000000109,-72.18000000000029,-4.079999999999927,10931.88,10947.449999999999,10957.123333333335,10919.359999999999,10927.52,10897.97,10970.15,0.5333333333333333,2582.0,U,D,0.4666666666666666
12/04/2010,10996.75,11029.77,10992.21,11006.65,69.82999999999993,29.55000000000109,-72.18000000000029,10940.946666666665,10931.88,10947.449999999999,10957.123333333335,10997.35,10927.52,10897.97,0.5333333333333333,2583.0,U,D,0.4666666666666666
13/04/2010,11002.04,11038.92,10947.77,11019.34,9.299999999999272,69.82999999999993,29.55000000000109,10977.173333333334,10940.946666666665,10931.88,10947.449999999999,11006.65,10997.35,10927.52,0.39999999999999997,2584.0,U,U,0.6
14/04/2010,11020.7,11125.22,11020.63,11122.73,12.69000000000051,9.299999999999272,69.82999999999993,11007.779999999999,10977.173333333334,10940.946666666665,10931.88,11019.34,11006.65,10997.35,0.39999999999999997,2585.0,U,U,0.6
15/04/2010,11122.96,11154.55,11096.2,11145.25,103.38999999999942,12.69000000000051,9.299999999999272,11049.573333333334,11007.779999999999,10977.173333333334,10940.946666666665,11122.73,11019.34,11006.65,0.5333333333333333,2586.0,U,D,0.4666666666666666
16/04/2010,11143.66,11153.79,10973.92,11019.65,22.520000000000437,103.38999999999942,12.69000000000051,11095.773333333333,11049.573333333334,11007.779999999999,10977.173333333334,11145.25,11122.73,11019.34,0.3333333333333333,2587.0,D,U,0.6666666666666666
19/04/2010,11018.36,11095.3,10977.85,11092.35,-125.60000000000036,22.520000000000437,103.38999999999942,11095.876666666665,11095.773333333333,11049.573333333334,11007.779999999999,11019.65,11145.25,11122.73,0.06666666666666667,2588.0,U,U,0.9333333333333332
20/04/2010,11093.11,11146.08,11081.47,11117.59,72.70000000000073,-125.60000000000036,22.520000000000437,11085.75,11095.876666666665,11095.773333333333,11049.573333333334,11092.35,11019.65,11145.25,0.5333333333333333,2589.0,U,D,0.4666666666666666
21/04/2010,11116.91,11153.72,11071.34,11123.56,25.23999999999978,72.70000000000073,-125.60000000000036,11076.529999999999,11085.75,11095.876666666665,11095.773333333333,11117.59,11092.35,11019.65,0.5333333333333333,2590.0,U,D,0.4666666666666666
22/04/2010,11119.78,11149.86,11016.4,11134.67,5.969999999999345,25.23999999999978,72.70000000000073,11111.166666666666,11076.529999999999,11085.75,11095.876666666665,11123.56,11117.59,11092.35,0.0,2591.0,U,U,0.9999999999999999
23/04/2010,11132.18,11205.64,11105.65,11203.07,11.110000000000582,5.969999999999345,25.23999999999978,11125.273333333333,11111.166666666666,11076.529999999999,11085.75,11134.67,11123.56,11117.59,0.26666666666666666,2592.0,U,U,0.7333333333333333
26/04/2010,11205.11,11258.01,11187.65,11204.73,68.39999999999964,11.110000000000582,5.969999999999345,11153.766666666668,11125.273333333333,11111.166666666666,11076.529999999999,11203.07,11134.67,11123.56,0.3333333333333333,2593.0,D,U,0.6666666666666666
27/04/2010,11203.67,11218.86,10973.17,10991.08,1.6599999999998545,68.39999999999964,11.110000000000582,11180.823333333334,11153.766666666668,11125.273333333333,11111.166666666666,11204.73,11203.07,11134.67,0.7999999999999999,2594.0,D,D,0.2
28/04/2010,10988.87,11078.52,10965.38,11046.4,-213.64999999999964,1.6599999999998545,68.39999999999964,11132.96,11180.823333333334,11153.766666666668,11125.273333333333,10991.08,11204.73,11203.07,0.4666666666666666,2595.0,U,U,0.5333333333333333
29/04/2010,11045.64,11197.32,11041.64,11167.4,55.31999999999971,-213.64999999999964,1.6599999999998545,11080.736666666666,11132.96,11180.823333333334,11153.766666666668,11046.4,10991.08,11204.73,0.4666666666666666,2596.0,U,U,0.5333333333333333
30/04/2010,11168.23,11197.93,10999.69,11006.72,121.0,55.31999999999971,-213.64999999999964,11068.293333333333,11080.736666666666,11132.96,11180.823333333334,11167.4,11046.4,10991.08,0.39999999999999997,2597.0,D,U,0.6
03/05/2010,11009.6,11177.67,11009.6,11152.05,-160.6800000000003,121.0,55.31999999999971,11073.506666666666,11068.293333333333,11080.736666666666,11132.96,11006.72,11167.4,11046.4,0.26666666666666666,2598.0,U,U,0.7333333333333333
04/05/2010,11149.48,11149.48,10869.25,10927.6,145.32999999999993,-160.6800000000003,121.0,11108.723333333333,11073.506666666666,11068.293333333333,11080.736666666666,11152.05,11006.72,11167.4,0.5333333333333333,2599.0,D,D,0.4666666666666666
05/05/2010,10918.4,10946.79,10814.84,10867.51,-224.4499999999989,145.32999999999993,-160.6800000000003,11028.789999999999,11108.723333333333,11073.506666666666,11068.293333333333,10927.6,11152.05,11006.72,0.4666666666666666,2600.0,D,U,0.5333333333333333
06/05/2010,10862.38,10879.76,9869.62,10517.83,-60.090000000000146,-224.4499999999989,145.32999999999993,10982.386666666667,11028.789999999999,11108.723333333333,11073.506666666666,10867.51,10927.6,11152.05,0.3333333333333333,2601.0,D,U,0.6666666666666666
07/05/2010,10519.42,10579.12,10241.23,10377.41,-349.6800000000003,-60.090000000000146,-224.4499999999989,10770.980000000001,10982.386666666667,11028.789999999999,11108.723333333333,10517.83,10867.51,10927.6,0.4666666666666666,2602.0,D,U,0.5333333333333333
10/05/2010,10386.18,10835.17,10386.03,10786.42,-140.42000000000007,-349.6800000000003,-60.090000000000146,10587.583333333334,10770.980000000001,10982.386666666667,11028.789999999999,10377.41,10517.83,10867.51,0.5333333333333333,2603.0,U,D,0.4666666666666666
11/05/2010,10780.0,10874.54,10685.38,10749.54,409.0100000000002,-140.42000000000007,-349.6800000000003,10560.553333333331,10587.583333333334,10770.980000000001,10982.386666666667,10786.42,10377.41,10517.83,0.5333333333333333,2604.0,D,D,0.4666666666666666
12/05/2010,10742.15,10909.08,10742.15,10897.44,-36.8799999999992,409.0100000000002,-140.42000000000007,10637.79,10560.553333333331,10587.583333333334,10770.980000000001,10749.54,10786.42,10377.41,0.4666666666666666,2605.0,U,U,0.5333333333333333
13/05/2010,10896.61,10920.27,10771.69,10781.36,147.89999999999964,-36.8799999999992,409.0100000000002,10811.133333333333,10637.79,10560.553333333331,10587.583333333334,10897.44,10749.54,10786.42,0.5333333333333333,2606.0,D,D,0.4666666666666666
14/05/2010,10780.68,10780.75,10537.25,10621.14,-116.07999999999993,147.89999999999964,-36.8799999999992,10809.446666666669,10811.133333333333,10637.79,10560.553333333331,10781.36,10897.44,10749.54,0.26666666666666666,2607.0,D,U,0.7333333333333333
17/05/2010,10616.98,10660.97,10436.06,10626.58,-160.22000000000116,-116.07999999999993,147.89999999999964,10766.646666666667,10809.446666666669,10811.133333333333,10637.79,10621.14,10781.36,10897.44,0.4666666666666666,2608.0,U,U,0.5333333333333333
18/05/2010,10625.45,10718.86,10482.2,10511.25,5.440000000000509,-160.22000000000116,-116.07999999999993,10676.36,10766.646666666667,10809.446666666669,10811.133333333333,10626.58,10621.14,10781.36,0.6,2609.0,D,D,0.39999999999999997
19/05/2010,10505.7,10522.52,10324.66,10444.07,-115.32999999999993,5.440000000000509,-160.22000000000116,10586.323333333334,10676.36,10766.646666666667,10809.446666666669,10511.25,10626.58,10621.14,0.3333333333333333,2610.0,D,U,0.6666666666666666
20/05/2010,10440.21,10440.21,10065.36,10067.71,-67.18000000000029,-115.32999999999993,5.440000000000509,10527.300000000001,10586.323333333334,10676.36,10766.646666666667,10444.07,10511.25,10626.58,0.6666666666666666,2611.0,D,D,0.3333333333333333
21/05/2010,10063.93,10198.53,9918.82,10194.9,-376.3600000000006,-67.18000000000029,-115.32999999999993,10341.01,10527.300000000001,10586.323333333334,10676.36,10067.71,10444.07,10511.25,0.39999999999999997,2612.0,U,U,0.6
24/05/2010,10193.46,10196.41,10052.67,10065.29,127.19000000000051,-376.3600000000006,-67.18000000000029,10235.56,10341.01,10527.300000000001,10586.323333333334,10194.9,10067.71,10444.07,0.4666666666666666,2613.0,D,U,0.5333333333333333
25/05/2010,10061.43,10061.66,9774.48,10044.96,-129.60999999999876,127.19000000000051,-376.3600000000006,10109.300000000001,10235.56,10341.01,10527.300000000001,10065.29,10194.9,10067.71,0.39999999999999997,2614.0,D,U,0.6
26/05/2010,10045.11,10179.03,9953.74,9972.56,-20.330000000001746,-129.60999999999876,127.19000000000051,10101.716666666667,10109.300000000001,10235.56,10341.01,10044.96,10065.29,10194.9,0.5333333333333333,2615.0,D,D,0.4666666666666666
27/05/2010,9971.73,10264.2,9971.73,10259.89,-72.39999999999964,-20.330000000001746,-129.60999999999876,10027.603333333333,10101.716666666667,10109.300000000001,10235.56,9972.56,10044.96,10065.29,0.6,2616.0,U,D,0.39999999999999997
28/05/2010,10258.0,10258.0,10095.9,10135.35,287.3299999999999,-72.39999999999964,-20.330000000001746,10092.47,10027.603333333333,10101.716666666667,10109.300000000001,10259.89,9972.56,10044.96,0.39999999999999997,2617.0,D,U,0.6
01/06/2010,10133.94,10218.33,10013.9,10023.57,-124.53999999999905,287.3299999999999,-72.39999999999964,10122.599999999999,10092.47,10027.603333333333,10101.716666666667,10135.35,10259.89,9972.56,0.26666666666666666,2618.0,D,U,0.7333333333333333
02/06/2010,10025.61,10254.22,10025.61,10249.69,-111.78000000000065,-124.53999999999905,287.3299999999999,10139.603333333333,10122.599999999999,10092.47,10027.603333333333,10023.57,10135.35,10259.89,0.39999999999999997,2619.0,U,U,0.6
03/06/2010,10250.67,10315.21,10175.02,10253.92,226.1200000000008,-111.78000000000065,-124.53999999999905,10136.203333333333,10139.603333333333,10122.599999999999,10092.47,10249.69,10023.57,10135.35,0.4666666666666666,2620.0,U,U,0.5333333333333333
04/06/2010,10249.61,10249.69,9889.88,9931.44,4.229999999999563,226.1200000000008,-111.78000000000065,10175.726666666667,10136.203333333333,10139.603333333333,10122.599999999999,10253.92,10249.69,10023.57,0.3333333333333333,2621.0,D,U,0.6666666666666666
07/06/2010,9931.75,9982.38,9810.3,9816.65,-322.47999999999956,4.229999999999563,226.1200000000008,10145.016666666668,10175.726666666667,10136.203333333333,10139.603333333333,9931.44,10253.92,10249.69,0.5333333333333333,2622.0,D,D,0.4666666666666666
08/06/2010,9812.94,9953.66,9757.55,9939.46,-114.79000000000087,-322.47999999999956,4.229999999999563,10000.67,10145.016666666668,10175.726666666667,10136.203333333333,9816.65,9931.44,10253.92,0.3333333333333333,2623.0,U,U,0.6666666666666666
09/06/2010,9941.57,10065.14,9867.73,9899.32,122.80999999999949,-114.79000000000087,-322.47999999999956,9895.85,10000.67,10145.016666666668,10175.726666666667,9939.46,9816.65,9931.44,0.4666666666666666,2624.0,D,U,0.5333333333333333
10/06/2010,9901.67,10185.83,9901.67,10172.23,-40.13999999999942,122.80999999999949,-114.79000000000087,9885.143333333333,9895.85,10000.67,10145.016666666668,9899.32,9939.46,9816.65,0.4666666666666666,2625.0,U,U,0.5333333333333333
11/06/2010,10166.78,10215.98,10082.71,10211.37,272.90999999999985,-40.13999999999942,122.80999999999949,10003.67,9885.143333333333,9895.85,10000.67,10172.23,9899.32,9939.46,0.4666666666666666,2626.0,U,U,0.5333333333333333
14/06/2010,10211.83,10328.67,10186.21,10191.12,39.14000000000124,272.90999999999985,-40.13999999999942,10094.306666666665,10003.67,9885.143333333333,9895.85,10211.37,10172.23,9899.32,0.4666666666666666,2627.0,D,U,0.5333333333333333
15/06/2010,10192.4,10408.32,10192.4,10404.01,-20.25,39.14000000000124,272.90999999999985,10191.573333333334,10094.306666666665,10003.67,9885.143333333333,10191.12,10211.37,10172.23,0.39999999999999997,2628.0,U,U,0.6
16/06/2010,10404.24,10429.03,10332.6,10408.55,212.88999999999942,-20.25,39.14000000000124,10268.833333333334,10191.573333333334,10094.306666666665,10003.67,10404.01,10191.12,10211.37,0.4666666666666666,2629.0,U,U,0.5333333333333333
17/06/2010,10409.98,10441.2,10319.22,10434.02,4.539999999999054,212.88999999999942,-20.25,10334.56,10268.833333333334,10191.573333333334,10094.306666666665,10408.55,10404.01,10191.12,0.6666666666666666,2630.0,U,D,0.3333333333333333
18/06/2010,10435.0,10483.44,10424.49,10449.59,25.470000000001164,4.539999999999054,212.88999999999942,10415.526666666667,10334.56,10268.833333333334,10191.573333333334,10434.02,10408.55,10404.01,0.39999999999999997,2631.0,U,U,0.6
21/06/2010,10452.46,10594.16,10395.55,10443.16,15.569999999999709,25.470000000001164,4.539999999999054,10430.72,10415.526666666667,10334.56,10268.833333333334,10449.59,10434.02,10408.55,0.39999999999999997,2632.0,D,U,0.6
22/06/2010,10441.95,10493.57,10283.4,10293.3,-6.430000000000291,15.569999999999709,25.470000000001164,10442.256666666666,10430.72,10415.526666666667,10334.56,10443.16,10449.59,10434.02,0.39999999999999997,2633.0,D,U,0.6
23/06/2010,10293.3,10368.04,10227.24,10299.12,-149.86000000000058,-6.430000000000291,15.569999999999709,10395.35,10442.256666666666,10430.72,10415.526666666667,10293.3,10443.16,10449.59,0.4666666666666666,2634.0,U,U,0.5333333333333333
24/06/2010,10297.08,10298.06,10128.85,10152.65,5.820000000001528,-149.86000000000058,-6.430000000000291,10345.193333333335,10395.35,10442.256666666666,10430.72,10299.12,10293.3,10443.16,0.39999999999999997,2635.0,D,U,0.6
25/06/2010,10153.48,10202.91,10081.08,10159.83,-146.47000000000116,5.820000000001528,-149.86000000000058,10248.356666666667,10345.193333333335,10395.35,10442.256666666666,10152.65,10299.12,10293.3,0.26666666666666666,2636.0,U,U,0.7333333333333333
28/06/2010,10143.05,10201.93,10101.41,10139.05,7.180000000000291,-146.47000000000116,5.820000000001528,10203.866666666667,10248.356666666667,10345.193333333335,10395.35,10159.83,10152.65,10299.12,0.4666666666666666,2637.0,D,U,0.5333333333333333
29/06/2010,10135.72,10135.72,9811.92,9870.76,-20.780000000000655,7.180000000000291,-146.47000000000116,10150.51,10203.866666666667,10248.356666666667,10345.193333333335,10139.05,10159.83,10152.65,0.4666666666666666,2638.0,D,U,0.5333333333333333
30/06/2010,9868.49,9908.92,9753.84,9772.36,-268.28999999999905,-20.780000000000655,7.180000000000291,10056.546666666667,10150.51,10203.866666666667,10248.356666666667,9870.76,10139.05,10159.83,0.39999999999999997,2639.0,D,U,0.6
01/07/2010,9773.27,9795.48,9621.89,9731.1,-98.39999999999964,-268.28999999999905,-20.780000000000655,9927.39,10056.546666666667,10150.51,10203.866666666667,9772.36,9870.76,10139.05,0.26666666666666666,2640.0,D,U,0.7333333333333333
02/07/2010,9732.23,9770.87,9614.32,9685.65,-41.26000000000022,-98.39999999999964,-268.28999999999905,9791.406666666668,9927.39,10056.546666666667,10150.51,9731.1,9772.36,9870.76,0.39999999999999997,2641.0,D,U,0.6
06/07/2010,9689.21,9858.13,9659.01,9743.93,-45.45000000000073,-41.26000000000022,-98.39999999999964,9729.703333333333,9791.406666666668,9927.39,10056.546666666667,9685.65,9731.1,9772.36,0.26666666666666666,2642.0,U,U,0.7333333333333333
07/07/2010,9736.85,10026.6,9736.7,10017.9,58.280000000000655,-45.45000000000073,-41.26000000000022,9720.226666666667,9729.703333333333,9791.406666666668,9927.39,9743.93,9685.65,9731.1,0.39999999999999997,2643.0,U,U,0.6
08/07/2010,10019.26,10139.86,10019.26,10139.22,273.96999999999935,58.280000000000655,-45.45000000000073,9815.826666666668,9720.226666666667,9729.703333333333,9791.406666666668,10017.9,9743.93,9685.65,0.5333333333333333,2644.0,U,D,0.4666666666666666
09/07/2010,10137.93,10201.77,10118.41,10197.5,121.31999999999971,273.96999999999935,58.280000000000655,9967.016666666668,9815.826666666668,9720.226666666667,9729.703333333333,10139.22,10017.9,9743.93,0.5333333333333333,2645.0,U,D,0.4666666666666666
12/07/2010,10199.24,10220.28,10146.49,10215.51,58.280000000000655,121.31999999999971,273.96999999999935,10118.206666666667,9967.016666666668,9815.826666666668,9720.226666666667,10197.5,10139.22,10017.9,0.3333333333333333,2646.0,U,U,0.6666666666666666
13/07/2010,10217.55,10407.82,10217.55,10362.49,18.01000000000022,58.280000000000655,121.31999999999971,10184.076666666668,10118.206666666667,9967.016666666668,9815.826666666668,10215.51,10197.5,10139.22,0.39999999999999997,2647.0,U,U,0.6
14/07/2010,10370.96,10400.1,10303.0,10366.72,146.97999999999956,18.01000000000022,58.280000000000655,10258.5,10184.076666666668,10118.206666666667,9967.016666666668,10362.49,10215.51,10197.5,0.39999999999999997,2648.0,D,U,0.6
15/07/2010,10367.1,10379.74,10240.48,10358.85,4.229999999999563,146.97999999999956,18.01000000000022,10314.906666666668,10258.5,10184.076666666668,10118.206666666667,10366.72,10362.49,10215.51,0.6666666666666666,2649.0,D,D,0.3333333333333333
16/07/2010,10356.2,10356.2,10079.58,10097.97,-7.869999999998981,4.229999999999563,146.97999999999956,10362.686666666666,10314.906666666668,10258.5,10184.076666666668,10358.85,10366.72,10362.49,0.39999999999999997,2650.0,D,U,0.6
19/07/2010,10098.12,10187.28,10073.68,10155.19,-260.880000000001,-7.869999999998981,4.229999999999563,10274.513333333334,10362.686666666666,10314.906666666668,10258.5,10097.97,10358.85,10366.72,0.4666666666666666,2651.0,U,U,0.5333333333333333
20/07/2010,10151.48,10236.4,10007.76,10230.04,57.220000000001164,-260.880000000001,-7.869999999998981,10204.003333333334,10274.513333333334,10362.686666666666,10314.906666666668,10155.19,10097.97,10358.85,0.4666666666666666,2652.0,U,U,0.5333333333333333
21/07/2010,10242.21,10265.54,10065.5,10120.3,74.85000000000036,57.220000000001164,-260.880000000001,10161.066666666668,10204.003333333334,10274.513333333334,10362.686666666666,10230.04,10155.19,10097.97,0.5333333333333333,2653.0,D,D,0.4666666666666666
22/07/2010,10121.81,10363.24,10121.81,10321.39,-109.7400000000016,74.85000000000036,57.220000000001164,10168.51,10161.066666666668,10204.003333333334,10274.513333333334,10120.3,10230.04,10155.19,0.5333333333333333,2654.0,U,D,0.4666666666666666
23/07/2010,10319.27,10441.95,10287.48,10424.17,201.09000000000015,-109.7400000000016,74.85000000000036,10223.91,10168.51,10161.066666666668,10204.003333333334,10321.39,10120.3,10230.04,0.5333333333333333,2655.0,U,D,0.4666666666666666
26/07/2010,10432.8,10526.79,10414.4,10524.83,102.78000000000065,201.09000000000015,-109.7400000000016,10288.62,10223.91,10168.51,10161.066666666668,10424.17,10321.39,10120.3,0.4666666666666666,2656.0,U,U,0.5333333333333333
27/07/2010,10537.31,10578.33,10494.86,10537.84,100.65999999999985,102.78000000000065,201.09000000000015,10423.463333333333,10288.62,10223.91,10168.51,10524.83,10424.17,10321.39,0.6666666666666666,2657.0,U,D,0.3333333333333333
28/07/2010,10537.01,10548.52,10463.22,10498.56,13.010000000000218,100.65999999999985,102.78000000000065,10495.613333333333,10423.463333333333,10288.62,10223.91,10537.84,10524.83,10424.17,0.6,2658.0,D,D,0.39999999999999997
29/07/2010,10498.94,10584.99,10387.39,10466.63,-39.280000000000655,13.010000000000218,100.65999999999985,10520.409999999998,10495.613333333333,10423.463333333333,10288.62,10498.56,10537.84,10524.83,0.4666666666666666,2659.0,D,U,0.5333333333333333
30/07/2010,10465.19,10507.19,10347.5,10465.11,-31.93000000000029,-39.280000000000655,13.010000000000218,10501.01,10520.409999999998,10495.613333333333,10423.463333333333,10466.63,10498.56,10537.84,0.3333333333333333,2660.0,D,U,0.6666666666666666
02/08/2010,10468.82,10692.2,10468.59,10674.3,-1.5199999999986176,-31.93000000000029,-39.280000000000655,10476.766666666666,10501.01,10520.409999999998,10495.613333333333,10465.11,10466.63,10498.56,0.4666666666666666,2661.0,U,U,0.5333333333333333
03/08/2010,10673.92,10676.95,10600.96,10636.16,209.1899999999987,-1.5199999999986176,-31.93000000000029,10535.346666666666,10476.766666666666,10501.01,10520.409999999998,10674.3,10465.11,10466.63,0.39999999999999997,2662.0,D,U,0.6
04/08/2010,10630.2,10702.99,10627.53,10680.58,-38.13999999999942,209.1899999999987,-1.5199999999986176,10591.856666666667,10535.346666666666,10476.766666666666,10501.01,10636.16,10674.3,10465.11,0.39999999999999997,2663.0,U,U,0.6
05/08/2010,10679.75,10679.75,10612.85,10674.98,44.42000000000007,-38.13999999999942,209.1899999999987,10663.68,10591.856666666667,10535.346666666666,10476.766666666666,10680.58,10636.16,10674.3,0.5333333333333333,2664.0,D,D,0.4666666666666666
06/08/2010,10668.55,10668.7,10515.37,10652.81,-5.600000000000364,44.42000000000007,-38.13999999999942,10663.906666666666,10663.68,10591.856666666667,10535.346666666666,10674.98,10680.58,10636.16,0.4666666666666666,2665.0,D,U,0.5333333333333333
09/08/2010,10654.62,10719.94,10649.4,10699.05,-22.170000000000073,-5.600000000000364,44.42000000000007,10669.456666666665,10663.906666666666,10663.68,10591.856666666667,10652.81,10674.98,10680.58,0.3333333333333333,2666.0,U,U,0.6666666666666666
10/08/2010,10696.63,10700.71,10551.62,10645.69,46.23999999999978,-22.170000000000073,-5.600000000000364,10675.613333333333,10669.456666666665,10663.906666666666,10663.68,10699.05,10652.81,10674.98,0.3333333333333333,2667.0,D,U,0.6666666666666666
11/08/2010,10631.82,10631.9,10367.33,10381.56,-53.35999999999876,46.23999999999978,-22.170000000000073,10665.85,10675.613333333333,10669.456666666665,10663.906666666666,10645.69,10699.05,10652.81,0.6,2668.0,D,D,0.39999999999999997
12/08/2010,10361.58,10361.65,10268.71,10319.65,-264.130000000001,-53.35999999999876,46.23999999999978,10575.433333333332,10665.85,10675.613333333333,10669.456666666665,10381.56,10645.69,10699.05,0.39999999999999997,2669.0,D,U,0.6
13/08/2010,10320.33,10354.92,10285.44,10303.68,-61.909999999999854,-264.130000000001,-53.35999999999876,10448.966666666667,10575.433333333332,10665.85,10675.613333333333,10319.65,10381.56,10645.69,0.6,2670.0,D,D,0.39999999999999997
16/08/2010,10303.07,10333.12,10209.53,10301.26,-15.969999999999345,-61.909999999999854,-264.130000000001,10334.963333333333,10448.966666666667,10575.433333333332,10665.85,10303.68,10319.65,10381.56,0.3333333333333333,2671.0,D,U,0.6666666666666666
17/08/2010,10297.63,10480.44,10297.47,10406.0,-2.4200000000000728,-15.969999999999345,-61.909999999999854,10308.196666666669,10334.963333333333,10448.966666666667,10575.433333333332,10301.26,10303.68,10319.65,0.2,2672.0,U,U,0.7999999999999999
18/08/2010,10398.59,10472.3,10330.02,10415.09,104.73999999999978,-2.4200000000000728,-15.969999999999345,10336.980000000001,10308.196666666669,10334.963333333333,10448.966666666667,10406.0,10301.26,10303.68,0.39999999999999997,2673.0,U,U,0.6
19/08/2010,10411.15,10411.15,10216.19,10291.23,9.090000000000146,104.73999999999978,-2.4200000000000728,10374.116666666667,10336.980000000001,10308.196666666669,10334.963333333333,10415.09,10406.0,10301.26,0.8666666666666666,2674.0,D,D,0.13333333333333333
20/08/2010,10270.98,10270.98,10147.24,10213.01,-123.86000000000058,9.090000000000146,104.73999999999978,10370.773333333333,10374.116666666667,10336.980000000001,10308.196666666669,10291.23,10415.09,10406.0,0.4666666666666666,2675.0,D,U,0.5333333333333333
23/08/2010,10215.51,10304.7,10170.29,10174.34,-78.21999999999935,-123.86000000000058,9.090000000000146,10306.443333333335,10370.773333333333,10374.116666666667,10336.980000000001,10213.01,10291.23,10415.09,0.3333333333333333,2676.0,D,U,0.6666666666666666
24/08/2010,10173.05,10173.05,9991.18,10038.94,-38.67000000000007,-78.21999999999935,-123.86000000000058,10226.193333333333,10306.443333333335,10370.773333333333,10374.116666666667,10174.34,10213.01,10291.23,0.4666666666666666,2677.0,D,U,0.5333333333333333
25/08/2010,10040.15,10097.4,9937.98,10060.51,-135.39999999999964,-38.67000000000007,-78.21999999999935,10142.096666666666,10226.193333333333,10306.443333333335,10370.773333333333,10038.94,10174.34,10213.01,0.4666666666666666,2678.0,U,U,0.5333333333333333
26/08/2010,10059.98,10104.71,9968.1,9987.1,21.56999999999971,-135.39999999999964,-38.67000000000007,10091.263333333334,10142.096666666666,10226.193333333333,10306.443333333335,10060.51,10038.94,10174.34,0.6,2679.0,D,D,0.39999999999999997
27/08/2010,9982.18,10159.88,9936.62,10151.18,-73.40999999999985,21.56999999999971,-135.39999999999964,10028.85,10091.263333333334,10142.096666666666,10226.193333333333,9987.1,10060.51,10038.94,0.4666666666666666,2680.0,U,U,0.5333333333333333
30/08/2010,10145.58,10150.57,10007.68,10009.88,164.07999999999993,-73.40999999999985,21.56999999999971,10066.263333333334,10028.85,10091.263333333334,10142.096666666666,10151.18,9987.1,10060.51,0.4666666666666666,2681.0,D,U,0.5333333333333333
31/08/2010,10005.06,10073.38,9941.84,10012.45,-141.3000000000011,164.07999999999993,-73.40999999999985,10049.386666666665,10066.263333333334,10028.85,10091.263333333334,10009.88,10151.18,9987.1,0.39999999999999997,2682.0,U,U,0.6
01/09/2010,10016.01,10279.08,10016.01,10269.4,2.570000000001528,-141.3000000000011,164.07999999999993,10057.836666666666,10049.386666666665,10066.263333333334,10028.85,10012.45,10009.88,10151.18,0.4666666666666666,2683.0,U,U,0.5333333333333333
02/09/2010,10270.08,10320.37,10253.96,10319.8,256.9499999999989,2.570000000001528,-141.3000000000011,10097.243333333334,10057.836666666666,10049.386666666665,10066.263333333334,10269.4,10012.45,10009.88,0.39999999999999997,2684.0,U,U,0.6
03/09/2010,10321.84,10451.15,10321.84,10447.93,50.399999999999636,256.9499999999989,2.570000000001528,10200.55,10097.243333333334,10057.836666666666,10049.386666666665,10319.8,10269.4,10012.45,0.2,2685.0,U,U,0.7999999999999999
07/09/2010,10446.8,10446.8,10332.4,10341.29,128.13000000000102,50.399999999999636,256.9499999999989,10345.71,10200.55,10097.243333333334,10057.836666666666,10447.93,10319.8,10269.4,0.4666666666666666,2686.0,D,U,0.5333333333333333
08/09/2010,10338.49,10426.7,10335.69,10387.31,-106.63999999999942,128.13000000000102,50.399999999999636,10369.673333333334,10345.71,10200.55,10097.243333333334,10341.29,10447.93,10319.8,0.4666666666666666,2687.0,U,U,0.5333333333333333
09/09/2010,10444.3,10476.62,10386.63,10414.86,46.01999999999862,-106.63999999999942,128.13000000000102,10392.176666666666,10369.673333333334,10345.71,10200.55,10387.31,10341.29,10447.93,0.5333333333333333,2688.0,D,D,0.4666666666666666
10/09/2010,10415.01,10471.28,10403.17,10463.07,27.55000000000109,46.01999999999862,-106.63999999999942,10381.153333333334,10392.176666666666,10369.673333333334,10345.71,10414.86,10387.31,10341.29,0.4666666666666666,2689.0,U,U,0.5333333333333333
13/09/2010,10458.6,10567.59,10458.6,10544.28,48.20999999999913,27.55000000000109,46.01999999999862,10421.746666666666,10381.153333333334,10392.176666666666,10369.673333333334,10463.07,10414.86,10387.31,0.6,2690.0,U,D,0.39999999999999997
14/09/2010,10544.73,10588.32,10499.7,10526.57,81.21000000000095,48.20999999999913,27.55000000000109,10474.07,10421.746666666666,10381.153333333334,10392.176666666666,10544.28,10463.07,10414.86,0.39999999999999997,2691.0,D,U,0.6
15/09/2010,10526.42,10587.8,10480.78,10573.42,-17.710000000000946,81.21000000000095,48.20999999999913,10511.306666666665,10474.07,10421.746666666666,10381.153333333334,10526.57,10544.28,10463.07,0.5333333333333333,2692.0,U,D,0.4666666666666666
16/09/2010,10554.87,10603.69,10522.48,10595.21,46.850000000000364,-17.710000000000946,81.21000000000095,10548.089999999998,10511.306666666665,10474.07,10421.746666666666,10573.42,10526.57,10544.28,0.6,2693.0,U,D,0.39999999999999997
17/09/2010,10595.51,10650.16,10567.36,10605.05,21.789999999999054,46.850000000000364,-17.710000000000946,10565.066666666666,10548.089999999998,10511.306666666665,10474.07,10595.21,10573.42,10526.57,0.26666666666666666,2694.0,U,U,0.7333333333333333
20/09/2010,10608.08,10774.13,10608.08,10753.62,9.840000000000146,21.789999999999054,46.850000000000364,10591.226666666666,10565.066666666666,10548.089999999998,10511.306666666665,10605.05,10595.21,10573.42,0.3333333333333333,2695.0,U,U,0.6666666666666666
21/09/2010,10753.39,10833.39,10717.74,10762.17,148.57000000000153,9.840000000000146,21.789999999999054,10651.293333333333,10591.226666666666,10565.066666666666,10548.089999999998,10753.62,10605.05,10595.21,0.5333333333333333,2696.0,U,D,0.4666666666666666
22/09/2010,10761.11,10805.38,10708.4,10739.31,8.549999999999272,148.57000000000153,9.840000000000146,10706.946666666665,10651.293333333333,10591.226666666666,10565.066666666666,10762.17,10753.62,10605.05,0.6,2697.0,D,D,0.39999999999999997
23/09/2010,10738.48,10761.94,10640.92,10664.08,-22.860000000000582,8.549999999999272,148.57000000000153,10751.699999999999,10706.946666666665,10651.293333333333,10591.226666666666,10739.31,10762.17,10753.62,0.4666666666666666,2698.0,D,U,0.5333333333333333
24/09/2010,10664.39,10865.78,10664.31,10859.57,-75.22999999999956,-22.860000000000582,8.549999999999272,10721.853333333333,10751.699999999999,10706.946666666665,10651.293333333333,10664.08,10739.31,10762.17,0.5333333333333333,2699.0,U,D,0.4666666666666666
27/09/2010,10860.03,10873.2,10809.62,10813.18,195.48999999999978,-75.22999999999956,-22.860000000000582,10754.32,10721.853333333333,10751.699999999999,10706.946666666665,10859.57,10664.08,10739.31,0.6,2700.0,D,D,0.39999999999999997
28/09/2010,10810.15,10886.21,10728.64,10858.36,-46.38999999999942,195.48999999999978,-75.22999999999956,10778.943333333335,10754.32,10721.853333333333,10751.699999999999,10813.18,10859.57,10664.08,0.4666666666666666,2701.0,U,U,0.5333333333333333
29/09/2010,10857.98,10869.26,10798.88,10833.99,45.18000000000029,-46.38999999999942,195.48999999999978,10843.703333333333,10778.943333333335,10754.32,10721.853333333333,10858.36,10813.18,10859.57,0.5333333333333333,2702.0,D,D,0.4666666666666666
30/09/2010,10836.04,10948.88,10745.44,10787.52,-24.3700000000008,45.18000000000029,-46.38999999999942,10835.176666666666,10843.703333333333,10778.943333333335,10754.32,10833.99,10858.36,10813.18,0.6,2703.0,D,D,0.39999999999999997
01/10/2010,10789.72,10866.54,10780.64,10830.36,-46.469999999999345,-24.3700000000008,45.18000000000029,10826.623333333333,10835.176666666666,10843.703333333333,10778.943333333335,10787.52,10833.99,10858.36,0.4666666666666666,2704.0,U,U,0.5333333333333333
04/10/2010,10828.85,10853.71,10711.12,10751.27,42.840000000000146,-46.469999999999345,-24.3700000000008,10817.29,10826.623333333333,10835.176666666666,10843.703333333333,10830.36,10787.52,10833.99,0.6,2705.0,D,D,0.39999999999999997
05/10/2010,10752.78,10965.61,10752.63,10943.81,-79.09000000000015,42.840000000000146,-46.469999999999345,10789.716666666667,10817.29,10826.623333333333,10835.176666666666,10751.27,10830.36,10787.52,0.5333333333333333,2706.0,U,D,0.4666666666666666
06/10/2010,10936.79,10974.16,10918.57,10966.97,192.53999999999905,-79.09000000000015,42.840000000000146,10841.813333333334,10789.716666666667,10817.29,10826.623333333333,10943.81,10751.27,10830.36,0.6666666666666666,2707.0,U,D,0.3333333333333333
07/10/2010,10968.41,10998.53,10892.76,10947.37,23.159999999999854,192.53999999999905,-79.09000000000015,10887.35,10841.813333333334,10789.716666666667,10817.29,10966.97,10943.81,10751.27,0.7999999999999999,2708.0,D,D,0.2
08/10/2010,10948.5,11032.17,10929.28,11006.63,-19.599999999998545,23.159999999999854,192.53999999999905,10952.716666666667,10887.35,10841.813333333334,10789.716666666667,10947.37,10966.97,10943.81,0.5333333333333333,2709.0,U,D,0.4666666666666666
11/10/2010,11018.43,11030.5,10977.9,11009.12,59.2599999999984,-19.599999999998545,23.159999999999854,10973.656666666668,10952.716666666667,10887.35,10841.813333333334,11006.63,10947.37,10966.97,0.39999999999999997,2710.0,D,U,0.6
12/10/2010,11010.79,11053.21,10913.84,11020.33,2.4900000000016007,59.2599999999984,-19.599999999998545,10987.706666666667,10973.656666666668,10952.716666666667,10887.35,11009.12,11006.63,10947.37,0.39999999999999997,2711.0,U,U,0.6
13/10/2010,11022.82,11155.23,11022.07,11096.08,11.209999999999127,2.4900000000016007,59.2599999999984,11012.026666666667,10987.706666666667,10973.656666666668,10952.716666666667,11020.33,11009.12,11006.63,0.4666666666666666,2712.0,U,U,0.5333333333333333
14/10/2010,11096.99,11112.2,11023.54,11094.42,75.75,11.209999999999127,2.4900000000016007,11041.843333333332,11012.026666666667,10987.706666666667,10973.656666666668,11096.08,11020.33,11009.12,0.4666666666666666,2713.0,D,U,0.5333333333333333
15/10/2010,11096.01,11141.19,11010.68,11062.78,-1.6599999999998545,75.75,11.209999999999127,11070.276666666667,11041.843333333332,11012.026666666667,10987.706666666667,11094.42,11096.08,11020.33,0.3333333333333333,2714.0,D,U,0.6666666666666666
18/10/2010,11062.63,11159.05,11054.76,11143.69,-31.639999999999418,-1.6599999999998545,75.75,11084.426666666666,11070.276666666667,11041.843333333332,11012.026666666667,11062.78,11094.42,11096.08,0.2,2715.0,U,U,0.7999999999999999
19/10/2010,11139.6,11139.6,10917.62,10978.93,80.90999999999985,-31.639999999999418,-1.6599999999998545,11100.296666666667,11084.426666666666,11070.276666666667,11041.843333333332,11143.69,11062.78,11094.42,0.3333333333333333,2716.0,D,U,0.6666666666666666
20/10/2010,10974.52,11152.88,10970.89,11107.29,-164.76000000000022,80.90999999999985,-31.639999999999418,11061.800000000001,11100.296666666667,11084.426666666666,11070.276666666667,10978.93,11143.69,11062.78,0.39999999999999997,2717.0,U,U,0.6
21/10/2010,11105.24,11213.54,11066.19,11146.87,128.36000000000058,-164.76000000000022,80.90999999999985,11076.636666666667,11061.800000000001,11100.296666666667,11084.426666666666,11107.29,10978.93,11143.69,0.5333333333333333,2718.0,U,D,0.4666666666666666
22/10/2010,11146.41,11159.05,11109.25,11132.19,39.57999999999993,128.36000000000058,-164.76000000000022,11077.696666666669,11076.636666666667,11061.800000000001,11100.296666666667,11146.87,11107.29,10978.93,0.6,2719.0,D,D,0.39999999999999997
25/10/2010,11133.4,11247.6,11132.34,11164.5,-14.680000000000291,39.57999999999993,128.36000000000058,11128.783333333335,11077.696666666669,11076.636666666667,11061.800000000001,11132.19,11146.87,11107.29,0.06666666666666667,2720.0,U,U,0.9333333333333332
26/10/2010,11163.14,11184.82,11087.0,11168.93,32.30999999999949,-14.680000000000291,39.57999999999993,11147.853333333333,11128.783333333335,11077.696666666669,11076.636666666667,11164.5,11132.19,11146.87,0.3333333333333333,2721.0,U,U,0.6666666666666666
27/10/2010,11168.4,11168.4,11020.82,11125.6,4.430000000000291,32.30999999999949,-14.680000000000291,11155.206666666667,11147.853333333333,11128.783333333335,11077.696666666669,11168.93,11164.5,11132.19,0.39999999999999997,2722.0,D,U,0.6
28/10/2010,11127.34,11179.34,11052.6,11108.95,-43.32999999999993,4.430000000000291,32.30999999999949,11153.01,11155.206666666667,11147.853333333333,11128.783333333335,11125.6,11168.93,11164.5,0.26666666666666666,2723.0,D,U,0.7333333333333333
29/10/2010,11120.45,11131.01,11075.8,11118.56,-16.649999999999636,-43.32999999999993,4.430000000000291,11134.493333333332,11153.01,11155.206666666667,11147.853333333333,11108.95,11125.6,11168.93,0.26666666666666666,2724.0,D,U,0.7333333333333333
01/11/2010,11120.3,11244.27,11062.33,11124.47,9.609999999998763,-16.649999999999636,-43.32999999999993,11117.703333333333,11134.493333333332,11153.01,11155.206666666667,11118.56,11108.95,11125.6,0.26666666666666666,2725.0,U,U,0.7333333333333333
02/11/2010,11125.22,11219.52,11125.22,11188.65,5.9099999999998545,9.609999999998763,-16.649999999999636,11117.326666666668,11117.703333333333,11134.493333333332,11153.01,11124.47,11118.56,11108.95,0.26666666666666666,2726.0,U,U,0.7333333333333333
03/11/2010,11197.5,11226.64,11097.37,11215.13,64.18000000000029,5.9099999999998545,9.609999999998763,11143.893333333333,11117.326666666668,11117.703333333333,11134.493333333332,11188.65,11124.47,11118.56,0.2,2727.0,U,U,0.7999999999999999
04/11/2010,11216.65,11440.37,11216.65,11434.92,26.479999999999563,64.18000000000029,5.9099999999998545,11176.083333333334,11143.893333333333,11117.326666666668,11117.703333333333,11215.13,11188.65,11124.47,0.6666666666666666,2728.0,U,D,0.3333333333333333
05/11/2010,11435.22,11451.53,11393.52,11444.15,219.79000000000087,26.479999999999563,64.18000000000029,11279.566666666666,11176.083333333334,11143.893333333333,11117.326666666668,11434.92,11215.13,11188.65,0.5333333333333333,2729.0,U,D,0.4666666666666666
08/11/2010,11439.54,11439.61,11362.53,11405.93,9.229999999999563,219.79000000000087,26.479999999999563,11364.733333333332,11279.566666666666,11176.083333333334,11143.893333333333,11444.15,11434.92,11215.13,0.6666666666666666,2730.0,D,D,0.3333333333333333
09/11/2010,11403.59,11421.14,11303.19,11348.56,-38.219999999999345,9.229999999999563,219.79000000000087,11428.333333333334,11364.733333333332,11279.566666666666,11176.083333333334,11405.93,11444.15,11434.92,0.6666666666666666,2731.0,D,D,0.3333333333333333
10/11/2010,11342.81,11366.16,11255.02,11355.38,-57.3700000000008,-38.219999999999345,9.229999999999563,11399.546666666667,11428.333333333334,11364.733333333332,11279.566666666666,11348.56,11405.93,11444.15,0.39999999999999997,2732.0,U,U,0.6
11/11/2010,11326.69,11326.77,11231.22,11283.7,6.819999999999709,-57.3700000000008,-38.219999999999345,11369.956666666665,11399.546666666667,11428.333333333334,11364.733333333332,11355.38,11348.56,11405.93,0.39999999999999997,2733.0,D,U,0.6
12/11/2010,11281.28,11283.7,11143.84,11192.58,-71.67999999999847,6.819999999999709,-57.3700000000008,11329.213333333333,11369.956666666665,11399.546666666667,11428.333333333334,11283.7,11355.38,11348.56,0.26666666666666666,2734.0,D,U,0.7333333333333333
15/11/2010,11194.02,11280.9,11189.1,11202.04,-91.1200000000008,-71.67999999999847,6.819999999999709,11277.220000000001,11329.213333333333,11369.956666666665,11399.546666666667,11192.58,11283.7,11355.38,0.4666666666666666,2735.0,U,U,0.5333333333333333
16/11/2010,11194.7,11194.7,10978.93,11024.87,9.460000000000946,-91.1200000000008,-71.67999999999847,11226.106666666667,11277.220000000001,11329.213333333333,11369.956666666665,11202.04,11192.58,11283.7,0.6,2736.0,D,D,0.39999999999999997
17/11/2010,11017.83,11042.16,10990.81,11008.03,-177.17000000000007,9.460000000000946,-91.1200000000008,11139.830000000002,11226.106666666667,11277.220000000001,11329.213333333333,11024.87,11202.04,11192.58,0.5333333333333333,2737.0,D,D,0.4666666666666666
18/11/2010,11010.49,11199.69,11010.34,11180.77,-16.840000000000146,-177.17000000000007,9.460000000000946,11078.313333333334,11139.830000000002,11226.106666666667,11277.220000000001,11008.03,11024.87,11202.04,0.4666666666666666,2738.0,U,U,0.5333333333333333
19/11/2010,11180.77,11206.17,11119.24,11203.33,172.73999999999978,-16.840000000000146,-177.17000000000007,11071.223333333333,11078.313333333334,11139.830000000002,11226.106666666667,11180.77,11008.03,11024.87,0.3333333333333333,2739.0,U,U,0.6666666666666666
22/11/2010,11201.66,11206.05,11054.53,11178.43,22.55999999999949,172.73999999999978,-16.840000000000146,11130.710000000001,11071.223333333333,11078.313333333334,11139.830000000002,11203.33,11180.77,11008.03,0.4666666666666666,2740.0,D,U,0.5333333333333333
23/11/2010,11177.6,11180.17,10992.17,11037.05,-24.899999999999636,22.55999999999949,172.73999999999978,11187.51,11130.710000000001,11071.223333333333,11078.313333333334,11178.43,11203.33,11180.77,0.4666666666666666,2741.0,D,U,0.5333333333333333
24/11/2010,11037.35,11195.99,11037.35,11187.21,-141.38000000000102,-24.899999999999636,22.55999999999949,11139.603333333333,11187.51,11130.710000000001,11071.223333333333,11037.05,11178.43,11203.33,0.3333333333333333,2742.0,U,U,0.6666666666666666
26/11/2010,11183.5,11183.5,11067.17,11092.0,150.15999999999985,-141.38000000000102,-24.899999999999636,11134.230000000001,11139.603333333333,11187.51,11130.710000000001,11187.21,11037.05,11178.43,0.3333333333333333,2743.0,D,U,0.6666666666666666
29/11/2010,11040.53,11083.82,10929.28,11052.49,-95.20999999999913,150.15999999999985,-141.38000000000102,11105.419999999998,11134.230000000001,11139.603333333333,11187.51,11092.0,11187.21,11037.05,0.6,2744.0,U,D,0.39999999999999997
30/11/2010,10973.7,11062.63,10942.98,11005.95,-39.51000000000022,-95.20999999999913,150.15999999999985,11110.566666666666,11105.419999999998,11134.230000000001,11139.603333333333,11052.49,11092.0,11187.21,0.26666666666666666,2745.0,U,U,0.7333333333333333
01/12/2010,11007.23,11276.1,11007.23,11254.72,-46.539999999999054,-39.51000000000022,-95.20999999999913,11050.146666666667,11110.566666666666,11105.419999999998,11134.230000000001,11005.95,11052.49,11092.0,0.4666666666666666,2746.0,U,U,0.5333333333333333
02/12/2010,11255.93,11373.8,11255.85,11362.41,248.76999999999862,-46.539999999999054,-39.51000000000022,11104.386666666667,11050.146666666667,11110.566666666666,11105.419999999998,11254.72,11005.95,11052.49,0.39999999999999997,2747.0,U,U,0.6
03/12/2010,11361.88,11388.87,11318.82,11380.88,107.69000000000051,248.76999999999862,-46.539999999999054,11207.693333333335,11104.386666666667,11050.146666666667,11110.566666666666,11362.41,11254.72,11005.95,0.4666666666666666,2748.0,U,U,0.5333333333333333
06/12/2010,11381.33,11392.08,11350.27,11362.19,18.469999999999345,107.69000000000051,248.76999999999862,11332.669999999998,11207.693333333335,11104.386666666667,11050.146666666667,11380.88,11362.41,11254.72,0.6666666666666666,2749.0,D,D,0.3333333333333333
07/12/2010,11363.85,11450.89,11354.09,11359.69,-18.68999999999869,18.469999999999345,107.69000000000051,11368.493333333334,11332.669999999998,11207.693333333335,11104.386666666667,11362.19,11380.88,11362.41,0.7333333333333333,2750.0,D,D,0.26666666666666666
08/12/2010,11354.3,11389.09,11327.49,11372.03,-2.5,-18.68999999999869,18.469999999999345,11367.586666666668,11368.493333333334,11332.669999999998,11207.693333333335,11359.69,11362.19,11380.88,0.4666666666666666,2751.0,U,U,0.5333333333333333
09/12/2010,11370.36,11413.35,11331.5,11369.53,12.340000000000146,-2.5,-18.68999999999869,11364.636666666667,11367.586666666668,11368.493333333334,11332.669999999998,11372.03,11359.69,11362.19,0.4666666666666666,2752.0,D,U,0.5333333333333333
10/12/2010,11370.44,11413.69,11357.72,11408.81,-2.5,12.340000000000146,-2.5,11367.083333333334,11364.636666666667,11367.586666666668,11368.493333333334,11369.53,11372.03,11359.69,0.4666666666666666,2753.0,U,U,0.5333333333333333
13/12/2010,11406.16,11480.03,11405.33,11428.41,39.279999999998836,-2.5,12.340000000000146,11383.456666666667,11367.083333333334,11364.636666666667,11367.586666666668,11408.81,11369.53,11372.03,0.4666666666666666,2754.0,U,U,0.5333333333333333
14/12/2010,11429.24,11514.08,11428.94,11477.38,19.600000000000364,39.279999999998836,-2.5,11402.25,11383.456666666667,11367.083333333334,11364.636666666667,11428.41,11408.81,11369.53,0.3333333333333333,2755.0,U,U,0.6666666666666666
15/12/2010,11475.64,11519.04,11445.67,11459.82,48.969999999999345,19.600000000000364,39.279999999998836,11438.199999999999,11402.25,11383.456666666667,11367.083333333334,11477.38,11428.41,11408.81,0.3333333333333333,2756.0,D,U,0.6666666666666666
16/12/2010,11465.27,11514.84,11421.3,11500.01,-17.55999999999949,48.969999999999345,19.600000000000364,11455.203333333333,11438.199999999999,11402.25,11383.456666666667,11459.82,11477.38,11428.41,0.3333333333333333,2757.0,U,U,0.6666666666666666
17/12/2010,11499.02,11503.18,11451.0,11493.57,40.19000000000051,-17.55999999999949,48.969999999999345,11479.07,11455.203333333333,11438.199999999999,11402.25,11500.01,11459.82,11477.38,0.3333333333333333,2758.0,D,U,0.6666666666666666
20/12/2010,11491.3,11517.07,11442.68,11477.98,-6.440000000000509,40.19000000000051,-17.55999999999949,11484.466666666667,11479.07,11455.203333333333,11438.199999999999,11493.57,11500.01,11459.82,0.4666666666666666,2759.0,D,U,0.5333333333333333
21/12/2010,11478.36,11549.12,11478.29,11534.59,-15.590000000000146,-6.440000000000509,40.19000000000051,11490.519999999999,11484.466666666667,11479.07,11455.203333333333,11477.98,11493.57,11500.01,0.39999999999999997,2760.0,U,U,0.6
22/12/2010,11532.17,11566.99,11528.08,11558.81,56.61000000000058,-15.590000000000146,-6.440000000000509,11502.046666666667,11490.519999999999,11484.466666666667,11479.07,11534.59,11477.98,11493.57,0.39999999999999997,2761.0,U,U,0.6
23/12/2010,11559.11,11580.84,11542.62,11573.19,24.219999999999345,56.61000000000058,-15.590000000000146,11523.793333333333,11502.046666666667,11490.519999999999,11484.466666666667,11558.81,11534.59,11477.98,0.4666666666666666,2762.0,U,U,0.5333333333333333
27/12/2010,11572.81,11573.19,11518.44,11554.95,14.380000000001019,24.219999999999345,56.61000000000058,11555.53,11523.793333333333,11502.046666666667,11490.519999999999,11573.19,11558.81,11534.59,0.3333333333333333,2763.0,D,U,0.6666666666666666
28/12/2010,11577.66,11591.13,11541.14,11575.99,-18.23999999999978,14.380000000001019,24.219999999999345,11562.316666666666,11555.53,11523.793333333333,11502.046666666667,11554.95,11573.19,11558.81,0.4666666666666666,2764.0,D,U,0.5333333333333333
29/12/2010,11572.74,11625.0,11572.66,11586.13,21.039999999999054,-18.23999999999978,14.380000000001019,11568.043333333333,11562.316666666666,11555.53,11523.793333333333,11575.99,11554.95,11573.19,0.39999999999999997,2765.0,U,U,0.6
30/12/2010,11585.91,11594.38,11551.93,11569.63,10.139999999999418,21.039999999999054,-18.23999999999978,11572.356666666667,11568.043333333333,11562.316666666666,11555.53,11586.13,11575.99,11554.95,0.4666666666666666,2766.0,D,U,0.5333333333333333
31/12/2010,11569.33,11597.41,11530.32,11578.72,-16.5,10.139999999999418,21.039999999999054,11577.25,11572.356666666667,11568.043333333333,11562.316666666666,11569.63,11586.13,11575.99,0.4666666666666666,2767.0,U,U,0.5333333333333333
03/01/2011,11577.43,11711.47,11577.35,11670.14,9.090000000000146,-16.5,10.139999999999418,11578.159999999998,11577.25,11572.356666666667,11568.043333333333,11578.72,11569.63,11586.13,0.4666666666666666,2768.0,U,U,0.5333333333333333
04/01/2011,11670.9,11698.22,11635.74,11690.2,91.42000000000007,9.090000000000146,-16.5,11606.163333333332,11578.159999999998,11577.25,11572.356666666667,11670.14,11578.72,11569.63,0.3333333333333333,2769.0,U,U,0.6666666666666666
05/01/2011,11688.61,11742.68,11652.89,11723.88,20.06000000000131,91.42000000000007,9.090000000000146,11646.353333333333,11606.163333333332,11578.159999999998,11577.25,11690.2,11670.14,11578.72,0.5333333333333333,2770.0,U,D,0.4666666666666666
06/01/2011,11716.93,11736.74,11667.46,11695.42,33.67999999999847,20.06000000000131,91.42000000000007,11694.74,11646.353333333333,11606.163333333332,11578.159999999998,11723.88,11690.2,11670.14,0.4666666666666666,2771.0,D,U,0.5333333333333333
07/01/2011,11696.86,11726.94,11599.68,11674.38,-28.459999999999127,33.67999999999847,20.06000000000131,11703.166666666666,11694.74,11646.353333333333,11606.163333333332,11695.42,11723.88,11690.2,0.4666666666666666,2772.0,D,U,0.5333333333333333
10/01/2011,11672.34,11677.33,11573.87,11637.52,-21.040000000000873,-28.459999999999127,33.67999999999847,11697.893333333333,11703.166666666666,11694.74,11646.353333333333,11674.38,11695.42,11723.88,0.4666666666666666,2773.0,D,U,0.5333333333333333
11/01/2011,11638.51,11704.12,11635.48,11671.96,-36.85999999999876,-21.040000000000873,-28.459999999999127,11669.106666666667,11697.893333333333,11703.166666666666,11694.74,11637.52,11674.38,11695.42,0.4666666666666666,2774.0,U,U,0.5333333333333333
12/01/2011,11673.62,11782.23,11673.62,11755.36,34.43999999999869,-36.85999999999876,-21.040000000000873,11661.286666666667,11669.106666666667,11697.893333333333,11703.166666666666,11671.96,11637.52,11674.38,0.4666666666666666,2775.0,U,U,0.5333333333333333
13/01/2011,11753.7,11757.25,11700.53,11731.45,83.40000000000146,34.43999999999869,-36.85999999999876,11688.279999999999,11661.286666666667,11669.106666666667,11697.893333333333,11755.36,11671.96,11637.52,0.4666666666666666,2776.0,D,U,0.5333333333333333
14/01/2011,11732.13,11794.15,11698.83,11787.3,-23.909999999999854,83.40000000000146,34.43999999999869,11719.590000000002,11688.279999999999,11661.286666666667,11669.106666666667,11731.45,11755.36,11671.96,0.4666666666666666,2777.0,U,U,0.5333333333333333
18/01/2011,11783.82,11858.78,11777.99,11838.01,55.849999999998545,-23.909999999999854,83.40000000000146,11758.036666666667,11719.590000000002,11688.279999999999,11661.286666666667,11787.3,11731.45,11755.36,0.6,2778.0,U,D,0.39999999999999997
19/01/2011,11834.21,11861.24,11798.46,11826.13,50.710000000000946,55.849999999998545,-23.909999999999854,11785.586666666668,11758.036666666667,11719.590000000002,11688.279999999999,11838.01,11787.3,11731.45,0.4666666666666666,2779.0,D,U,0.5333333333333333
20/01/2011,11823.7,11845.16,11744.77,11823.4,-11.880000000001019,50.710000000000946,55.849999999998545,11817.146666666666,11785.586666666668,11758.036666666667,11719.590000000002,11826.13,11838.01,11787.3,0.4666666666666666,2780.0,D,U,0.5333333333333333
21/01/2011,11876.83,11905.48,11822.8,11872.07,-2.7299999999995634,-11.880000000001019,50.710000000000946,11829.18,11817.146666666666,11785.586666666668,11758.036666666667,11823.4,11826.13,11838.01,0.4666666666666666,2781.0,D,U,0.5333333333333333
24/01/2011,11875.93,11982.94,11867.98,11979.99,48.67000000000007,-2.7299999999995634,-11.880000000001019,11840.533333333333,11829.18,11817.146666666666,11785.586666666668,11872.07,11823.4,11826.13,0.4666666666666666,2782.0,U,U,0.5333333333333333
25/01/2011,11980.9,11985.97,11898.74,11976.74,107.92000000000007,48.67000000000007,-2.7299999999995634,11891.82,11840.533333333333,11829.18,11817.146666666666,11979.99,11872.07,11823.4,0.39999999999999997,2783.0,D,U,0.6
26/01/2011,11978.85,12020.52,11961.83,11985.06,-3.25,107.92000000000007,48.67000000000007,11942.933333333332,11891.82,11840.533333333333,11829.18,11976.74,11979.99,11872.07,0.3333333333333333,2784.0,U,U,0.6666666666666666
27/01/2011,11985.36,12019.53,11971.93,11989.22,8.319999999999709,-3.25,107.92000000000007,11980.596666666666,11942.933333333332,11891.82,11840.533333333333,11985.06,11976.74,11979.99,0.2,2785.0,U,U,0.7999999999999999
28/01/2011,11990.36,12012.42,11803.04,11823.78,4.1599999999998545,8.319999999999709,-3.25,11983.673333333332,11980.596666666666,11942.933333333332,11891.82,11989.22,11985.06,11976.74,0.2,2786.0,D,U,0.7999999999999999
31/01/2011,11824.39,11891.48,11817.88,11891.48,-165.4399999999987,4.1599999999998545,8.319999999999709,11932.686666666666,11983.673333333332,11980.596666666666,11942.933333333332,11823.78,11989.22,11985.06,0.3333333333333333,2787.0,U,U,0.6666666666666666
01/02/2011,11892.5,12050.75,11892.5,12039.4,67.69999999999891,-165.4399999999987,4.1599999999998545,11901.493333333332,11932.686666666666,11983.673333333332,11980.596666666666,11891.48,11823.78,11989.22,0.4666666666666666,2788.0,U,U,0.5333333333333333
02/02/2011,12038.27,12057.91,12018.51,12042.2,147.92000000000007,67.69999999999891,-165.4399999999987,11918.220000000001,11901.493333333332,11932.686666666666,11983.673333333332,12039.4,11891.48,11823.78,0.5333333333333333,2789.0,U,D,0.4666666666666666
03/02/2011,12040.68,12080.54,11981.05,12062.41,2.8000000000010914,147.92000000000007,67.69999999999891,11991.026666666667,11918.220000000001,11901.493333333332,11932.686666666666,12042.2,12039.4,11891.48,0.2,2790.0,U,U,0.7999999999999999
04/02/2011,12061.73,12092.42,12025.78,12090.71,20.209999999999127,2.8000000000010914,147.92000000000007,12048.003333333332,11991.026666666667,11918.220000000001,11901.493333333332,12062.41,12042.2,12039.4,0.3333333333333333,2791.0,U,U,0.6666666666666666
07/02/2011,12092.38,12188.76,12092.3,12161.55,28.299999999999272,20.209999999999127,2.8000000000010914,12065.106666666667,12048.003333333332,11991.026666666667,11918.220000000001,12090.71,12062.41,12042.2,0.26666666666666666,2792.0,U,U,0.7333333333333333
08/02/2011,12152.62,12238.79,12150.05,12233.08,70.84000000000015,28.299999999999272,20.209999999999127,12104.89,12065.106666666667,12048.003333333332,11991.026666666667,12161.55,12090.71,12062.41,0.3333333333333333,2793.0,U,U,0.6666666666666666
09/02/2011,12229.29,12254.23,12188.19,12239.96,71.53000000000065,70.84000000000015,28.299999999999272,12161.779999999999,12104.89,12065.106666666667,12048.003333333332,12233.08,12161.55,12090.71,0.39999999999999997,2794.0,U,U,0.6
10/02/2011,12239.66,12239.66,12156.94,12229.06,6.8799999999992,71.53000000000065,70.84000000000015,12211.529999999999,12161.779999999999,12104.89,12065.106666666667,12239.96,12233.08,12161.55,0.3333333333333333,2795.0,D,U,0.6666666666666666
11/02/2011,12227.78,12285.94,12180.48,12273.49,-10.899999999999636,6.8799999999992,71.53000000000065,12234.033333333333,12211.529999999999,12161.779999999999,12104.89,12229.06,12239.96,12233.08,0.26666666666666666,2796.0,U,U,0.7333333333333333
14/02/2011,12262.74,12276.21,12235.91,12268.12,44.43000000000029,-10.899999999999636,6.8799999999992,12247.503333333332,12234.033333333333,12211.529999999999,12161.779999999999,12273.49,12229.06,12239.96,0.3333333333333333,2797.0,U,U,0.6666666666666666
15/02/2011,12266.68,12267.66,12193.27,12226.41,-5.369999999998981,44.43000000000029,-10.899999999999636,12256.89,12247.503333333332,12234.033333333333,12211.529999999999,12268.12,12273.49,12229.06,0.4666666666666666,2798.0,D,U,0.5333333333333333
16/02/2011,12219.79,12303.16,12219.79,12287.64,-41.710000000000946,-5.369999999998981,44.43000000000029,12256.006666666668,12256.89,12247.503333333332,12234.033333333333,12226.41,12268.12,12273.49,0.2,2799.0,U,U,0.7999999999999999
17/02/2011,12287.72,12331.31,12253.24,12317.84,61.22999999999956,-41.710000000000946,-5.369999999998981,12260.723333333333,12256.006666666668,12256.89,12247.503333333332,12287.64,12226.41,12268.12,0.3333333333333333,2800.0,U,U,0.6666666666666666
18/02/2011,12318.67,12391.29,12303.23,12391.03,30.200000000000728,61.22999999999956,-41.710000000000946,12277.296666666667,12260.723333333333,12256.006666666668,12256.89,12317.84,12287.64,12226.41,0.6,2801.0,U,D,0.39999999999999997
22/02/2011,12389.74,12389.82,12176.31,12212.34,73.19000000000051,30.200000000000728,61.22999999999956,12332.17,12277.296666666667,12260.723333333333,12256.006666666668,12391.03,12317.84,12287.64,0.5333333333333333,2802.0,D,D,0.4666666666666666
23/02/2011,12211.81,12221.12,12063.43,12106.08,-178.6900000000005,73.19000000000051,30.200000000000728,12307.070000000002,12332.17,12277.296666666667,12260.723333333333,12212.34,12391.03,12317.84,0.2,2803.0,D,U,0.7999999999999999
24/02/2011,12098.81,12129.62,11983.17,12068.73,-106.26000000000022,-178.6900000000005,73.19000000000051,12236.483333333335,12307.070000000002,12332.17,12277.296666666667,12106.08,12212.34,12391.03,0.26666666666666666,2804.0,D,U,0.7333333333333333
25/02/2011,12095.79,12151.03,12060.93,12131.05,-37.350000000000364,-106.26000000000022,-178.6900000000005,12129.049999999997,12236.483333333335,12307.070000000002,12332.17,12068.73,12106.08,12212.34,0.4666666666666666,2805.0,U,U,0.5333333333333333
28/02/2011,12131.05,12235.04,12130.15,12227.93,62.31999999999971,-37.350000000000364,-106.26000000000022,12101.953333333333,12129.049999999997,12236.483333333335,12307.070000000002,12131.05,12068.73,12106.08,0.5333333333333333,2806.0,U,D,0.4666666666666666
01/03/2011,12226.49,12261.38,12054.99,12056.88,96.88000000000102,62.31999999999971,-37.350000000000364,12142.57,12101.953333333333,12129.049999999997,12236.483333333335,12227.93,12131.05,12068.73,0.4666666666666666,2807.0,D,U,0.5333333333333333
02/03/2011,12057.34,12115.12,12018.63,12066.27,-171.0500000000011,96.88000000000102,62.31999999999971,12138.62,12142.57,12101.953333333333,12129.049999999997,12056.88,12227.93,12131.05,0.3333333333333333,2808.0,U,U,0.6666666666666666
03/03/2011,12068.01,12283.1,12068.01,12258.58,9.390000000001237,-171.0500000000011,96.88000000000102,12117.026666666667,12138.62,12142.57,12101.953333333333,12066.27,12056.88,12227.93,0.5333333333333333,2809.0,U,D,0.4666666666666666
04/03/2011,12259.87,12271.37,12079.51,12169.58,192.3099999999995,9.390000000001237,-171.0500000000011,12127.243333333334,12117.026666666667,12138.62,12142.57,12258.58,12066.27,12056.88,0.4666666666666666,2810.0,D,U,0.5333333333333333
07/03/2011,12171.09,12243.44,12041.6,12089.81,-89.0,192.3099999999995,9.390000000001237,12164.81,12127.243333333334,12117.026666666667,12138.62,12169.58,12258.58,12066.27,0.39999999999999997,2811.0,D,U,0.6
08/03/2011,12085.8,12251.2,12072.21,12214.61,-79.77000000000044,-89.0,192.3099999999995,12172.656666666668,12164.81,12127.243333333334,12117.026666666667,12089.81,12169.58,12258.58,0.2,2812.0,U,U,0.7999999999999999
09/03/2011,12211.16,12257.82,12156.6,12213.09,124.80000000000109,-79.77000000000044,-89.0,12158.0,12172.656666666668,12164.81,12127.243333333334,12214.61,12089.81,12169.58,0.5333333333333333,2813.0,U,D,0.4666666666666666
10/03/2011,12121.29,12211.43,11974.39,11984.99,-1.5200000000004366,124.80000000000109,-79.77000000000044,12172.503333333332,12158.0,12172.656666666668,12164.81,12213.09,12214.61,12089.81,0.39999999999999997,2814.0,D,U,0.6
11/03/2011,11976.96,12087.01,11936.32,12042.81,-228.10000000000036,-1.5200000000004366,124.80000000000109,12137.563333333334,12172.503333333332,12158.0,12172.656666666668,11984.99,12213.09,12214.61,0.2,2815.0,U,U,0.7999999999999999
14/03/2011,12011.17,12042.13,11897.31,11992.55,57.81999999999971,-228.10000000000036,-1.5200000000004366,12080.296666666667,12137.563333333334,12172.503333333332,12158.0,12042.81,11984.99,12213.09,0.5333333333333333,2816.0,D,D,0.4666666666666666
15/03/2011,11979.38,11988.69,11696.25,11854.58,-50.26000000000022,57.81999999999971,-228.10000000000036,12006.783333333333,12080.296666666667,12137.563333333334,12172.503333333332,11992.55,12042.81,11984.99,0.4666666666666666,2817.0,D,U,0.5333333333333333
16/03/2011,11854.2,11856.7,11555.48,11613.46,-137.96999999999935,-50.26000000000022,57.81999999999971,11963.313333333334,12006.783333333333,12080.296666666667,12137.563333333334,11854.58,11992.55,12042.81,0.3333333333333333,2818.0,D,U,0.6666666666666666
17/03/2011,11614.89,11800.54,11614.82,11774.06,-241.1200000000008,-137.96999999999935,-50.26000000000022,11820.196666666665,11963.313333333334,12006.783333333333,12080.296666666667,11613.46,11854.58,11992.55,0.4666666666666666,2819.0,U,U,0.5333333333333333
18/03/2011,11777.23,11927.09,11777.23,11858.67,160.60000000000036,-241.1200000000008,-137.96999999999935,11747.366666666667,11820.196666666665,11963.313333333334,12006.783333333333,11774.06,11613.46,11854.58,0.4666666666666666,2820.0,U,U,0.5333333333333333
21/03/2011,11860.11,12078.3,11860.11,12036.6,84.61000000000058,160.60000000000036,-241.1200000000008,11748.729999999998,11747.366666666667,11820.196666666665,11963.313333333334,11858.67,11774.06,11613.46,0.5333333333333333,2821.0,U,D,0.4666666666666666
22/03/2011,12036.37,12050.98,12002.85,12018.4,177.9300000000003,84.61000000000058,160.60000000000036,11889.776666666667,11748.729999999998,11747.366666666667,11820.196666666665,12036.6,11858.67,11774.06,0.4666666666666666,2822.0,D,U,0.5333333333333333
23/03/2011,12018.4,12116.14,11972.61,12085.64,-18.200000000000728,177.9300000000003,84.61000000000058,11971.223333333333,11889.776666666667,11748.729999999998,11747.366666666667,12018.4,12036.6,11858.67,0.26666666666666666,2823.0,U,U,0.7333333333333333
24/03/2011,12110.92,12191.18,12087.54,12170.64,67.23999999999978,-18.200000000000728,177.9300000000003,12046.88,11971.223333333333,11889.776666666667,11748.729999999998,12085.64,12018.4,12036.6,0.2,2824.0,U,U,0.7999999999999999
25/03/2011,12192.36,12259.79,12170.71,12220.51,85.0,67.23999999999978,-18.200000000000728,12091.56,12046.88,11971.223333333333,11889.776666666667,12170.64,12085.64,12018.4,0.3333333333333333,2825.0,U,U,0.6666666666666666
28/03/2011,12221.19,12272.92,12197.88,12197.88,49.8700000000008,85.0,67.23999999999978,12158.93,12091.56,12046.88,11971.223333333333,12220.51,12170.64,12085.64,0.5333333333333333,2826.0,D,D,0.4666666666666666
29/03/2011,12194.48,12285.41,12173.51,12279.01,-22.63000000000102,49.8700000000008,85.0,12196.343333333332,12158.93,12091.56,12046.88,12197.88,12220.51,12170.64,0.39999999999999997,2827.0,U,U,0.6
30/03/2011,12280.07,12383.46,12280.07,12350.61,81.13000000000102,-22.63000000000102,49.8700000000008,12232.466666666667,12196.343333333332,12158.93,12091.56,12279.01,12197.88,12220.51,0.26666666666666666,2828.0,U,U,0.7333333333333333
31/03/2011,12350.76,12381.68,12319.01,12319.73,71.60000000000036,81.13000000000102,-22.63000000000102,12275.833333333334,12232.466666666667,12196.343333333332,12158.93,12350.61,12279.01,12197.88,0.39999999999999997,2829.0,D,U,0.6
01/04/2011,12321.02,12419.71,12321.02,12376.72,-30.88000000000102,71.60000000000036,81.13000000000102,12316.450000000003,12275.833333333334,12232.466666666667,12196.343333333332,12319.73,12350.61,12279.01,0.39999999999999997,2830.0,U,U,0.6
04/04/2011,12374.6,12407.41,12369.15,12400.03,56.98999999999978,-30.88000000000102,71.60000000000036,12349.019999999999,12316.450000000003,12275.833333333334,12232.466666666667,12376.72,12319.73,12350.61,0.39999999999999997,2831.0,U,U,0.6
05/04/2011,12402.08,12438.14,12353.34,12393.9,23.31000000000131,56.98999999999978,-30.88000000000102,12365.493333333332,12349.019999999999,12316.450000000003,12275.833333333334,12400.03,12376.72,12319.73,0.4666666666666666,2832.0,D,U,0.5333333333333333
06/04/2011,12386.66,12450.93,12386.66,12426.75,-6.130000000001019,23.31000000000131,56.98999999999978,12390.216666666667,12365.493333333332,12349.019999999999,12316.450000000003,12393.9,12400.03,12376.72,0.39999999999999997,2833.0,U,U,0.6
07/04/2011,12426.45,12440.56,12328.36,12409.49,32.850000000000364,-6.130000000001019,23.31000000000131,12406.893333333333,12390.216666666667,12365.493333333332,12349.019999999999,12426.75,12393.9,12400.03,0.39999999999999997,2834.0,D,U,0.6
08/04/2011,12409.87,12450.36,12320.72,12380.05,-17.26000000000022,32.850000000000364,-6.130000000001019,12410.046666666667,12406.893333333333,12390.216666666667,12365.493333333332,12409.49,12426.75,12393.9,0.39999999999999997,2835.0,D,U,0.6
11/04/2011,12380.43,12444.0,12352.88,12381.11,-29.44000000000051,-17.26000000000022,32.850000000000364,12405.429999999998,12410.046666666667,12406.893333333333,12390.216666666667,12380.05,12409.49,12426.75,0.39999999999999997,2836.0,U,U,0.6
12/04/2011,12381.19,12381.19,12233.0,12263.58,1.0600000000013097,-29.44000000000051,-17.26000000000022,12390.216666666667,12405.429999999998,12410.046666666667,12406.893333333333,12381.11,12380.05,12409.49,0.3333333333333333,2837.0,D,U,0.6666666666666666
13/04/2011,12263.65,12335.1,12224.45,12270.99,-117.53000000000065,1.0600000000013097,-29.44000000000051,12341.58,12390.216666666667,12405.429999999998,12410.046666666667,12263.58,12381.11,12380.05,0.2,2838.0,U,U,0.7999999999999999
14/04/2011,12270.24,12305.58,12163.86,12285.15,7.4099999999998545,-117.53000000000065,1.0600000000013097,12305.226666666667,12341.58,12390.216666666667,12405.429999999998,12270.99,12263.58,12381.11,0.26666666666666666,2839.0,U,U,0.7333333333333333
15/04/2011,12285.45,12369.27,12272.58,12341.83,14.159999999999854,7.4099999999998545,-117.53000000000065,12273.24,12305.226666666667,12341.58,12390.216666666667,12285.15,12270.99,12263.58,0.3333333333333333,2840.0,U,U,0.6666666666666666
18/04/2011,12339.71,12339.79,12093.89,12201.59,56.68000000000029,14.159999999999854,7.4099999999998545,12299.323333333334,12273.24,12305.226666666667,12341.58,12341.83,12285.15,12270.99,0.3333333333333333,2841.0,D,U,0.6666666666666666
19/04/2011,12201.44,12275.34,12200.3,12266.75,-140.23999999999978,56.68000000000029,14.159999999999854,12276.19,12299.323333333334,12273.24,12305.226666666667,12201.59,12341.83,12285.15,0.39999999999999997,2842.0,U,U,0.6
20/04/2011,12266.75,12475.53,12263.58,12453.54,65.15999999999985,-140.23999999999978,56.68000000000029,12270.056666666665,12276.19,12299.323333333334,12273.24,12266.75,12201.59,12341.83,0.13333333333333333,2843.0,U,U,0.8666666666666666
21/04/2011,12453.62,12506.06,12447.56,12505.99,186.79000000000087,65.15999999999985,-140.23999999999978,12307.293333333335,12270.056666666665,12276.19,12299.323333333334,12453.54,12266.75,12201.59,0.6,2844.0,U,D,0.39999999999999997
25/04/2011,12505.99,12506.22,12446.05,12479.88,52.44999999999891,186.79000000000087,65.15999999999985,12408.76,12307.293333333335,12270.056666666665,12276.19,12505.99,12453.54,12266.75,0.5333333333333333,2845.0,D,D,0.4666666666666666
26/04/2011,12480.86,12613.16,12478.14,12595.37,-26.110000000000582,52.44999999999891,186.79000000000087,12479.803333333331,12408.76,12307.293333333335,12270.056666666665,12479.88,12505.99,12453.54,0.4666666666666666,2846.0,U,U,0.5333333333333333
27/04/2011,12592.23,12708.37,12588.33,12690.96,115.4900000000016,-26.110000000000582,52.44999999999891,12527.08,12479.803333333331,12408.76,12307.293333333335,12595.37,12479.88,12505.99,0.39999999999999997,2847.0,U,U,0.6
28/04/2011,12689.9,12776.14,12674.54,12763.31,95.58999999999833,115.4900000000016,-26.110000000000582,12588.736666666666,12527.08,12479.803333333331,12408.76,12690.96,12595.37,12479.88,0.4666666666666666,2848.0,U,U,0.5333333333333333
29/04/2011,12763.46,12832.83,12751.13,12810.54,72.35000000000036,95.58999999999833,115.4900000000016,12683.213333333333,12588.736666666666,12527.08,12479.803333333331,12763.31,12690.96,12595.37,0.6,2849.0,U,D,0.39999999999999997
02/05/2011,12810.16,12876.0,12784.62,12807.36,47.23000000000138,72.35000000000036,95.58999999999833,12754.936666666666,12683.213333333333,12588.736666666666,12527.08,12810.54,12763.31,12690.96,0.26666666666666666,2850.0,D,U,0.7333333333333333
03/05/2011,12806.38,12840.66,12749.99,12807.51,-3.180000000000291,47.23000000000138,72.35000000000036,12793.736666666666,12754.936666666666,12683.213333333333,12588.736666666666,12807.36,12810.54,12763.31,0.4666666666666666,2851.0,U,U,0.5333333333333333
04/05/2011,12806.29,12806.68,12673.02,12723.58,0.1499999999996362,-3.180000000000291,47.23000000000138,12808.470000000001,12793.736666666666,12754.936666666666,12683.213333333333,12807.51,12807.36,12810.54,0.6,2852.0,D,D,0.39999999999999997
05/05/2011,12723.65,12724.56,12521.28,12584.17,-83.93000000000029,0.1499999999996362,-3.180000000000291,12779.483333333335,12808.470000000001,12793.736666666666,12754.936666666666,12723.58,12807.51,12807.36,0.6,2853.0,D,D,0.39999999999999997
06/05/2011,12580.76,12759.23,12579.93,12638.74,-139.40999999999985,-83.93000000000029,0.1499999999996362,12705.086666666668,12779.483333333335,12808.470000000001,12793.736666666666,12584.17,12723.58,12807.51,0.7999999999999999,2854.0,U,D,0.2
09/05/2011,12637.83,12722.07,12620.2,12684.68,54.56999999999971,-139.40999999999985,-83.93000000000029,12648.83,12705.086666666668,12779.483333333335,12808.470000000001,12638.74,12584.17,12723.58,0.6,2855.0,U,D,0.39999999999999997
10/05/2011,12685.13,12781.06,12681.65,12760.36,45.94000000000051,54.56999999999971,-139.40999999999985,12635.863333333333,12648.83,12705.086666666668,12779.483333333335,12684.68,12638.74,12584.17,0.4666666666666666,2856.0,U,U,0.5333333333333333
11/05/2011,12745.87,12748.21,12577.21,12630.03,75.68000000000029,45.94000000000051,54.56999999999971,12694.593333333332,12635.863333333333,12648.83,12705.086666666668,12760.36,12684.68,12638.74,0.5333333333333333,2857.0,D,D,0.4666666666666666
12/05/2011,12629.96,12718.58,12537.17,12695.92,-130.32999999999993,75.68000000000029,45.94000000000051,12691.69,12694.593333333332,12635.863333333333,12648.83,12630.03,12760.36,12684.68,0.4666666666666666,2858.0,U,U,0.5333333333333333
13/05/2011,12695.65,12714.5,12543.19,12595.75,65.88999999999942,-130.32999999999993,75.68000000000029,12695.436666666666,12691.69,12694.593333333332,12635.863333333333,12695.92,12630.03,12760.36,0.6666666666666666,2859.0,D,D,0.3333333333333333
16/05/2011,12594.77,12642.9,12530.81,12548.37,-100.17000000000007,65.88999999999942,-130.32999999999993,12640.566666666666,12695.436666666666,12691.69,12694.593333333332,12595.75,12695.92,12630.03,0.4666666666666666,2860.0,D,U,0.5333333333333333
17/05/2011,12541.33,12541.33,12378.84,12479.58,-47.3799999999992,-100.17000000000007,65.88999999999942,12613.346666666666,12640.566666666666,12695.436666666666,12691.69,12548.37,12595.75,12695.92,0.6,2861.0,D,D,0.39999999999999997
18/05/2011,12471.78,12571.15,12443.1,12560.18,-68.79000000000087,-47.3799999999992,-100.17000000000007,12541.233333333335,12613.346666666666,12640.566666666666,12695.436666666666,12479.58,12548.37,12595.75,0.4666666666666666,2862.0,U,U,0.5333333333333333
19/05/2011,12561.46,12633.59,12533.46,12605.32,80.60000000000036,-68.79000000000087,-47.3799999999992,12529.376666666669,12541.233333333335,12613.346666666666,12640.566666666666,12560.18,12479.58,12548.37,0.4666666666666666,2863.0,U,U,0.5333333333333333
20/05/2011,12604.72,12604.83,12485.86,12512.04,45.13999999999942,80.60000000000036,-68.79000000000087,12548.36,12529.376666666669,12541.233333333335,12613.346666666666,12605.32,12560.18,12479.58,0.4666666666666666,2864.0,D,U,0.5333333333333333
23/05/2011,12511.36,12511.36,12331.77,12381.26,-93.27999999999884,45.13999999999942,80.60000000000036,12559.18,12548.36,12529.376666666669,12541.233333333335,12512.04,12605.32,12560.18,0.6,2865.0,D,D,0.39999999999999997
24/05/2011,12381.57,12422.55,12350.04,12356.21,-130.78000000000065,-93.27999999999884,45.13999999999942,12499.54,12559.18,12548.36,12529.376666666669,12381.26,12512.04,12605.32,0.4666666666666666,2866.0,D,U,0.5333333333333333
25/05/2011,12355.45,12440.03,12309.52,12394.66,-25.05000000000109,-130.78000000000065,-93.27999999999884,12416.503333333334,12499.54,12559.18,12548.36,12356.21,12381.26,12512.04,0.26666666666666666,2867.0,U,U,0.7333333333333333
26/05/2011,12391.63,12441.58,12317.92,12402.76,38.45000000000073,-25.05000000000109,-130.78000000000065,12377.376666666669,12416.503333333334,12499.54,12559.18,12394.66,12356.21,12381.26,0.3333333333333333,2868.0,U,U,0.6666666666666666
27/05/2011,12398.06,12483.81,12397.69,12441.58,8.100000000000364,38.45000000000073,-25.05000000000109,12384.543333333333,12377.376666666669,12416.503333333334,12499.54,12402.76,12394.66,12356.21,0.3333333333333333,2869.0,U,U,0.6666666666666666
31/05/2011,12443.4,12574.29,12443.4,12569.79,38.81999999999971,8.100000000000364,38.45000000000073,12413.0,12384.543333333333,12377.376666666669,12416.503333333334,12441.58,12402.76,12394.66,0.39999999999999997,2870.0,U,U,0.6
01/06/2011,12569.41,12569.49,12282.42,12290.14,128.21000000000095,38.81999999999971,8.100000000000364,12471.376666666669,12413.0,12384.543333333333,12377.376666666669,12569.79,12441.58,12402.76,0.39999999999999997,2871.0,D,U,0.6
02/06/2011,12289.61,12306.71,12190.54,12248.55,-279.65000000000146,128.21000000000095,38.81999999999971,12433.836666666668,12471.376666666669,12413.0,12384.543333333333,12290.14,12569.79,12441.58,0.39999999999999997,2872.0,D,U,0.6
03/06/2011,12247.8,12247.87,12104.03,12151.26,-41.590000000000146,-279.65000000000146,128.21000000000095,12369.493333333332,12433.836666666668,12471.376666666669,12413.0,12248.55,12290.14,12569.79,0.3333333333333333,2873.0,D,U,0.6666666666666666
06/06/2011,12151.19,12151.49,12070.66,12089.96,-97.28999999999905,-41.590000000000146,-279.65000000000146,12229.983333333332,12369.493333333332,12433.836666666668,12471.376666666669,12151.26,12248.55,12290.14,0.5333333333333333,2874.0,D,D,0.4666666666666666
07/06/2011,12090.18,12178.89,12066.61,12070.81,-61.30000000000109,-97.28999999999905,-41.590000000000146,12163.256666666666,12229.983333333332,12369.493333333332,12433.836666666668,12089.96,12151.26,12248.55,0.3333333333333333,2875.0,D,U,0.6666666666666666
08/06/2011,12066.27,12098.36,12024.26,12048.94,-19.149999999999636,-61.30000000000109,-97.28999999999905,12104.01,12163.256666666666,12229.983333333332,12369.493333333332,12070.81,12089.96,12151.26,0.39999999999999997,2876.0,D,U,0.6
09/06/2011,12049.47,12183.12,12049.09,12124.36,-21.86999999999898,-19.149999999999636,-61.30000000000109,12069.903333333334,12104.01,12163.256666666666,12229.983333333332,12048.94,12070.81,12089.96,0.4666666666666666,2877.0,U,U,0.5333333333333333
10/06/2011,12124.17,12124.85,11937.42,11951.91,75.42000000000007,-21.86999999999898,-19.149999999999636,12081.37,12069.903333333334,12104.01,12163.256666666666,12124.36,12048.94,12070.81,0.4666666666666666,2878.0,D,U,0.5333333333333333
13/06/2011,11945.33,12011.66,11917.78,11952.97,-172.45000000000073,75.42000000000007,-21.86999999999898,12041.73666666667,12081.37,12069.903333333334,12104.01,11951.91,12124.36,12048.94,0.39999999999999997,2879.0,U,U,0.6
14/06/2011,11951.38,12120.8,11951.38,12076.11,1.0599999999994907,-172.45000000000073,75.42000000000007,12009.746666666666,12041.73666666667,12081.37,12069.903333333334,11952.97,11951.91,12124.36,0.4666666666666666,2880.0,U,U,0.5333333333333333
15/06/2011,12075.12,12075.2,11862.53,11897.27,123.14000000000124,1.0599999999994907,-172.45000000000073,11993.663333333332,12009.746666666666,12041.73666666667,12081.37,12076.11,11952.97,11951.91,0.3333333333333333,2881.0,D,U,0.6666666666666666
16/06/2011,11896.13,11990.02,11875.77,11961.52,-178.84000000000015,123.14000000000124,1.0599999999994907,11975.450000000003,11993.663333333332,12009.746666666666,12041.73666666667,11897.27,12076.11,11952.97,0.3333333333333333,2882.0,U,U,0.6666666666666666
17/06/2011,11962.66,12072.89,11962.51,12004.36,64.25,-178.84000000000015,123.14000000000124,11978.300000000001,11975.450000000003,11993.663333333332,12009.746666666666,11961.52,11897.27,12076.11,0.2,2883.0,U,U,0.7999999999999999
20/06/2011,12004.28,12099.87,11971.29,12080.38,42.840000000000146,64.25,-178.84000000000015,11954.383333333333,11978.300000000001,11975.450000000003,11993.663333333332,12004.36,11961.52,11897.27,0.26666666666666666,2884.0,U,U,0.7333333333333333
21/06/2011,12081.33,12217.33,12081.18,12190.01,76.01999999999862,42.840000000000146,64.25,12015.42,11954.383333333333,11978.300000000001,11975.450000000003,12080.38,12004.36,11961.52,0.26666666666666666,2885.0,U,U,0.7333333333333333
22/06/2011,12189.71,12207.99,12105.85,12109.67,109.63000000000102,76.01999999999862,42.840000000000146,12091.583333333334,12015.42,11954.383333333333,11978.300000000001,12190.01,12080.38,12004.36,0.3333333333333333,2886.0,D,U,0.6666666666666666
23/06/2011,12108.35,12108.73,11874.94,12050.0,-80.34000000000015,109.63000000000102,76.01999999999862,12126.686666666666,12091.583333333334,12015.42,11954.383333333333,12109.67,12190.01,12080.38,0.3333333333333333,2887.0,D,U,0.6666666666666666
24/06/2011,12049.24,12057.19,11925.42,11934.58,-59.67000000000007,-80.34000000000015,109.63000000000102,12116.56,12126.686666666666,12091.583333333334,12015.42,12050.0,12109.67,12190.01,0.4666666666666666,2888.0,D,U,0.5333333333333333
27/06/2011,11934.66,12098.81,11934.05,12043.56,-115.42000000000007,-59.67000000000007,-80.34000000000015,12031.416666666666,12116.56,12126.686666666666,12091.583333333334,11934.58,12050.0,12109.67,0.4666666666666666,2889.0,U,U,0.5333333333333333
28/06/2011,12043.56,12190.43,12042.28,12188.69,108.97999999999956,-115.42000000000007,-59.67000000000007,12009.38,12031.416666666666,12116.56,12126.686666666666,12043.56,11934.58,12050.0,0.5333333333333333,2890.0,U,D,0.4666666666666666
29/06/2011,12187.63,12284.39,12175.86,12261.42,145.13000000000102,108.97999999999956,-115.42000000000007,12055.61,12009.38,12031.416666666666,12116.56,12188.69,12043.56,11934.58,0.39999999999999997,2891.0,U,U,0.6
30/06/2011,12262.25,12427.09,12262.1,12414.34,72.72999999999956,145.13000000000102,108.97999999999956,12164.556666666665,12055.61,12009.38,12031.416666666666,12261.42,12188.69,12043.56,0.4666666666666666,2892.0,U,U,0.5333333333333333
01/07/2011,12414.34,12596.13,12404.08,12582.77,152.92000000000007,72.72999999999956,145.13000000000102,12288.15,12164.556666666665,12055.61,12009.38,12414.34,12261.42,12188.69,0.39999999999999997,2893.0,U,U,0.6
05/07/2011,12569.87,12601.8,12540.58,12569.87,168.4300000000003,152.92000000000007,72.72999999999956,12419.51,12288.15,12164.556666666665,12055.61,12582.77,12414.34,12261.42,0.6666666666666666,2894.0,D,D,0.3333333333333333
06/07/2011,12562.47,12643.24,12539.21,12626.02,-12.899999999999636,168.4300000000003,152.92000000000007,12522.326666666668,12419.51,12288.15,12164.556666666665,12569.87,12582.77,12414.34,0.39999999999999997,2895.0,U,U,0.6
07/07/2011,12627.23,12753.89,12627.23,12719.49,56.149999999999636,-12.899999999999636,168.4300000000003,12592.886666666667,12522.326666666668,12419.51,12288.15,12626.02,12569.87,12582.77,0.39999999999999997,2896.0,U,U,0.6
08/07/2011,12717.9,12717.9,12567.41,12657.2,93.46999999999935,56.149999999999636,-12.899999999999636,12638.46,12592.886666666667,12522.326666666668,12419.51,12719.49,12626.02,12569.87,0.6666666666666666,2897.0,D,D,0.3333333333333333
11/07/2011,12655.62,12655.84,12470.3,12505.76,-62.289999999999054,93.46999999999935,56.149999999999636,12667.570000000002,12638.46,12592.886666666667,12522.326666666668,12657.2,12719.49,12626.02,0.4666666666666666,2898.0,D,U,0.5333333333333333
12/07/2011,12505.54,12570.58,12446.88,12446.88,-151.4400000000005,-62.289999999999054,93.46999999999935,12627.483333333335,12667.570000000002,12638.46,12592.886666666667,12505.76,12657.2,12719.49,0.6666666666666666,2899.0,D,D,0.3333333333333333
13/07/2011,12447.33,12611.04,12447.33,12491.61,-58.88000000000102,-151.4400000000005,-62.289999999999054,12536.613333333333,12627.483333333335,12667.570000000002,12638.46,12446.88,12505.76,12657.2,0.4666666666666666,2900.0,U,U,0.5333333333333333
14/07/2011,12491.53,12581.98,12414.41,12437.12,44.73000000000138,-58.88000000000102,-151.4400000000005,12481.416666666666,12536.613333333333,12627.483333333335,12667.570000000002,12491.61,12446.88,12505.76,0.26666666666666666,2901.0,D,U,0.7333333333333333
15/07/2011,12437.12,12504.82,12406.09,12479.73,-54.48999999999978,44.73000000000138,-58.88000000000102,12458.536666666667,12481.416666666666,12536.613333333333,12627.483333333335,12437.12,12491.61,12446.88,0.3333333333333333,2902.0,U,U,0.6666666666666666
18/07/2011,12475.11,12475.26,12296.23,12385.16,42.60999999999876,-54.48999999999978,44.73000000000138,12469.48666666667,12458.536666666667,12481.416666666666,12536.613333333333,12479.73,12437.12,12491.61,0.4666666666666666,2903.0,D,U,0.5333333333333333
19/07/2011,12386.03,12607.56,12385.96,12587.42,-94.56999999999971,42.60999999999876,-54.48999999999978,12434.003333333332,12469.48666666667,12458.536666666667,12481.416666666666,12385.16,12479.73,12437.12,0.3333333333333333,2904.0,U,U,0.6666666666666666
20/07/2011,12583.68,12603.51,12546.56,12571.91,202.26000000000022,-94.56999999999971,42.60999999999876,12484.103333333333,12434.003333333332,12469.48666666667,12458.536666666667,12587.42,12385.16,12479.73,0.5333333333333333,2905.0,D,D,0.4666666666666666
21/07/2011,12567.07,12751.43,12566.61,12724.41,-15.510000000000218,202.26000000000022,-94.56999999999971,12514.830000000002,12484.103333333333,12434.003333333332,12469.48666666667,12571.91,12587.42,12385.16,0.39999999999999997,2906.0,U,U,0.6
22/07/2011,12724.71,12740.87,12644.19,12681.16,152.5,-15.510000000000218,202.26000000000022,12627.913333333336,12514.830000000002,12484.103333333333,12434.003333333332,12724.41,12571.91,12587.42,0.4666666666666666,2907.0,D,U,0.5333333333333333
25/07/2011,12679.72,12679.95,12536.19,12592.8,-43.25,152.5,-15.510000000000218,12659.159999999998,12627.913333333336,12514.830000000002,12484.103333333333,12681.16,12724.41,12571.91,0.5333333333333333,2908.0,D,D,0.4666666666666666
26/07/2011,12592.12,12593.4,12489.04,12501.3,-88.36000000000058,-43.25,152.5,12666.123333333331,12659.159999999998,12627.913333333336,12514.830000000002,12592.8,12681.16,12724.41,0.6666666666666666,2909.0,D,D,0.3333333333333333
27/07/2011,12498.42,12498.65,12289.69,12302.55,-91.5,-88.36000000000058,-43.25,12591.753333333332,12666.123333333331,12659.159999999998,12627.913333333336,12501.3,12592.8,12681.16,0.6,2910.0,D,D,0.39999999999999997
28/07/2011,12301.72,12384.9,12226.83,12240.11,-198.75,-91.5,-88.36000000000058,12465.549999999997,12591.753333333332,12666.123333333331,12659.159999999998,12302.55,12501.3,12592.8,0.5333333333333333,2911.0,D,D,0.4666666666666666
29/07/2011,12239.36,12243.07,12083.45,12143.24,-62.43999999999869,-198.75,-91.5,12347.986666666666,12465.549999999997,12591.753333333332,12666.123333333331,12240.11,12302.55,12501.3,0.3333333333333333,2912.0,D,U,0.6666666666666666
01/08/2011,12144.22,12282.42,11998.08,12132.49,-96.8700000000008,-62.43999999999869,-198.75,12228.633333333333,12347.986666666666,12465.549999999997,12591.753333333332,12143.24,12240.11,12302.55,0.6,2913.0,D,D,0.39999999999999997
02/08/2011,12129.77,12130.3,11865.56,11866.62,-10.75,-96.8700000000008,-62.43999999999869,12171.946666666665,12228.633333333333,12347.986666666666,12465.549999999997,12132.49,12143.24,12240.11,0.3333333333333333,2914.0,D,U,0.6666666666666666
03/08/2011,11863.74,11904.91,11700.34,11896.44,-265.869999999999,-10.75,-96.8700000000008,12047.449999999999,12171.946666666665,12228.633333333333,12347.986666666666,11866.62,12132.49,12143.24,0.3333333333333333,2915.0,U,U,0.6666666666666666
04/08/2011,11893.86,11893.94,11372.14,11383.68,29.81999999999971,-265.869999999999,-10.75,11965.183333333334,12047.449999999999,12171.946666666665,12228.633333333333,11896.44,11866.62,12132.49,0.6,2916.0,D,D,0.39999999999999997
05/08/2011,11383.98,11555.41,11139.0,11444.61,-512.7600000000002,29.81999999999971,-265.869999999999,11715.580000000002,11965.183333333334,12047.449999999999,12171.946666666665,11383.68,11896.44,11866.62,0.3333333333333333,2917.0,U,U,0.6666666666666666
08/08/2011,11433.93,11434.09,10809.85,10809.85,60.93000000000029,-512.7600000000002,29.81999999999971,11574.910000000002,11715.580000000002,11965.183333333334,12047.449999999999,11444.61,11383.68,11896.44,0.39999999999999997,2918.0,D,U,0.6
09/08/2011,10810.91,11244.01,10604.07,11239.77,-634.7600000000002,60.93000000000029,-512.7600000000002,11212.713333333333,11574.910000000002,11715.580000000002,11965.183333333334,10809.85,11444.61,11383.68,0.39999999999999997,2919.0,U,U,0.6
10/08/2011,11228.0,11228.0,10686.49,10719.94,429.9200000000001,-634.7600000000002,60.93000000000029,11164.743333333332,11212.713333333333,11574.910000000002,11715.580000000002,11239.77,10809.85,11444.61,0.3333333333333333,2920.0,D,U,0.6666666666666666
11/08/2011,10729.85,11278.9,10729.85,11143.31,-519.8299999999999,429.9200000000001,-634.7600000000002,10923.186666666668,11164.743333333332,11212.713333333333,11574.910000000002,10719.94,11239.77,10809.85,0.39999999999999997,2921.0,U,U,0.6
12/08/2011,11143.46,11346.67,11142.18,11269.02,423.369999999999,-519.8299999999999,429.9200000000001,11034.339999999998,10923.186666666668,11164.743333333332,11212.713333333333,11143.31,10719.94,11239.77,0.4666666666666666,2922.0,U,U,0.5333333333333333
15/08/2011,11269.85,11484.6,11269.85,11482.9,125.71000000000095,423.369999999999,-519.8299999999999,11044.090000000002,11034.339999999998,10923.186666666668,11164.743333333332,11269.02,11143.31,10719.94,0.6666666666666666,2923.0,U,D,0.3333333333333333
16/08/2011,11480.48,11488.01,11292.63,11405.93,213.8799999999992,125.71000000000095,423.369999999999,11298.410000000002,11044.090000000002,11034.339999999998,10923.186666666668,11482.9,11269.02,11143.31,0.6,2924.0,D,D,0.39999999999999997
17/08/2011,11392.01,11529.67,11322.3,11410.21,-76.96999999999935,213.8799999999992,125.71000000000095,11385.949999999999,11298.410000000002,11044.090000000002,11034.339999999998,11405.93,11482.9,11269.02,0.6,2925.0,U,D,0.39999999999999997
18/08/2011,11406.27,11406.5,10881.6,10990.58,4.279999999998836,-76.96999999999935,213.8799999999992,11433.013333333334,11385.949999999999,11298.410000000002,11044.090000000002,11410.21,11405.93,11482.9,0.6666666666666666,2926.0,D,D,0.3333333333333333
19/08/2011,10989.75,11086.4,10801.41,10817.65,-419.6299999999992,4.279999999998836,-76.96999999999935,11268.906666666668,11433.013333333334,11385.949999999999,11298.410000000002,10990.58,11410.21,11405.93,0.3333333333333333,2927.0,D,U,0.6666666666666666
22/08/2011,10820.37,11020.55,10820.37,10854.65,-172.9300000000003,-419.6299999999992,4.279999999998836,11072.813333333334,11268.906666666668,11433.013333333334,11385.949999999999,10817.65,10990.58,11410.21,0.39999999999999997,2928.0,U,U,0.6
23/08/2011,10854.58,11176.84,10854.43,11176.76,37.0,-172.9300000000003,-419.6299999999992,10887.626666666665,11072.813333333334,11268.906666666668,11433.013333333334,10854.65,10817.65,10990.58,0.3333333333333333,2929.0,U,U,0.6666666666666666
24/08/2011,11175.78,11331.57,11113.04,11320.71,322.1100000000006,37.0,-172.9300000000003,10949.686666666666,10887.626666666665,11072.813333333334,11268.906666666668,11176.76,10854.65,10817.65,0.5333333333333333,2930.0,U,D,0.4666666666666666
25/08/2011,11321.02,11406.39,11106.76,11149.82,143.9499999999989,322.1100000000006,37.0,11117.373333333331,10949.686666666666,10887.626666666665,11072.813333333334,11320.71,11176.76,10854.65,0.6,2931.0,D,D,0.39999999999999997
26/08/2011,11149.82,11326.43,10929.2,11284.54,-170.88999999999942,143.9499999999989,322.1100000000006,11215.763333333334,11117.373333333331,10949.686666666666,10887.626666666665,11149.82,11320.71,11176.76,0.4666666666666666,2932.0,U,U,0.5333333333333333
29/08/2011,11286.65,11541.78,11286.58,11539.25,134.72000000000116,-170.88999999999942,143.9499999999989,11251.69,11215.763333333334,11117.373333333331,10949.686666666666,11284.54,11149.82,11320.71,0.6,2933.0,U,D,0.39999999999999997
30/08/2011,11532.13,11630.07,11429.39,11559.95,254.70999999999913,134.72000000000116,-170.88999999999942,11324.536666666667,11251.69,11215.763333333334,11117.373333333331,11539.25,11284.54,11149.82,0.5333333333333333,2934.0,U,D,0.4666666666666666
31/08/2011,11560.48,11712.6,11528.08,11613.53,20.700000000000728,254.70999999999913,134.72000000000116,11461.246666666668,11324.536666666667,11251.69,11215.763333333334,11559.95,11539.25,11284.54,0.5333333333333333,2935.0,U,D,0.4666666666666666
01/09/2011,11613.3,11716.84,11488.46,11493.57,53.57999999999993,20.700000000000728,254.70999999999913,11570.910000000002,11461.246666666668,11324.536666666667,11251.69,11613.53,11559.95,11539.25,0.3333333333333333,2936.0,D,U,0.6666666666666666
02/09/2011,11492.06,11492.14,11211.35,11240.26,-119.96000000000095,53.57999999999993,20.700000000000728,11555.683333333334,11570.910000000002,11461.246666666668,11324.536666666667,11493.57,11613.53,11559.95,0.5333333333333333,2937.0,D,D,0.4666666666666666
06/09/2011,11237.31,11237.46,10932.53,11139.3,-253.3099999999995,-119.96000000000095,53.57999999999993,11449.12,11555.683333333334,11570.910000000002,11461.246666666668,11240.26,11493.57,11613.53,0.5333333333333333,2938.0,D,D,0.4666666666666666
07/09/2011,11137.63,11414.86,11137.63,11414.86,-100.96000000000095,-253.3099999999995,-119.96000000000095,11291.043333333335,11449.12,11555.683333333334,11570.910000000002,11139.3,11240.26,11493.57,0.3333333333333333,2939.0,U,U,0.6666666666666666
08/09/2011,11414.86,11477.3,11283.74,11295.81,275.5600000000013,-100.96000000000095,-253.3099999999995,11264.806666666665,11291.043333333335,11449.12,11555.683333333334,11414.86,11139.3,11240.26,0.39999999999999997,2940.0,D,U,0.6
09/09/2011,11294.6,11294.83,10935.64,10992.13,-119.05000000000109,275.5600000000013,-100.96000000000095,11283.323333333334,11264.806666666665,11291.043333333335,11449.12,11295.81,11414.86,11139.3,0.26666666666666666,2941.0,D,U,0.7333333333333333
12/09/2011,10990.01,11062.03,10824.76,11061.12,-303.6800000000003,-119.05000000000109,275.5600000000013,11234.266666666665,11283.323333333334,11264.806666666665,11291.043333333335,10992.13,11295.81,11414.86,0.39999999999999997,2942.0,U,U,0.6
13/09/2011,11054.99,11140.85,10987.18,11105.85,68.9900000000016,-303.6800000000003,-119.05000000000109,11116.353333333333,11234.266666666665,11283.323333333334,11264.806666666665,11061.12,10992.13,11295.81,0.5333333333333333,2943.0,U,D,0.4666666666666666
14/09/2011,11106.83,11386.78,10993.84,11246.73,44.72999999999956,68.9900000000016,-303.6800000000003,11053.033333333333,11116.353333333333,11234.266666666665,11283.323333333334,11105.85,11061.12,10992.13,0.39999999999999997,2944.0,U,U,0.6
15/09/2011,11247.72,11433.4,11247.49,11433.18,140.8799999999992,44.72999999999956,68.9900000000016,11137.9,11053.033333333333,11116.353333333333,11234.266666666665,11246.73,11105.85,11061.12,0.3333333333333333,2945.0,U,U,0.6666666666666666
16/09/2011,11433.71,11532.47,11407.41,11509.09,186.45000000000073,140.8799999999992,44.72999999999956,11261.92,11137.9,11053.033333333333,11116.353333333333,11433.18,11246.73,11105.85,0.4666666666666666,2946.0,U,U,0.5333333333333333
19/09/2011,11506.82,11506.82,11255.25,11401.01,75.90999999999985,186.45000000000073,140.8799999999992,11396.333333333334,11261.92,11137.9,11053.033333333333,11509.09,11433.18,11246.73,0.6,2947.0,D,D,0.39999999999999997
20/09/2011,11401.47,11550.22,11373.92,11408.66,-108.07999999999993,75.90999999999985,186.45000000000073,11447.76,11396.333333333334,11261.92,11137.9,11401.01,11509.09,11433.18,0.6,2948.0,U,D,0.39999999999999997
21/09/2011,11408.58,11447.86,11117.28,11124.84,7.649999999999636,-108.07999999999993,75.90999999999985,11439.586666666664,11447.76,11396.333333333334,11261.92,11408.66,11401.01,11509.09,0.4666666666666666,2949.0,D,U,0.5333333333333333
22/09/2011,11121.89,11122.12,10597.14,10733.83,-283.8199999999997,7.649999999999636,-108.07999999999993,11311.503333333332,11439.586666666664,11447.76,11396.333333333334,11124.84,11408.66,11401.01,0.26666666666666666,2950.0,D,U,0.7333333333333333
23/09/2011,10732.77,10808.49,10638.73,10771.48,-391.0100000000002,-283.8199999999997,7.649999999999636,11089.11,11311.503333333332,11439.586666666664,11447.76,10733.83,11124.84,11408.66,0.39999999999999997,2951.0,U,U,0.6
26/09/2011,10771.78,11057.49,10771.78,11043.86,37.649999999999636,-391.0100000000002,-283.8199999999997,10876.716666666665,11089.11,11311.503333333332,11439.586666666664,10771.48,10733.83,11124.84,0.26666666666666666,2952.0,U,U,0.7333333333333333
27/09/2011,11045.23,11369.3,11045.23,11190.69,272.380000000001,37.649999999999636,-391.0100000000002,10849.723333333333,10876.716666666665,11089.11,11311.503333333332,11043.86,10771.48,10733.83,0.39999999999999997,2953.0,U,U,0.6
28/09/2011,11189.1,11317.08,10996.98,11010.9,146.82999999999993,272.380000000001,37.649999999999636,11002.01,10849.723333333333,10876.716666666665,11089.11,11190.69,11043.86,10771.48,0.6666666666666666,2954.0,D,D,0.3333333333333333
29/09/2011,11012.79,11271.14,10965.45,11153.98,-179.79000000000087,146.82999999999993,272.380000000001,11081.816666666668,11002.01,10849.723333333333,10876.716666666665,11010.9,11190.69,11043.86,0.39999999999999997,2955.0,U,U,0.6
30/09/2011,11152.32,11152.39,10909.52,10913.38,143.07999999999993,-179.79000000000087,146.82999999999993,11118.523333333333,11081.816666666668,11002.01,10849.723333333333,11153.98,11010.9,11190.69,0.6,2956.0,D,D,0.39999999999999997
03/10/2011,10912.1,10979.19,10653.34,10655.3,-240.60000000000036,143.07999999999993,-179.79000000000087,11026.086666666664,11118.523333333333,11081.816666666668,11002.01,10913.38,11153.98,11010.9,0.5333333333333333,2957.0,D,D,0.4666666666666666
04/10/2011,10651.44,10825.44,10404.49,10808.71,-258.0799999999999,-240.60000000000036,143.07999999999993,10907.553333333333,11026.086666666664,11118.523333333333,11081.816666666668,10655.3,10913.38,11153.98,0.3333333333333333,2958.0,U,U,0.6666666666666666
05/10/2011,10800.47,10950.89,10738.1,10939.95,153.40999999999985,-258.0799999999999,-240.60000000000036,10792.463333333333,10907.553333333333,11026.086666666664,11118.523333333333,10808.71,10655.3,10913.38,0.4666666666666666,2959.0,U,U,0.5333333333333333
06/10/2011,10939.87,11132.6,10858.67,11123.33,131.2400000000016,153.40999999999985,-258.0799999999999,10801.32,10792.463333333333,10907.553333333333,11026.086666666664,10939.95,10808.71,10655.3,0.5333333333333333,2960.0,U,D,0.4666666666666666
07/10/2011,11123.41,11232.05,11051.13,11103.12,183.3799999999992,131.2400000000016,153.40999999999985,10957.33,10801.32,10792.463333333333,10907.553333333333,11123.33,10939.95,10808.71,0.6666666666666666,2961.0,D,D,0.3333333333333333
10/10/2011,11104.56,11433.33,11104.56,11433.18,-20.209999999999127,183.3799999999992,131.2400000000016,11055.466666666667,10957.33,10801.32,10792.463333333333,11103.12,11123.33,10939.95,0.5333333333333333,2962.0,U,D,0.4666666666666666
11/10/2011,11432.8,11447.86,11365.67,11416.3,330.0599999999995,-20.209999999999127,183.3799999999992,11219.876666666669,11055.466666666667,10957.33,10801.32,11433.18,11103.12,11123.33,0.6,2963.0,D,D,0.39999999999999997
12/10/2011,11417.36,11625.3,11417.28,11518.85,-16.88000000000102,330.0599999999995,-20.209999999999127,11317.533333333335,11219.876666666669,11055.466666666667,10957.33,11416.3,11433.18,11103.12,0.4666666666666666,2964.0,U,U,0.5333333333333333
13/10/2011,11518.09,11518.09,11377.82,11478.13,102.55000000000109,-16.88000000000102,330.0599999999995,11456.11,11317.533333333335,11219.876666666669,11055.466666666667,11518.85,11416.3,11433.18,0.6666666666666666,2965.0,D,D,0.3333333333333333
14/10/2011,11478.97,11646.83,11478.66,11644.49,-40.720000000001164,102.55000000000109,-16.88000000000102,11471.093333333332,11456.11,11317.533333333335,11219.876666666669,11478.13,11518.85,11416.3,0.26666666666666666,2966.0,U,U,0.7333333333333333
17/10/2011,11643.35,11643.35,11378.35,11397.0,166.36000000000058,-40.720000000001164,102.55000000000109,11547.156666666668,11471.093333333332,11456.11,11317.533333333335,11644.49,11478.13,11518.85,0.39999999999999997,2967.0,D,U,0.6
18/10/2011,11396.17,11652.74,11296.12,11577.05,-247.48999999999978,166.36000000000058,-40.720000000001164,11506.539999999999,11547.156666666668,11471.093333333332,11456.11,11397.0,11644.49,11478.13,0.5333333333333333,2968.0,U,D,0.4666666666666666
19/10/2011,11577.54,11633.7,11469.17,11504.62,180.04999999999927,-247.48999999999978,166.36000000000058,11539.51333333333,11506.539999999999,11547.156666666668,11471.093333333332,11577.05,11397.0,11644.49,0.3333333333333333,2969.0,D,U,0.6666666666666666
20/10/2011,11502.13,11581.25,11391.14,11541.78,-72.42999999999847,180.04999999999927,-247.48999999999978,11492.89,11539.51333333333,11506.539999999999,11547.156666666668,11504.62,11577.05,11397.0,0.4666666666666666,2970.0,U,U,0.5333333333333333
21/10/2011,11543.22,11812.46,11542.84,11808.79,37.159999999999854,-72.42999999999847,180.04999999999927,11541.15,11492.89,11539.51333333333,11506.539999999999,11541.78,11504.62,11577.05,0.26666666666666666,2971.0,U,U,0.7333333333333333
24/10/2011,11807.96,11940.75,11805.77,11913.62,267.0100000000002,37.159999999999854,-72.42999999999847,11618.396666666667,11541.15,11492.89,11539.51333333333,11808.79,11541.78,11504.62,0.4666666666666666,2972.0,U,U,0.5333333333333333
25/10/2011,11912.63,11912.86,11682.52,11706.62,104.82999999999993,267.0100000000002,37.159999999999854,11754.730000000001,11618.396666666667,11541.15,11492.89,11913.62,11808.79,11541.78,0.7333333333333333,2973.0,D,D,0.26666666666666666
26/10/2011,11707.76,11891.21,11694.36,11869.04,-207.0,104.82999999999993,267.0100000000002,11809.676666666668,11754.730000000001,11618.396666666667,11541.15,11706.62,11913.62,11808.79,0.6666666666666666,2974.0,U,D,0.3333333333333333
27/10/2011,11872.07,12284.31,11872.07,12208.55,162.42000000000007,-207.0,104.82999999999993,11829.76,11809.676666666668,11754.730000000001,11618.396666666667,11869.04,11706.62,11913.62,0.39999999999999997,2975.0,U,U,0.6
28/10/2011,12207.34,12251.92,12164.24,12231.11,339.5099999999984,162.42000000000007,-207.0,11928.070000000002,11829.76,11809.676666666668,11754.730000000001,12208.55,11869.04,11706.62,0.3333333333333333,2976.0,U,U,0.6666666666666666
31/10/2011,12229.22,12229.29,11954.41,11955.01,22.56000000000131,339.5099999999984,162.42000000000007,12102.9,11928.070000000002,11829.76,11809.676666666668,12231.11,12208.55,11869.04,0.26666666666666666,2977.0,D,U,0.7333333333333333
01/11/2011,11951.53,11951.76,11630.03,11657.96,-276.10000000000036,22.56000000000131,339.5099999999984,12131.556666666665,12102.9,11928.070000000002,11829.76,11955.01,12231.11,12208.55,0.3333333333333333,2978.0,D,U,0.6666666666666666
02/11/2011,11658.49,11876.83,11658.49,11836.04,-297.0500000000011,-276.10000000000036,22.56000000000131,11948.026666666667,12131.556666666665,12102.9,11928.070000000002,11657.96,11955.01,12231.11,0.3333333333333333,2979.0,U,U,0.6666666666666666
03/11/2011,11835.59,12065.93,11835.43,12044.47,178.08000000000175,-297.0500000000011,-276.10000000000036,11816.336666666668,11948.026666666667,12131.556666666665,12102.9,11836.04,11657.96,11955.01,0.4666666666666666,2980.0,U,U,0.5333333333333333
04/11/2011,12043.41,12043.49,11850.31,11983.24,208.42999999999847,178.08000000000175,-297.0500000000011,11846.156666666668,11816.336666666668,11948.026666666667,12131.556666666665,12044.47,11836.04,11657.96,0.4666666666666666,2981.0,D,U,0.5333333333333333
07/11/2011,11983.02,12074.44,11880.69,12068.39,-61.22999999999956,208.42999999999847,178.08000000000175,11954.583333333334,11846.156666666668,11816.336666666668,11948.026666666667,11983.24,12044.47,11836.04,0.26666666666666666,2982.0,U,U,0.7333333333333333
08/11/2011,12055.52,12187.51,12002.17,12170.18,85.14999999999964,-61.22999999999956,208.42999999999847,12032.033333333333,11954.583333333334,11846.156666666668,11816.336666666668,12068.39,11983.24,12044.47,0.2,2983.0,U,U,0.7999999999999999
09/11/2011,12166.4,12166.4,11736.93,11780.94,101.79000000000087,85.14999999999964,-61.22999999999956,12073.936666666666,12032.033333333333,11954.583333333334,11846.156666666668,12170.18,12068.39,11983.24,0.39999999999999997,2984.0,D,U,0.6
10/11/2011,11780.03,11961.14,11779.88,11893.86,-389.2399999999998,101.79000000000087,85.14999999999964,12006.503333333334,12073.936666666666,12032.033333333333,11954.583333333334,11780.94,12170.18,12068.39,0.26666666666666666,2985.0,U,U,0.7333333333333333
11/11/2011,11896.28,12179.72,11896.28,12153.68,112.92000000000007,-389.2399999999998,101.79000000000087,11948.326666666668,12006.503333333334,12073.936666666666,12032.033333333333,11893.86,11780.94,12170.18,0.39999999999999997,2986.0,U,U,0.6
14/11/2011,12153.0,12170.56,12027.03,12078.98,259.8199999999997,112.92000000000007,-389.2399999999998,11942.826666666668,11948.326666666668,12006.503333333334,12073.936666666666,12153.68,11893.86,11780.94,0.6,2987.0,D,D,0.39999999999999997
15/11/2011,12077.92,12165.11,12001.26,12096.16,-74.70000000000073,259.8199999999997,112.92000000000007,12042.173333333334,11942.826666666668,11948.326666666668,12006.503333333334,12078.98,12153.68,11893.86,0.26666666666666666,2988.0,U,U,0.7333333333333333
16/11/2011,12084.74,12109.03,11890.57,11905.59,17.18000000000029,-74.70000000000073,259.8199999999997,12109.606666666667,12042.173333333334,11942.826666666668,11948.326666666668,12096.16,12078.98,12153.68,0.4666666666666666,2989.0,D,U,0.5333333333333333
17/11/2011,11905.67,11948.43,11676.35,11770.73,-190.5699999999997,17.18000000000029,-74.70000000000073,12026.909999999998,12109.606666666667,12042.173333333334,11942.826666666668,11905.59,12096.16,12078.98,0.26666666666666666,2990.0,D,U,0.7333333333333333
18/11/2011,11768.98,11854.81,11755.82,11796.16,-134.86000000000058,-190.5699999999997,17.18000000000029,11924.159999999998,12026.909999999998,12109.606666666667,12042.173333333334,11770.73,11905.59,12096.16,0.26666666666666666,2991.0,U,U,0.7333333333333333
21/11/2011,11795.55,11795.7,11454.07,11547.31,25.43000000000029,-134.86000000000058,-190.5699999999997,11824.159999999998,11924.159999999998,12026.909999999998,12109.606666666667,11796.16,11770.73,11905.59,0.3333333333333333,2992.0,D,U,0.6666666666666666
22/11/2011,11542.39,11571.75,11433.97,11493.72,-248.85000000000036,25.43000000000029,-134.86000000000058,11704.733333333332,11824.159999999998,11924.159999999998,12026.909999999998,11547.31,11796.16,11770.73,0.5333333333333333,2993.0,D,D,0.4666666666666666
23/11/2011,11492.74,11492.82,11257.55,11257.55,-53.590000000000146,-248.85000000000036,25.43000000000029,11612.396666666667,11704.733333333332,11824.159999999998,11924.159999999998,11493.72,11547.31,11796.16,0.39999999999999997,2994.0,D,U,0.6
25/11/2011,11251.88,11361.47,11231.43,11231.65,-236.17000000000007,-53.590000000000146,-248.85000000000036,11432.86,11612.396666666667,11704.733333333332,11824.159999999998,11257.55,11493.72,11547.31,0.5333333333333333,2995.0,D,D,0.4666666666666666
28/11/2011,11232.47,11562.1,11232.16,11523.01,-25.899999999999636,-236.17000000000007,-53.590000000000146,11327.64,11432.86,11612.396666666667,11704.733333333332,11231.65,11257.55,11493.72,0.39999999999999997,2996.0,U,U,0.6
29/11/2011,11523.01,11624.01,11517.04,11555.63,291.3600000000006,-25.899999999999636,-236.17000000000007,11337.403333333334,11327.64,11432.86,11612.396666666667,11523.01,11231.65,11257.55,0.39999999999999997,2997.0,U,U,0.6
30/11/2011,11559.27,12045.68,11559.27,12045.68,32.61999999999898,291.3600000000006,-25.899999999999636,11436.763333333334,11337.403333333334,11327.64,11432.86,11555.63,11523.01,11231.65,0.3333333333333333,2998.0,U,U,0.6666666666666666
01/12/2011,12046.21,12062.64,11974.62,12020.03,490.0500000000011,32.61999999999898,291.3600000000006,11708.106666666667,11436.763333333334,11337.403333333334,11327.64,12045.68,11555.63,11523.01,0.5333333333333333,2999.0,D,D,0.4666666666666666
02/12/2011,12022.37,12146.68,12007.12,12019.42,-25.649999999999636,490.0500000000011,32.61999999999898,11873.779999999999,11708.106666666667,11436.763333333334,11337.403333333334,12020.03,12045.68,11555.63,0.5333333333333333,3000.0,D,D,0.4666666666666666
05/12/2011,12021.54,12186.53,12021.46,12097.83,-0.6100000000005821,-25.649999999999636,490.0500000000011,12028.376666666665,11873.779999999999,11708.106666666667,11436.763333333334,12019.42,12020.03,12045.68,0.2,3001.0,U,U,0.7999999999999999
06/12/2011,12097.75,12215.71,12076.71,12150.13,78.40999999999985,-0.6100000000005821,-25.649999999999636,12045.76,12028.376666666665,11873.779999999999,11708.106666666667,12097.83,12019.42,12020.03,0.26666666666666666,3002.0,U,U,0.7333333333333333
07/12/2011,12144.41,12257.67,12060.37,12196.37,52.29999999999927,78.40999999999985,-0.6100000000005821,12089.126666666665,12045.76,12028.376666666665,11873.779999999999,12150.13,12097.83,12019.42,0.39999999999999997,3003.0,U,U,0.6
08/12/2011,12195.91,12195.91,11966.22,11997.7,46.2400000000016,52.29999999999927,78.40999999999985,12148.11,12089.126666666665,12045.76,12028.376666666665,12196.37,12150.13,12097.83,0.39999999999999997,3004.0,D,U,0.6
09/12/2011,11996.03,12212.83,11995.51,12184.26,-198.67000000000007,46.2400000000016,52.29999999999927,12114.733333333332,12148.11,12089.126666666665,12045.76,11997.7,12196.37,12150.13,0.26666666666666666,3005.0,U,U,0.7333333333333333
12/12/2011,12181.08,12181.38,11940.86,12021.39,186.5599999999995,-198.67000000000007,46.2400000000016,12126.11,12114.733333333332,12148.11,12089.126666666665,12184.26,11997.7,12196.37,0.4666666666666666,3006.0,D,U,0.5333333333333333
13/12/2011,12018.66,12147.7,11904.38,11954.94,-162.8700000000008,186.5599999999995,-198.67000000000007,12067.783333333333,12126.11,12114.733333333332,12148.11,12021.39,12184.26,11997.7,0.4666666666666666,3007.0,D,U,0.5333333333333333
14/12/2011,11949.72,11950.02,11786.47,11823.48,-66.44999999999891,-162.8700000000008,186.5599999999995,12053.53,12067.783333333333,12126.11,12114.733333333332,11954.94,12021.39,12184.26,0.5333333333333333,3008.0,D,D,0.4666666666666666
15/12/2011,11825.29,11967.84,11825.22,11868.81,-131.46000000000095,-66.44999999999891,-162.8700000000008,11933.269999999999,12053.53,12067.783333333333,12126.11,11823.48,11954.94,12021.39,0.39999999999999997,3009.0,U,U,0.6
16/12/2011,11870.25,11968.18,11819.31,11866.39,45.32999999999993,-131.46000000000095,-66.44999999999891,11882.409999999998,11933.269999999999,12053.53,12067.783333333333,11868.81,11823.48,11954.94,0.39999999999999997,3010.0,D,U,0.6
19/12/2011,11866.54,11925.88,11735.19,11766.26,-2.4200000000000728,45.32999999999993,-131.46000000000095,11852.893333333333,11882.409999999998,11933.269999999999,12053.53,11866.39,11868.81,11823.48,0.39999999999999997,3011.0,D,U,0.6
20/12/2011,11769.21,12117.13,11768.83,12103.58,-100.1299999999992,-2.4200000000000728,45.32999999999993,11833.82,11852.893333333333,11882.409999999998,11933.269999999999,11766.26,11866.39,11868.81,0.3333333333333333,3012.0,U,U,0.6666666666666666
21/12/2011,12103.58,12119.7,11999.44,12107.74,337.3199999999997,-100.1299999999992,-2.4200000000000728,11912.076666666668,11833.82,11852.893333333333,11882.409999999998,12103.58,11766.26,11866.39,0.3333333333333333,3013.0,U,U,0.6666666666666666
22/12/2011,12107.59,12182.71,12107.37,12169.65,4.1599999999998545,337.3199999999997,-100.1299999999992,11992.526666666667,11912.076666666668,11833.82,11852.893333333333,12107.74,12103.58,11766.26,0.26666666666666666,3014.0,U,U,0.7333333333333333
23/12/2011,12169.88,12297.44,12169.8,12294.0,61.909999999999854,4.1599999999998545,337.3199999999997,12126.99,11992.526666666667,11912.076666666668,11833.82,12169.65,12107.74,12103.58,0.4666666666666666,3015.0,U,U,0.5333333333333333
27/12/2011,12293.47,12328.47,12269.97,12291.35,124.35000000000036,61.909999999999854,4.1599999999998545,12190.463333333333,12126.99,11992.526666666667,11912.076666666668,12294.0,12169.65,12107.74,0.4666666666666666,3016.0,D,U,0.5333333333333333
28/12/2011,12288.85,12299.11,12140.17,12151.41,-2.649999999999636,124.35000000000036,61.909999999999854,12251.666666666666,12190.463333333333,12126.99,11992.526666666667,12291.35,12294.0,12169.65,0.39999999999999997,3017.0,D,U,0.6
29/12/2011,12152.32,12293.96,12152.09,12287.04,-139.9400000000005,-2.649999999999636,124.35000000000036,12245.586666666664,12251.666666666666,12190.463333333333,12126.99,12151.41,12291.35,12294.0,0.26666666666666666,3018.0,U,U,0.7333333333333333
30/12/2011,12286.28,12290.06,12213.78,12217.56,135.63000000000102,-139.9400000000005,-2.649999999999636,12243.266666666668,12245.586666666664,12251.666666666666,12190.463333333333,12287.04,12151.41,12291.35,0.13333333333333333,3019.0,D,U,0.8666666666666666
03/01/2012,12221.19,12479.65,12221.19,12397.38,-69.48000000000138,135.63000000000102,-139.9400000000005,12218.67,12243.266666666668,12245.586666666664,12251.666666666666,12217.56,12287.04,12151.41,0.5333333333333333,3020.0,U,D,0.4666666666666666
04/01/2012,12392.46,12430.0,12337.25,12418.42,179.8199999999997,-69.48000000000138,135.63000000000102,12300.659999999998,12218.67,12243.266666666668,12245.586666666664,12397.38,12217.56,12287.04,0.3333333333333333,3021.0,U,U,0.6666666666666666
05/01/2012,12418.42,12435.98,12283.9,12415.7,21.040000000000873,179.8199999999997,-69.48000000000138,12344.453333333333,12300.659999999998,12218.67,12243.266666666668,12418.42,12397.38,12217.56,0.6666666666666666,3022.0,D,D,0.3333333333333333
06/01/2012,12407.45,12415.24,12332.41,12359.92,-2.719999999999345,21.040000000000873,179.8199999999997,12410.5,12344.453333333333,12300.659999999998,12218.67,12415.7,12418.42,12397.38,0.3333333333333333,3023.0,D,U,0.6666666666666666
09/01/2012,12359.31,12409.08,12333.85,12392.69,-55.780000000000655,-2.719999999999345,21.040000000000873,12398.013333333334,12410.5,12344.453333333333,12300.659999999998,12359.92,12415.7,12418.42,0.39999999999999997,3024.0,U,U,0.6
10/01/2012,12394.51,12514.69,12394.51,12462.47,32.77000000000044,-55.780000000000655,-2.719999999999345,12389.436666666668,12398.013333333334,12410.5,12344.453333333333,12392.69,12359.92,12415.7,0.39999999999999997,3025.0,U,U,0.6
11/01/2012,12459.52,12462.58,12399.01,12449.45,69.77999999999884,32.77000000000044,-55.780000000000655,12405.026666666667,12389.436666666668,12398.013333333334,12410.5,12462.47,12392.69,12359.92,0.39999999999999997,3026.0,D,U,0.6
12/01/2012,12449.91,12483.7,12385.08,12471.02,-13.019999999998618,69.77999999999884,32.77000000000044,12434.87,12405.026666666667,12389.436666666668,12398.013333333334,12449.45,12462.47,12392.69,0.4666666666666666,3027.0,U,U,0.5333333333333333
13/01/2012,12469.96,12470.12,12311.79,12422.06,21.56999999999971,-13.019999999998618,69.77999999999884,12460.980000000001,12434.87,12405.026666666667,12389.436666666668,12471.02,12449.45,12462.47,0.3333333333333333,3028.0,D,U,0.6666666666666666
17/01/2012,12423.12,12573.65,12423.12,12482.07,-48.960000000000946,21.56999999999971,-13.019999999998618,12447.51,12460.980000000001,12434.87,12405.026666666667,12422.06,12471.02,12449.45,0.5333333333333333,3029.0,U,D,0.4666666666666666
18/01/2012,12474.69,12582.28,12453.2,12578.95,60.01000000000022,-48.960000000000946,21.56999999999971,12458.383333333333,12447.51,12460.980000000001,12434.87,12482.07,12422.06,12471.02,0.5333333333333333,3030.0,U,D,0.4666666666666666
19/01/2012,12578.19,12625.8,12563.58,12623.98,96.88000000000102,60.01000000000022,-48.960000000000946,12494.36,12458.383333333333,12447.51,12460.980000000001,12578.95,12482.07,12422.06,0.4666666666666666,3031.0,U,U,0.5333333333333333
20/01/2012,12623.83,12720.48,12620.76,12720.48,45.029999999998836,96.88000000000102,60.01000000000022,12561.666666666666,12494.36,12458.383333333333,12447.51,12623.98,12578.95,12482.07,0.39999999999999997,3032.0,U,U,0.6
23/01/2012,12720.25,12764.49,12665.83,12708.82,96.5,45.029999999998836,96.88000000000102,12641.136666666667,12561.666666666666,12494.36,12458.383333333333,12720.48,12623.98,12578.95,0.6,3033.0,D,D,0.39999999999999997
24/01/2012,12708.37,12708.52,12613.54,12675.75,-11.659999999999854,96.5,45.029999999998836,12684.426666666666,12641.136666666667,12561.666666666666,12494.36,12708.82,12720.48,12623.98,0.4666666666666666,3034.0,D,U,0.5333333333333333
25/01/2012,12673.63,12778.26,12580.12,12758.85,-33.06999999999971,-11.659999999999854,96.5,12701.683333333334,12684.426666666666,12641.136666666667,12561.666666666666,12675.75,12708.82,12720.48,0.4666666666666666,3035.0,U,U,0.5333333333333333
26/01/2012,12756.96,12841.95,12695.16,12734.63,83.10000000000036,-33.06999999999971,-11.659999999999854,12714.473333333333,12701.683333333334,12684.426666666666,12641.136666666667,12758.85,12675.75,12708.82,0.7333333333333333,3036.0,D,D,0.26666666666666666
27/01/2012,12733.95,12733.95,12630.72,12660.46,-24.220000000001164,83.10000000000036,-33.06999999999971,12723.076666666666,12714.473333333333,12701.683333333334,12684.426666666666,12734.63,12758.85,12675.75,0.5333333333333333,3037.0,D,D,0.4666666666666666
30/01/2012,12659.17,12659.32,12529.41,12653.72,-74.17000000000007,-24.220000000001164,83.10000000000036,12717.980000000001,12723.076666666666,12714.473333333333,12701.683333333334,12660.46,12734.63,12758.85,0.7333333333333333,3038.0,D,D,0.26666666666666666
31/01/2012,12654.78,12720.1,12567.33,12632.91,-6.739999999999782,-74.17000000000007,-24.220000000001164,12682.936666666666,12717.980000000001,12723.076666666666,12714.473333333333,12653.72,12660.46,12734.63,0.7333333333333333,3039.0,D,D,0.26666666666666666
01/02/2012,12632.76,12784.62,12632.76,12716.46,-20.80999999999949,-6.739999999999782,-74.17000000000007,12649.029999999999,12682.936666666666,12717.980000000001,12723.076666666666,12632.91,12653.72,12660.46,0.6,3040.0,U,D,0.39999999999999997
02/02/2012,12716.54,12741.89,12676.05,12705.41,83.54999999999927,-20.80999999999949,-6.739999999999782,12667.696666666665,12649.029999999999,12682.936666666666,12717.980000000001,12716.46,12632.91,12653.72,0.6666666666666666,3041.0,D,D,0.3333333333333333
03/02/2012,12705.04,12869.95,12704.96,12862.23,-11.049999999999272,83.54999999999927,-20.80999999999949,12684.926666666666,12667.696666666665,12649.029999999999,12682.936666666666,12705.41,12716.46,12632.91,0.5333333333333333,3042.0,U,D,0.4666666666666666
06/02/2012,12860.72,12860.79,12793.43,12845.13,156.8199999999997,-11.049999999999272,83.54999999999927,12761.366666666667,12684.926666666666,12667.696666666665,12649.029999999999,12862.23,12705.41,12716.46,0.4666666666666666,3043.0,D,U,0.5333333333333333
07/02/2012,12844.37,12903.71,12782.57,12878.2,-17.100000000000364,156.8199999999997,-11.049999999999272,12804.256666666666,12761.366666666667,12684.926666666666,12667.696666666665,12845.13,12862.23,12705.41,0.4666666666666666,3044.0,U,U,0.5333333333333333
08/02/2012,12865.79,12893.64,12817.69,12883.95,33.07000000000153,-17.100000000000364,156.8199999999997,12861.853333333333,12804.256666666666,12761.366666666667,12684.926666666666,12878.2,12845.13,12862.23,0.6,3045.0,U,D,0.39999999999999997
09/02/2012,12884.41,12924.71,12846.41,12890.46,5.75,33.07000000000153,-17.100000000000364,12869.093333333332,12861.853333333333,12804.256666666666,12761.366666666667,12883.95,12878.2,12845.13,0.6,3046.0,U,D,0.39999999999999997
10/02/2012,12889.55,12889.63,12743.56,12801.23,6.509999999998399,5.75,33.07000000000153,12884.203333333333,12869.093333333332,12861.853333333333,12804.256666666666,12890.46,12883.95,12878.2,0.39999999999999997,3047.0,D,U,0.6
13/02/2012,12799.11,12887.93,12799.11,12874.04,-89.22999999999956,6.509999999998399,5.75,12858.546666666667,12884.203333333333,12869.093333333332,12861.853333333333,12801.23,12890.46,12883.95,0.6666666666666666,3048.0,U,D,0.3333333333333333
14/02/2012,12871.77,12878.88,12786.93,12878.28,72.81000000000131,-89.22999999999956,6.509999999998399,12855.243333333332,12858.546666666667,12884.203333333333,12869.093333333332,12874.04,12801.23,12890.46,0.26666666666666666,3049.0,U,U,0.7333333333333333
15/02/2012,12864.65,12899.47,12753.62,12780.95,4.239999999999782,72.81000000000131,-89.22999999999956,12851.183333333334,12855.243333333332,12858.546666666667,12884.203333333333,12878.28,12874.04,12801.23,0.4666666666666666,3050.0,D,U,0.5333333333333333
16/02/2012,12779.81,12914.0,12779.58,12904.08,-97.32999999999993,4.239999999999782,72.81000000000131,12844.423333333334,12851.183333333334,12855.243333333332,12858.546666666667,12780.95,12878.28,12874.04,0.6,3051.0,U,D,0.39999999999999997
17/02/2012,12903.33,12967.92,12903.25,12949.87,123.1299999999992,-97.32999999999993,4.239999999999782,12854.436666666668,12844.423333333334,12851.183333333334,12855.243333333332,12904.08,12780.95,12878.28,0.3333333333333333,3052.0,U,U,0.6666666666666666
21/02/2012,12949.34,13005.04,12926.11,12965.69,45.79000000000087,123.1299999999992,-97.32999999999993,12878.300000000001,12854.436666666668,12844.423333333334,12851.183333333334,12949.87,12904.08,12780.95,0.39999999999999997,3053.0,U,U,0.6
22/02/2012,12966.22,12977.91,12914.83,12938.67,15.819999999999709,45.79000000000087,123.1299999999992,12939.88,12878.300000000001,12854.436666666668,12844.423333333334,12965.69,12949.87,12904.08,0.4666666666666666,3054.0,D,U,0.5333333333333333
23/02/2012,12937.08,12996.08,12882.67,12984.69,-27.020000000000437,15.819999999999709,45.79000000000087,12951.410000000002,12939.88,12878.300000000001,12854.436666666668,12938.67,12965.69,12949.87,0.39999999999999997,3055.0,U,U,0.6
24/02/2012,12981.2,13013.82,12950.59,12982.95,46.02000000000044,-27.020000000000437,15.819999999999709,12963.016666666668,12951.410000000002,12939.88,12878.300000000001,12984.69,12938.67,12965.69,0.4666666666666666,3056.0,U,U,0.5333333333333333
27/02/2012,12981.13,13027.52,12882.59,12981.51,-1.7399999999997817,46.02000000000044,-27.020000000000437,12968.769999999999,12963.016666666668,12951.410000000002,12939.88,12982.95,12984.69,12938.67,0.39999999999999997,3057.0,U,U,0.6
28/02/2012,12976.74,13021.51,12952.82,13005.12,-1.4400000000005093,-1.7399999999997817,46.02000000000044,12983.050000000001,12968.769999999999,12963.016666666668,12951.410000000002,12981.51,12982.95,12984.69,0.5333333333333333,3058.0,U,D,0.4666666666666666
29/02/2012,13005.42,13055.75,12929.66,12952.07,23.610000000000582,-1.4400000000005093,-1.7399999999997817,12989.86,12983.050000000001,12968.769999999999,12963.016666666668,13005.12,12981.51,12982.95,0.5333333333333333,3059.0,D,D,0.4666666666666666
01/03/2012,12952.29,13032.67,12943.06,12980.3,-53.05000000000109,23.610000000000582,-1.4400000000005093,12979.566666666666,12989.86,12983.050000000001,12968.769999999999,12952.07,13005.12,12981.51,0.4666666666666666,3060.0,U,U,0.5333333333333333
02/03/2012,12980.75,12997.51,12927.77,12977.57,28.229999999999563,-53.05000000000109,23.610000000000582,12979.163333333336,12979.566666666666,12989.86,12983.050000000001,12980.3,12952.07,13005.12,0.5333333333333333,3061.0,D,D,0.4666666666666666
05/03/2012,12977.34,12977.34,12883.91,12962.81,-2.7299999999995634,28.229999999999563,-53.05000000000109,12969.980000000001,12979.163333333336,12979.566666666666,12989.86,12977.57,12980.3,12952.07,0.3333333333333333,3062.0,D,U,0.6666666666666666
06/03/2012,12958.65,12958.73,12734.86,12759.15,-14.760000000000218,-2.7299999999995634,28.229999999999563,12973.56,12969.980000000001,12979.163333333336,12979.566666666666,12962.81,12977.57,12980.3,0.4666666666666666,3063.0,D,U,0.5333333333333333
07/03/2012,12756.12,12857.73,12751.51,12837.33,-203.65999999999985,-14.760000000000218,-2.7299999999995634,12899.843333333332,12973.56,12969.980000000001,12979.163333333336,12759.15,12962.81,12977.57,0.26666666666666666,3064.0,U,U,0.7333333333333333
08/03/2012,12835.53,12937.19,12835.53,12907.94,78.18000000000029,-203.65999999999985,-14.760000000000218,12853.096666666666,12899.843333333332,12973.56,12969.980000000001,12837.33,12759.15,12962.81,0.4666666666666666,3065.0,U,U,0.5333333333333333
09/03/2012,12908.62,12968.79,12906.43,12922.02,70.61000000000058,78.18000000000029,-203.65999999999985,12834.806666666665,12853.096666666666,12899.843333333332,12973.56,12907.94,12837.33,12759.15,0.39999999999999997,3066.0,U,U,0.6
12/03/2012,12920.58,12976.36,12919.98,12959.71,14.079999999999927,70.61000000000058,78.18000000000029,12889.096666666666,12834.806666666665,12853.096666666666,12899.843333333332,12922.02,12907.94,12837.33,0.39999999999999997,3067.0,U,U,0.6
13/03/2012,12953.2,13180.4,12953.13,13177.68,37.68999999999869,14.079999999999927,70.61000000000058,12929.89,12889.096666666666,12834.806666666665,12853.096666666666,12959.71,12922.02,12907.94,0.39999999999999997,3068.0,U,U,0.6
14/03/2012,13177.15,13221.27,13166.25,13194.1,217.97000000000116,37.68999999999869,14.079999999999927,13019.803333333335,12929.89,12889.096666666666,12834.806666666665,13177.68,12959.71,12922.02,0.26666666666666666,3069.0,U,U,0.7333333333333333
15/03/2012,13192.97,13253.51,13170.19,13252.76,16.420000000000073,217.97000000000116,37.68999999999869,13110.496666666666,13019.803333333335,12929.89,12889.096666666666,13194.1,13177.68,12959.71,0.39999999999999997,3070.0,U,U,0.6
16/03/2012,13253.51,13289.08,13231.45,13232.62,58.659999999999854,16.420000000000073,217.97000000000116,13208.18,13110.496666666666,13019.803333333335,12929.89,13252.76,13194.1,13177.68,0.4666666666666666,3071.0,D,U,0.5333333333333333
19/03/2012,13231.94,13269.71,13208.63,13239.13,-20.139999999999418,58.659999999999854,16.420000000000073,13226.493333333334,13208.18,13110.496666666666,13019.803333333335,13232.62,13252.76,13194.1,0.5333333333333333,3072.0,U,D,0.4666666666666666
20/03/2012,13238.45,13238.45,13123.38,13170.19,6.509999999998399,-20.139999999999418,58.659999999999854,13241.503333333334,13226.493333333334,13208.18,13110.496666666666,13239.13,13232.62,13252.76,0.7999999999999999,3073.0,D,D,0.2
21/03/2012,13170.79,13190.02,13112.93,13124.62,-68.93999999999869,6.509999999998399,-20.139999999999418,13213.980000000001,13241.503333333334,13226.493333333334,13208.18,13170.19,13239.13,13232.62,0.7333333333333333,3074.0,D,D,0.26666666666666666
22/03/2012,13124.4,13124.47,13017.42,13046.14,-45.56999999999971,-68.93999999999869,6.509999999998399,13177.980000000001,13213.980000000001,13241.503333333334,13226.493333333334,13124.62,13170.19,13239.13,0.6,3075.0,D,D,0.39999999999999997
23/03/2012,13045.99,13099.91,13002.77,13080.73,-78.48000000000138,-45.56999999999971,-68.93999999999869,13113.65,13177.980000000001,13213.980000000001,13241.503333333334,13046.14,13124.62,13170.19,0.5333333333333333,3076.0,U,D,0.4666666666666666
26/03/2012,13082.62,13243.86,13082.39,13241.63,34.590000000000146,-78.48000000000138,-45.56999999999971,13083.830000000002,13113.65,13177.980000000001,13213.980000000001,13080.73,13046.14,13124.62,0.4666666666666666,3077.0,U,U,0.5333333333333333
27/03/2012,13242.09,13264.98,13194.33,13197.73,160.89999999999964,34.590000000000146,-78.48000000000138,13122.833333333334,13083.830000000002,13113.65,13177.980000000001,13241.63,13080.73,13046.14,0.5333333333333333,3078.0,D,D,0.4666666666666666
28/03/2012,13195.39,13212.64,13069.26,13126.21,-43.899999999999636,160.89999999999964,34.590000000000146,13173.363333333333,13122.833333333334,13083.830000000002,13113.65,13197.73,13241.63,13080.73,0.4666666666666666,3079.0,D,U,0.5333333333333333
29/03/2012,13125.99,13151.57,13032.67,13145.82,-71.52000000000044,-43.899999999999636,160.89999999999964,13188.523333333333,13173.363333333333,13122.833333333334,13083.830000000002,13126.21,13197.73,13241.63,0.3333333333333333,3080.0,U,U,0.6666666666666666
30/03/2012,13147.94,13224.49,13147.78,13212.04,19.610000000000582,-71.52000000000044,-43.899999999999636,13156.586666666664,13188.523333333333,13173.363333333333,13122.833333333334,13145.82,13126.21,13197.73,0.39999999999999997,3081.0,U,U,0.6
02/04/2012,13211.36,13297.11,13153.69,13264.49,66.22000000000116,19.610000000000582,-71.52000000000044,13161.356666666667,13156.586666666664,13188.523333333333,13173.363333333333,13212.04,13145.82,13126.21,0.4666666666666666,3082.0,U,U,0.5333333333333333
03/04/2012,13258.96,13265.36,13131.21,13199.55,52.44999999999891,66.22000000000116,19.610000000000582,13207.449999999999,13161.356666666667,13156.586666666664,13188.523333333333,13264.49,13212.04,13145.82,0.5333333333333333,3083.0,D,D,0.4666666666666666
04/04/2012,13198.19,13198.19,13020.86,13074.75,-64.94000000000051,52.44999999999891,66.22000000000116,13225.36,13207.449999999999,13161.356666666667,13156.586666666664,13199.55,13264.49,13212.04,0.6666666666666666,3084.0,D,D,0.3333333333333333
05/04/2012,13067.18,13088.11,13012.46,13060.14,-124.79999999999927,-64.94000000000051,52.44999999999891,13179.596666666666,13225.36,13207.449999999999,13161.356666666667,13074.75,13199.55,13264.49,0.6666666666666666,3085.0,D,D,0.3333333333333333
09/04/2012,13057.57,13057.72,12903.78,12929.59,-14.610000000000582,-124.79999999999927,-64.94000000000051,13111.480000000001,13179.596666666666,13225.36,13207.449999999999,13060.14,13074.75,13199.55,0.5333333333333333,3086.0,D,D,0.4666666666666666
10/04/2012,12929.44,12929.59,12710.56,12715.93,-130.54999999999927,-14.610000000000582,-124.79999999999927,13021.493333333332,13111.480000000001,13179.596666666666,13225.36,12929.59,13060.14,13074.75,0.39999999999999997,3087.0,D,U,0.6
11/04/2012,12716.92,12844.82,12716.92,12805.39,-213.65999999999985,-130.54999999999927,-14.610000000000582,12901.886666666667,13021.493333333332,13111.480000000001,13179.596666666666,12715.93,12929.59,13060.14,0.26666666666666666,3088.0,U,U,0.7333333333333333
12/04/2012,12806.45,12986.96,12806.3,12986.58,89.45999999999913,-213.65999999999985,-130.54999999999927,12816.970000000001,12901.886666666667,13021.493333333332,13111.480000000001,12805.39,12715.93,12929.59,0.6666666666666666,3089.0,U,D,0.3333333333333333
13/04/2012,12986.2,12986.35,12845.28,12849.59,181.1900000000005,89.45999999999913,-213.65999999999985,12835.966666666667,12816.970000000001,12901.886666666667,13021.493333333332,12986.58,12805.39,12715.93,0.4666666666666666,3090.0,D,U,0.5333333333333333
16/04/2012,12850.88,12986.77,12850.8,12921.41,-136.98999999999978,181.1900000000005,89.45999999999913,12880.519999999999,12835.966666666667,12816.970000000001,12901.886666666667,12849.59,12986.58,12805.39,0.4666666666666666,3091.0,U,U,0.5333333333333333
17/04/2012,12921.79,13131.36,12921.79,13115.54,71.81999999999971,-136.98999999999978,181.1900000000005,12919.193333333335,12880.519999999999,12835.966666666667,12816.970000000001,12921.41,12849.59,12986.58,0.26666666666666666,3092.0,U,U,0.7333333333333333
18/04/2012,13114.56,13114.56,13027.49,13032.75,194.13000000000102,71.81999999999971,-136.98999999999978,12962.18,12919.193333333335,12880.519999999999,12835.966666666667,13115.54,12921.41,12849.59,0.2,3093.0,D,U,0.7999999999999999
19/04/2012,13028.73,13080.2,12896.82,12964.1,-82.79000000000087,194.13000000000102,71.81999999999971,13023.233333333332,12962.18,12919.193333333335,12880.519999999999,13032.75,13115.54,12921.41,0.3333333333333333,3094.0,D,U,0.6666666666666666
20/04/2012,12964.48,13082.54,12964.25,13029.26,-68.64999999999964,-82.79000000000087,194.13000000000102,13037.463333333333,13023.233333333332,12962.18,12919.193333333335,12964.1,13032.75,13115.54,0.5333333333333333,3095.0,U,D,0.4666666666666666
23/04/2012,13028.2,13028.2,12845.58,12927.17,65.15999999999985,-68.64999999999964,-82.79000000000087,13008.703333333333,13037.463333333333,13023.233333333332,12962.18,13029.26,12964.1,13032.75,0.4666666666666666,3096.0,D,U,0.5333333333333333
24/04/2012,12927.77,13050.3,12926.49,13001.56,-102.09000000000015,65.15999999999985,-68.64999999999964,12973.51,13008.703333333333,13037.463333333333,13023.233333333332,12927.17,13029.26,12964.1,0.39999999999999997,3097.0,U,U,0.6
25/04/2012,12997.69,13105.7,12993.6,13090.72,74.38999999999942,-102.09000000000015,65.15999999999985,12985.996666666666,12973.51,13008.703333333333,13037.463333333333,13001.56,12927.17,13029.26,0.5333333333333333,3098.0,U,D,0.4666666666666666
26/04/2012,13090.11,13227.82,13075.96,13204.62,89.15999999999985,74.38999999999942,-102.09000000000015,13006.483333333332,12985.996666666666,12973.51,13008.703333333333,13090.72,13001.56,12927.17,0.3333333333333333,3099.0,U,U,0.6666666666666666
27/04/2012,13204.7,13266.68,13192.21,13228.31,113.90000000000146,89.15999999999985,74.38999999999942,13098.966666666667,13006.483333333332,12985.996666666666,12973.51,13204.62,13090.72,13001.56,0.39999999999999997,3100.0,U,U,0.6
30/04/2012,13228.31,13228.76,13176.01,13213.63,23.68999999999869,113.90000000000146,89.15999999999985,13174.550000000001,13098.966666666667,13006.483333333332,12985.996666666666,13228.31,13204.62,13090.72,0.4666666666666666,3101.0,D,U,0.5333333333333333
01/05/2012,13214.16,13338.66,13174.65,13279.32,-14.680000000000291,23.68999999999869,113.90000000000146,13215.519999999999,13174.550000000001,13098.966666666667,13006.483333333332,13213.63,13228.31,13204.62,0.6,3102.0,U,D,0.39999999999999997
02/05/2012,13278.11,13278.11,13192.21,13268.57,65.69000000000051,-14.680000000000291,23.68999999999869,13240.419999999998,13215.519999999999,13174.550000000001,13098.966666666667,13279.32,13213.63,13228.31,0.6,3103.0,D,D,0.39999999999999997
03/05/2012,13267.59,13284.09,13175.64,13206.59,-10.75,65.69000000000051,-14.680000000000291,13253.839999999998,13240.419999999998,13215.519999999999,13174.550000000001,13268.57,13279.32,13213.63,0.7999999999999999,3104.0,D,D,0.2
04/05/2012,13204.62,13205.0,13022.34,13038.27,-61.97999999999956,-10.75,65.69000000000051,13251.493333333332,13253.839999999998,13240.419999999998,13215.519999999999,13206.59,13268.57,13279.32,0.7333333333333333,3105.0,D,D,0.26666666666666666
07/05/2012,13035.85,13049.09,12970.0,13008.53,-168.3199999999997,-61.97999999999956,-10.75,13171.143333333333,13251.493333333332,13253.839999999998,13240.419999999998,13038.27,13206.59,13268.57,0.7999999999999999,3106.0,D,D,0.2
08/05/2012,13000.73,13000.73,12810.39,12932.09,-29.73999999999978,-168.3199999999997,-61.97999999999956,13084.463333333333,13171.143333333333,13251.493333333332,13253.839999999998,13008.53,13038.27,13206.59,0.6,3107.0,D,D,0.39999999999999997
09/05/2012,12921.81,12921.81,12748.48,12835.06,-76.44000000000051,-29.73999999999978,-168.3199999999997,12992.963333333333,13084.463333333333,13171.143333333333,13251.493333333332,12932.09,13008.53,13038.27,0.3333333333333333,3108.0,D,U,0.6666666666666666
10/05/2012,12831.58,12931.71,12820.3,12855.04,-97.03000000000065,-76.44000000000051,-29.73999999999978,12925.226666666667,12992.963333333333,13084.463333333333,13171.143333333333,12835.06,12932.09,13008.53,0.39999999999999997,3109.0,U,U,0.6
11/05/2012,12851.79,12918.01,12779.28,12820.6,19.980000000001382,-97.03000000000065,-76.44000000000051,12874.063333333334,12925.226666666667,12992.963333333333,13084.463333333333,12855.04,12835.06,12932.09,0.5333333333333333,3110.0,D,D,0.4666666666666666
14/05/2012,12818.49,12818.86,12661.48,12695.35,-34.44000000000051,19.980000000001382,-97.03000000000065,12836.9,12874.063333333334,12925.226666666667,12992.963333333333,12820.6,12855.04,12835.06,0.4666666666666666,3111.0,D,U,0.5333333333333333
15/05/2012,12695.05,12758.43,12608.16,12632.0,-125.25,-34.44000000000051,19.980000000001382,12790.33,12836.9,12874.063333333334,12925.226666666667,12695.35,12820.6,12855.04,0.7333333333333333,3112.0,D,D,0.26666666666666666
16/05/2012,12617.32,12722.63,12597.34,12598.55,-63.350000000000364,-125.25,-34.44000000000051,12715.983333333332,12790.33,12836.9,12874.063333333334,12632.0,12695.35,12820.6,0.6666666666666666,3113.0,D,D,0.3333333333333333
17/05/2012,12598.32,12611.42,12440.52,12442.49,-33.45000000000073,-63.350000000000364,-125.25,12641.966666666665,12715.983333333332,12790.33,12836.9,12598.55,12632.0,12695.35,0.4666666666666666,3114.0,D,U,0.5333333333333333
18/05/2012,12443.02,12492.97,12336.76,12369.38,-156.0599999999995,-33.45000000000073,-63.350000000000364,12557.68,12641.966666666665,12715.983333333332,12790.33,12442.49,12598.55,12632.0,0.4666666666666666,3115.0,D,U,0.5333333333333333
21/05/2012,12369.15,12508.11,12367.72,12504.48,-73.11000000000058,-156.0599999999995,-33.45000000000073,12470.14,12557.68,12641.966666666665,12715.983333333332,12369.38,12442.49,12598.55,0.39999999999999997,3116.0,U,U,0.6
22/05/2012,12505.38,12575.96,12447.33,12502.81,135.10000000000036,-73.11000000000058,-156.0599999999995,12438.783333333333,12470.14,12557.68,12641.966666666665,12504.48,12369.38,12442.49,0.3333333333333333,3117.0,D,U,0.6666666666666666
23/05/2012,12501.52,12508.3,12311.56,12496.15,-1.6700000000000728,135.10000000000036,-73.11000000000058,12458.89,12438.783333333333,12470.14,12557.68,12502.81,12504.48,12369.38,0.3333333333333333,3118.0,D,U,0.6666666666666666
24/05/2012,12491.91,12539.59,12419.63,12529.75,-6.6599999999998545,-1.6700000000000728,135.10000000000036,12501.146666666667,12458.89,12438.783333333333,12470.14,12496.15,12502.81,12504.48,0.39999999999999997,3119.0,U,U,0.6
25/05/2012,12530.74,12533.12,12421.53,12454.83,33.600000000000364,-6.6599999999998545,-1.6700000000000728,12509.57,12501.146666666667,12458.89,12438.783333333333,12529.75,12496.15,12502.81,0.3333333333333333,3120.0,D,U,0.6666666666666666
29/05/2012,12454.83,12611.61,12454.6,12580.69,-74.92000000000007,33.600000000000364,-6.6599999999998545,12493.576666666668,12509.57,12501.146666666667,12458.89,12454.83,12529.75,12496.15,0.39999999999999997,3121.0,U,U,0.6
30/05/2012,12579.02,12579.1,12396.4,12419.86,125.86000000000058,-74.92000000000007,33.600000000000364,12521.756666666668,12493.576666666668,12509.57,12501.146666666667,12580.69,12454.83,12529.75,0.39999999999999997,3122.0,D,U,0.6
31/05/2012,12414.41,12489.87,12316.48,12393.45,-160.82999999999993,125.86000000000058,-74.92000000000007,12485.126666666669,12521.756666666668,12493.576666666668,12509.57,12419.86,12580.69,12454.83,0.39999999999999997,3123.0,D,U,0.6
01/06/2012,12391.56,12391.63,12107.48,12118.57,-26.409999999999854,-160.82999999999993,125.86000000000058,12464.666666666666,12485.126666666669,12521.756666666668,12493.576666666668,12393.45,12419.86,12580.69,0.39999999999999997,3124.0,D,U,0.6
04/06/2012,12119.85,12143.69,12035.09,12101.46,-274.880000000001,-26.409999999999854,-160.82999999999993,12310.626666666669,12464.666666666666,12485.126666666669,12521.756666666668,12118.57,12393.45,12419.86,0.39999999999999997,3125.0,D,U,0.6
05/06/2012,12101.08,12147.55,12072.17,12127.95,-17.110000000000582,-274.880000000001,-26.409999999999854,12204.493333333332,12310.626666666669,12464.666666666666,12485.126666666669,12101.46,12118.57,12393.45,0.4666666666666666,3126.0,U,U,0.5333333333333333
06/06/2012,12125.0,12414.79,12125.0,12414.79,26.4900000000016,-17.110000000000582,-274.880000000001,12115.993333333332,12204.493333333332,12310.626666666669,12464.666666666666,12127.95,12101.46,12118.57,0.5333333333333333,3127.0,U,D,0.4666666666666666
07/06/2012,12416.53,12555.26,12416.53,12460.96,286.84000000000015,26.4900000000016,-17.110000000000582,12214.733333333332,12115.993333333332,12204.493333333332,12310.626666666669,12414.79,12127.95,12101.46,0.3333333333333333,3128.0,U,U,0.6666666666666666
08/06/2012,12460.81,12554.2,12398.44,12554.2,46.169999999998254,286.84000000000015,26.4900000000016,12334.566666666666,12214.733333333332,12115.993333333332,12204.493333333332,12460.96,12414.79,12127.95,0.6666666666666666,3129.0,U,D,0.3333333333333333
11/06/2012,12553.81,12650.47,12398.48,12411.23,93.2400000000016,46.169999999998254,286.84000000000015,12476.65,12334.566666666666,12214.733333333332,12115.993333333332,12554.2,12460.96,12414.79,0.4666666666666666,3130.0,D,U,0.5333333333333333
12/06/2012,12412.07,12577.02,12411.91,12573.8,-142.97000000000116,93.2400000000016,46.169999999998254,12475.463333333333,12476.65,12334.566666666666,12214.733333333332,12411.23,12554.2,12460.96,0.39999999999999997,3131.0,U,U,0.6
13/06/2012,12566.38,12598.25,12453.69,12496.38,162.5699999999997,-142.97000000000116,93.2400000000016,12513.076666666666,12475.463333333333,12476.65,12334.566666666666,12573.8,12411.23,12554.2,0.5333333333333333,3132.0,D,D,0.4666666666666666
14/06/2012,12497.89,12698.68,12497.66,12651.91,-77.42000000000007,162.5699999999997,-142.97000000000116,12493.803333333331,12513.076666666666,12475.463333333333,12476.65,12496.38,12573.8,12411.23,0.26666666666666666,3133.0,U,U,0.7333333333333333
15/06/2012,12652.21,12774.7,12651.38,12767.17,155.53000000000065,-77.42000000000007,162.5699999999997,12574.029999999999,12493.803333333331,12513.076666666666,12475.463333333333,12651.91,12496.38,12573.8,0.4666666666666666,3134.0,U,U,0.5333333333333333
18/06/2012,12767.02,12781.93,12696.18,12741.82,115.26000000000022,155.53000000000065,-77.42000000000007,12638.486666666666,12574.029999999999,12493.803333333331,12513.076666666666,12767.17,12651.91,12496.38,0.6,3135.0,D,D,0.39999999999999997
19/06/2012,12744.62,12898.94,12744.47,12837.33,-25.350000000000364,115.26000000000022,155.53000000000065,12720.300000000001,12638.486666666666,12574.029999999999,12493.803333333331,12741.82,12767.17,12651.91,0.3333333333333333,3136.0,U,U,0.6666666666666666
20/06/2012,12837.1,12877.18,12744.92,12824.39,95.51000000000022,-25.350000000000364,115.26000000000022,12782.106666666667,12720.300000000001,12638.486666666666,12574.029999999999,12837.33,12741.82,12767.17,0.39999999999999997,3137.0,D,U,0.6
21/06/2012,12823.1,12857.39,12561.46,12573.57,-12.94000000000051,95.51000000000022,-25.350000000000364,12801.18,12782.106666666667,12720.300000000001,12638.486666666666,12824.39,12837.33,12741.82,0.5333333333333333,3138.0,D,D,0.4666666666666666
22/06/2012,12574.82,12674.08,12574.67,12640.78,-250.8199999999997,-12.94000000000051,95.51000000000022,12745.096666666666,12801.18,12782.106666666667,12720.300000000001,12573.57,12824.39,12837.33,0.6,3139.0,U,D,0.39999999999999997
25/06/2012,12639.8,12639.87,12458.01,12502.66,67.21000000000095,-250.8199999999997,-12.94000000000051,12679.58,12745.096666666666,12801.18,12782.106666666667,12640.78,12573.57,12824.39,0.6,3140.0,D,D,0.39999999999999997
26/06/2012,12503.57,12576.41,12452.03,12534.67,-138.1200000000008,67.21000000000095,-250.8199999999997,12572.336666666664,12679.58,12745.096666666666,12801.18,12502.66,12640.78,12573.57,0.4666666666666666,3141.0,U,U,0.5333333333333333
27/06/2012,12532.93,12646.87,12532.71,12627.01,32.01000000000022,-138.1200000000008,67.21000000000095,12559.37,12572.336666666664,12679.58,12745.096666666666,12534.67,12502.66,12640.78,0.26666666666666666,3142.0,U,U,0.7333333333333333
28/06/2012,12626.25,12626.25,12450.17,12602.26,92.34000000000015,32.01000000000022,-138.1200000000008,12554.78,12559.37,12572.336666666664,12679.58,12627.01,12534.67,12502.66,0.39999999999999997,3143.0,D,U,0.6
29/06/2012,12604.6,12880.39,12604.53,12880.09,-24.75,92.34000000000015,32.01000000000022,12587.980000000001,12554.78,12559.37,12572.336666666664,12602.26,12627.01,12534.67,0.7333333333333333,3144.0,U,D,0.26666666666666666
02/07/2012,12879.71,12902.12,12795.48,12871.39,277.8299999999999,-24.75,92.34000000000015,12703.12,12587.980000000001,12554.78,12559.37,12880.09,12602.26,12627.01,0.7333333333333333,3145.0,D,D,0.26666666666666666
03/07/2012,12868.06,12946.2,12845.28,12943.66,-8.700000000000728,277.8299999999999,-24.75,12784.58,12703.12,12587.980000000001,12554.78,12871.39,12880.09,12602.26,0.3333333333333333,3146.0,U,U,0.6666666666666666
05/07/2012,12941.85,12961.3,12852.24,12896.67,72.27000000000044,-8.700000000000728,277.8299999999999,12898.38,12784.58,12703.12,12587.980000000001,12943.66,12871.39,12880.09,0.4666666666666666,3147.0,D,U,0.5333333333333333
06/07/2012,12889.4,12889.4,12702.99,12772.47,-46.98999999999978,72.27000000000044,-8.700000000000728,12903.906666666668,12898.38,12784.58,12703.12,12896.67,12943.66,12871.39,0.6,3148.0,D,D,0.39999999999999997
09/07/2012,12772.02,12772.02,12686.57,12736.29,-124.20000000000073,-46.98999999999978,72.27000000000044,12870.933333333334,12903.906666666668,12898.38,12784.58,12772.47,12896.67,12943.66,0.5333333333333333,3149.0,D,D,0.4666666666666666
10/07/2012,12733.87,12830.29,12606.91,12653.12,-36.17999999999847,-124.20000000000073,-46.98999999999978,12801.81,12870.933333333334,12903.906666666668,12898.38,12736.29,12772.47,12896.67,0.5333333333333333,3150.0,D,D,0.4666666666666666
11/07/2012,12653.04,12661.97,12534.33,12604.53,-83.17000000000007,-36.17999999999847,-124.20000000000073,12720.626666666669,12801.81,12870.933333333334,12903.906666666668,12653.12,12736.29,12772.47,0.7999999999999999,3151.0,D,D,0.2
12/07/2012,12602.71,12630.64,12492.25,12573.27,-48.590000000000146,-83.17000000000007,-36.17999999999847,12664.646666666667,12720.626666666669,12801.81,12870.933333333334,12604.53,12653.12,12736.29,0.5333333333333333,3152.0,D,D,0.4666666666666666
13/07/2012,12573.73,12784.73,12573.04,12777.09,-31.26000000000022,-48.590000000000146,-83.17000000000007,12610.306666666665,12664.646666666667,12720.626666666669,12801.81,12573.27,12604.53,12653.12,0.4666666666666666,3153.0,U,U,0.5333333333333333
16/07/2012,12776.33,12779.58,12690.05,12727.21,203.8199999999997,-31.26000000000022,-48.590000000000146,12651.63,12610.306666666665,12664.646666666667,12720.626666666669,12777.09,12573.27,12604.53,0.6666666666666666,3154.0,D,D,0.3333333333333333
17/07/2012,12728.73,12829.23,12645.1,12805.54,-49.88000000000102,203.8199999999997,-31.26000000000022,12692.523333333333,12651.63,12610.306666666665,12664.646666666667,12727.21,12777.09,12573.27,0.39999999999999997,3155.0,U,U,0.6
18/07/2012,12796.98,12921.94,12754.61,12908.7,78.33000000000175,-49.88000000000102,203.8199999999997,12769.946666666665,12692.523333333333,12651.63,12610.306666666665,12805.54,12727.21,12777.09,0.39999999999999997,3156.0,U,U,0.6
19/07/2012,12909.61,12977.57,12889.93,12943.36,103.15999999999985,78.33000000000175,-49.88000000000102,12813.816666666666,12769.946666666665,12692.523333333333,12651.63,12908.7,12805.54,12727.21,0.6666666666666666,3157.0,U,D,0.3333333333333333
20/07/2012,12942.68,12942.83,12810.35,12822.57,34.659999999999854,103.15999999999985,78.33000000000175,12885.866666666669,12813.816666666666,12769.946666666665,12692.523333333333,12943.36,12908.7,12805.54,0.7333333333333333,3158.0,D,D,0.26666666666666666
23/07/2012,12820.45,12820.45,12583.41,12721.46,-120.79000000000087,34.659999999999854,103.15999999999985,12891.543333333335,12885.866666666669,12813.816666666666,12769.946666666665,12822.57,12943.36,12908.7,0.4666666666666666,3159.0,D,U,0.5333333333333333
24/07/2012,12720.93,12730.09,12521.84,12617.32,-101.11000000000058,-120.79000000000087,34.659999999999854,12829.13,12891.543333333335,12885.866666666669,12813.816666666666,12721.46,12822.57,12943.36,0.7333333333333333,3160.0,D,D,0.26666666666666666
25/07/2012,12617.77,12732.77,12617.62,12676.05,-104.13999999999942,-101.11000000000058,-120.79000000000087,12720.449999999999,12829.13,12891.543333333335,12885.866666666669,12617.32,12721.46,12822.57,0.7999999999999999,3161.0,U,D,0.2
26/07/2012,12680.59,12931.22,12680.59,12887.93,58.72999999999956,-104.13999999999942,-101.11000000000058,12671.61,12720.449999999999,12829.13,12891.543333333335,12676.05,12617.32,12721.46,0.5333333333333333,3162.0,U,D,0.4666666666666666
27/07/2012,12888.91,13117.74,12888.53,13075.66,211.88000000000102,58.72999999999956,-104.13999999999942,12727.1,12671.61,12720.449999999999,12829.13,12887.93,12676.05,12617.32,0.6,3163.0,U,D,0.39999999999999997
30/07/2012,13075.35,13128.64,13042.85,13073.01,187.72999999999956,211.88000000000102,58.72999999999956,12879.88,12727.1,12671.61,12720.449999999999,13075.66,12887.93,12676.05,0.6666666666666666,3164.0,D,D,0.3333333333333333
31/07/2012,13071.72,13082.66,13006.48,13008.68,-2.649999999999636,187.72999999999956,211.88000000000102,13012.199999999999,12879.88,12727.1,12671.61,13073.01,13075.66,12887.93,0.6666666666666666,3165.0,D,D,0.3333333333333333
01/08/2012,13007.47,13074.83,12951.16,12976.13,-64.32999999999993,-2.649999999999636,187.72999999999956,13052.449999999999,13012.199999999999,12879.88,12727.1,13008.68,13073.01,13075.66,0.5333333333333333,3166.0,D,D,0.4666666666666666
02/08/2012,12969.7,12969.85,12778.9,12878.88,-32.55000000000109,-64.32999999999993,-2.649999999999636,13019.273333333333,13052.449999999999,13012.199999999999,12879.88,12976.13,13008.68,13073.01,0.6,3167.0,D,D,0.39999999999999997
03/08/2012,12884.82,13133.18,12884.82,13096.17,-97.25,-32.55000000000109,-64.32999999999993,12954.563333333332,13019.273333333333,13052.449999999999,13012.199999999999,12878.88,12976.13,13008.68,0.4666666666666666,3168.0,U,U,0.5333333333333333
06/08/2012,13099.88,13187.28,13099.72,13117.51,217.29000000000087,-97.25,-32.55000000000109,12983.726666666667,12954.563333333332,13019.273333333333,13052.449999999999,13096.17,12878.88,12976.13,0.39999999999999997,3169.0,U,U,0.6
07/08/2012,13118.65,13215.97,13118.42,13168.6,21.340000000000146,217.29000000000087,-97.25,13030.853333333333,12983.726666666667,12954.563333333332,13019.273333333333,13117.51,13096.17,12878.88,0.26666666666666666,3170.0,U,U,0.7333333333333333
08/08/2012,13158.1,13202.65,13115.24,13175.64,51.090000000000146,21.340000000000146,217.29000000000087,13127.426666666666,13030.853333333333,12983.726666666667,12954.563333333332,13168.6,13117.51,13096.17,0.4666666666666666,3171.0,U,U,0.5333333333333333
09/08/2012,13174.73,13200.23,13125.09,13165.19,7.039999999999054,51.090000000000146,21.340000000000146,13153.916666666666,13127.426666666666,13030.853333333333,12983.726666666667,13175.64,13168.6,13117.51,0.39999999999999997,3172.0,D,U,0.6
10/08/2012,13163.15,13208.22,13094.96,13207.95,-10.449999999998909,7.039999999999054,51.090000000000146,13169.81,13153.916666666666,13127.426666666666,13030.853333333333,13165.19,13175.64,13168.6,0.3333333333333333,3173.0,U,U,0.6666666666666666
13/08/2012,13204.93,13205.01,13112.94,13169.43,42.76000000000022,-10.449999999998909,7.039999999999054,13182.926666666666,13169.81,13153.916666666666,13127.426666666666,13207.95,13165.19,13175.64,0.3333333333333333,3174.0,D,U,0.6666666666666666
14/08/2012,13168.11,13223.01,13142.1,13172.14,-38.52000000000044,42.76000000000022,-10.449999999998909,13180.856666666667,13182.926666666666,13169.81,13153.916666666666,13169.43,13207.95,13165.19,0.4666666666666666,3175.0,U,U,0.5333333333333333
15/08/2012,13157.47,13192.89,13138.23,13164.78,2.709999999999127,-38.52000000000044,42.76000000000022,13183.173333333334,13180.856666666667,13182.926666666666,13169.81,13172.14,13169.43,13207.95,0.4666666666666666,3176.0,U,U,0.5333333333333333
16/08/2012,13163.24,13269.35,13145.85,13250.11,-7.359999999998763,2.709999999999127,-38.52000000000044,13168.783333333333,13183.173333333334,13180.856666666667,13182.926666666666,13164.78,13172.14,13169.43,0.4666666666666666,3177.0,U,U,0.5333333333333333
17/08/2012,13251.2,13281.32,13244.85,13275.2,85.32999999999993,-7.359999999998763,2.709999999999127,13195.676666666666,13168.783333333333,13183.173333333334,13180.856666666667,13250.11,13164.78,13172.14,0.39999999999999997,3178.0,U,U,0.6
20/08/2012,13274.58,13276.15,13230.06,13271.64,25.090000000000146,85.32999999999993,-7.359999999998763,13230.029999999999,13195.676666666666,13168.783333333333,13183.173333333334,13275.2,13250.11,13164.78,0.6666666666666666,3179.0,D,D,0.3333333333333333
21/08/2012,13272.1,13330.76,13186.6,13203.58,-3.5600000000013097,25.090000000000146,85.32999999999993,13265.65,13230.029999999999,13195.676666666666,13168.783333333333,13271.64,13275.2,13250.11,0.7333333333333333,3180.0,D,D,0.26666666666666666
22/08/2012,13198.31,13205.06,13120.34,13172.76,-68.05999999999949,-3.5600000000013097,25.090000000000146,13250.14,13265.65,13230.029999999999,13195.676666666666,13203.58,13271.64,13275.2,0.7999999999999999,3181.0,D,D,0.2
23/08/2012,13171.37,13171.37,13046.46,13057.46,-30.81999999999971,-68.05999999999949,-3.5600000000013097,13215.993333333334,13250.14,13265.65,13230.029999999999,13172.76,13203.58,13271.64,0.6666666666666666,3182.0,D,D,0.3333333333333333
24/08/2012,13052.82,13175.51,13027.2,13157.97,-115.30000000000109,-30.81999999999971,-68.05999999999949,13144.6,13215.993333333334,13250.14,13265.65,13057.46,13172.76,13203.58,0.6,3183.0,U,D,0.39999999999999997
27/08/2012,13157.74,13176.17,13115.46,13124.67,100.51000000000022,-115.30000000000109,-30.81999999999971,13129.396666666667,13144.6,13215.993333333334,13250.14,13157.97,13057.46,13172.76,0.5333333333333333,3184.0,D,D,0.4666666666666666
28/08/2012,13122.74,13147.32,13081.12,13102.99,-33.29999999999927,100.51000000000022,-115.30000000000109,13113.366666666667,13129.396666666667,13144.6,13215.993333333334,13124.67,13157.97,13057.46,0.39999999999999997,3185.0,D,U,0.6
29/08/2012,13103.46,13144.81,13081.27,13107.48,-21.68000000000029,-33.29999999999927,100.51000000000022,13128.543333333333,13113.366666666667,13129.396666666667,13144.6,13102.99,13124.67,13157.97,0.13333333333333333,3186.0,U,U,0.8666666666666666
30/08/2012,13101.29,13101.37,12978.91,13000.71,4.489999999999782,-21.68000000000029,-33.29999999999927,13111.713333333333,13128.543333333333,13113.366666666667,13129.396666666667,13107.48,13102.99,13124.67,0.3333333333333333,3187.0,D,U,0.6666666666666666
31/08/2012,13002.72,13151.87,13002.64,13090.84,-106.77000000000044,4.489999999999782,-21.68000000000029,13070.393333333333,13111.713333333333,13128.543333333333,13113.366666666667,13000.71,13107.48,13102.99,0.26666666666666666,3188.0,U,U,0.7333333333333333
04/09/2012,13092.15,13092.39,12977.09,13035.94,90.13000000000102,-106.77000000000044,4.489999999999782,13066.343333333332,13070.393333333333,13111.713333333333,13128.543333333333,13090.84,13000.71,13107.48,0.39999999999999997,3189.0,D,U,0.6
05/09/2012,13036.09,13095.91,13018.74,13047.48,-54.899999999999636,90.13000000000102,-106.77000000000044,13042.496666666666,13066.343333333332,13070.393333333333,13111.713333333333,13035.94,13090.84,13000.71,0.3333333333333333,3190.0,U,U,0.6666666666666666
06/09/2012,13045.23,13294.13,13045.08,13292.0,11.539999999999054,-54.899999999999636,90.13000000000102,13058.086666666664,13042.496666666666,13066.343333333332,13070.393333333333,13047.48,13035.94,13090.84,0.39999999999999997,3191.0,U,U,0.6
07/09/2012,13289.53,13320.27,13266.22,13306.64,244.52000000000044,11.539999999999054,-54.899999999999636,13125.14,13058.086666666664,13042.496666666666,13066.343333333332,13292.0,13047.48,13035.94,0.4666666666666666,3192.0,U,U,0.5333333333333333
10/09/2012,13308.56,13324.1,13251.39,13254.29,14.639999999999418,244.52000000000044,11.539999999999054,13215.373333333331,13125.14,13058.086666666664,13042.496666666666,13306.64,13292.0,13047.48,0.5333333333333333,3193.0,D,D,0.4666666666666666
11/09/2012,13254.6,13354.34,13253.21,13323.36,-52.349999999998545,14.639999999999418,244.52000000000044,13284.31,13215.373333333331,13125.14,13058.086666666664,13254.29,13306.64,13292.0,0.5333333333333333,3194.0,U,D,0.4666666666666666
12/09/2012,13321.62,13373.62,13317.52,13333.35,69.06999999999971,-52.349999999998545,14.639999999999418,13294.763333333334,13284.31,13215.373333333331,13125.14,13323.36,13254.29,13306.64,0.6666666666666666,3195.0,U,D,0.3333333333333333
13/09/2012,13329.71,13573.33,13325.11,13539.86,9.989999999999782,69.06999999999971,-52.349999999998545,13303.666666666666,13294.763333333334,13284.31,13215.373333333331,13333.35,13323.36,13254.29,0.6666666666666666,3196.0,U,D,0.3333333333333333
14/09/2012,13540.4,13653.24,13533.94,13593.37,206.51000000000022,9.989999999999782,69.06999999999971,13398.856666666667,13303.666666666666,13294.763333333334,13284.31,13539.86,13333.35,13323.36,0.2,3197.0,U,U,0.7999999999999999
17/09/2012,13588.57,13593.15,13526.67,13553.1,53.51000000000022,206.51000000000022,9.989999999999782,13488.86,13398.856666666667,13303.666666666666,13294.763333333334,13593.37,13539.86,13333.35,0.4666666666666666,3198.0,D,U,0.5333333333333333
18/09/2012,13552.33,13582.12,13517.81,13564.64,-40.27000000000044,53.51000000000022,206.51000000000022,13562.11,13488.86,13398.856666666667,13303.666666666666,13553.1,13593.37,13539.86,0.5333333333333333,3199.0,U,D,0.4666666666666666
19/09/2012,13565.41,13626.48,13556.74,13577.96,11.539999999999054,-40.27000000000044,53.51000000000022,13570.37,13562.11,13488.86,13398.856666666667,13564.64,13553.1,13593.37,0.4666666666666666,3200.0,U,U,0.5333333333333333
20/09/2012,13575.17,13599.02,13503.0,13596.93,13.319999999999709,11.539999999999054,-40.27000000000044,13565.233333333332,13570.37,13562.11,13488.86,13577.96,13564.64,13553.1,0.5333333333333333,3201.0,U,D,0.4666666666666666
21/09/2012,13597.24,13647.1,13571.53,13579.47,18.970000000001164,13.319999999999709,11.539999999999054,13579.843333333332,13565.233333333332,13570.37,13562.11,13596.93,13577.96,13564.64,0.6,3202.0,D,D,0.39999999999999997
24/09/2012,13577.85,13601.9,13521.68,13558.92,-17.460000000000946,18.970000000001164,13.319999999999709,13584.786666666667,13579.843333333332,13565.233333333332,13570.37,13579.47,13596.93,13577.96,0.6666666666666666,3203.0,D,D,0.3333333333333333
25/09/2012,13559.92,13620.21,13457.25,13457.55,-20.549999999999272,-17.460000000000946,18.970000000001164,13578.44,13584.786666666667,13579.843333333332,13565.233333333332,13558.92,13579.47,13596.93,0.7333333333333333,3204.0,D,D,0.26666666666666666
26/09/2012,13458.63,13480.37,13406.91,13413.51,-101.3700000000008,-20.549999999999272,-17.460000000000946,13531.980000000001,13578.44,13584.786666666667,13579.843333333332,13457.55,13558.92,13579.47,0.6,3205.0,D,D,0.39999999999999997
27/09/2012,13413.47,13522.83,13413.47,13485.97,-44.039999999999054,-101.3700000000008,-20.549999999999272,13476.660000000002,13531.980000000001,13578.44,13584.786666666667,13413.51,13457.55,13558.92,0.6666666666666666,3206.0,U,D,0.3333333333333333
28/09/2012,13485.89,13487.66,13367.27,13437.13,72.45999999999913,-44.039999999999054,-101.3700000000008,13452.343333333332,13476.660000000002,13531.980000000001,13578.44,13485.97,13413.51,13457.55,0.26666666666666666,3207.0,D,U,0.7333333333333333
01/10/2012,13437.66,13598.25,13437.66,13515.11,-48.840000000000146,72.45999999999913,-44.039999999999054,13445.536666666667,13452.343333333332,13476.660000000002,13531.980000000001,13437.13,13485.97,13413.51,0.4666666666666666,3208.0,U,U,0.5333333333333333
02/10/2012,13515.3,13567.06,13424.92,13482.36,77.98000000000138,-48.840000000000146,72.45999999999913,13479.403333333334,13445.536666666667,13452.343333333332,13476.660000000002,13515.11,13437.13,13485.97,0.4666666666666666,3209.0,D,U,0.5333333333333333
03/10/2012,13479.21,13536.27,13439.12,13494.61,-32.75,77.98000000000138,-48.840000000000146,13478.199999999999,13479.403333333334,13445.536666666667,13452.343333333332,13482.36,13515.11,13437.13,0.3333333333333333,3210.0,U,U,0.6666666666666666
04/10/2012,13495.18,13594.33,13495.18,13575.36,12.25,-32.75,77.98000000000138,13497.36,13478.199999999999,13479.403333333334,13445.536666666667,13494.61,13482.36,13515.11,0.4666666666666666,3211.0,U,U,0.5333333333333333
05/10/2012,13569.18,13661.87,13568.75,13610.15,80.75,12.25,-32.75,13517.443333333335,13497.36,13478.199999999999,13479.403333333334,13575.36,13494.61,13482.36,0.39999999999999997,3212.0,U,U,0.6
08/10/2012,13589.26,13610.38,13552.09,13583.65,34.789999999999054,80.75,12.25,13560.04,13517.443333333335,13497.36,13478.199999999999,13610.15,13575.36,13494.61,0.4666666666666666,3213.0,D,U,0.5333333333333333
09/10/2012,13582.88,13592.33,13473.31,13473.53,-26.5,34.789999999999054,80.75,13589.720000000001,13560.04,13517.443333333335,13497.36,13583.65,13610.15,13575.36,0.6,3214.0,D,D,0.39999999999999997
10/10/2012,13473.53,13478.83,13327.62,13344.97,-110.11999999999898,-26.5,34.789999999999054,13555.776666666667,13589.720000000001,13560.04,13517.443333333335,13473.53,13583.65,13610.15,0.6,3215.0,D,D,0.39999999999999997
11/10/2012,13346.28,13428.49,13326.12,13326.39,-128.5600000000013,-110.11999999999898,-26.5,13467.383333333333,13555.776666666667,13589.720000000001,13560.04,13344.97,13473.53,13583.65,0.6666666666666666,3216.0,D,D,0.3333333333333333
12/10/2012,13325.62,13401.32,13296.43,13328.85,-18.579999999999927,-128.5600000000013,-110.11999999999898,13381.63,13467.383333333333,13555.776666666667,13589.720000000001,13326.39,13344.97,13473.53,0.39999999999999997,3217.0,U,U,0.6
15/10/2012,13329.54,13437.66,13325.93,13424.23,2.460000000000946,-18.579999999999927,-128.5600000000013,13333.403333333334,13381.63,13467.383333333333,13555.776666666667,13328.85,13326.39,13344.97,0.4666666666666666,3218.0,U,U,0.5333333333333333
16/10/2012,13423.84,13556.37,13423.76,13551.78,95.3799999999992,2.460000000000946,-18.579999999999927,13359.823333333334,13333.403333333334,13381.63,13467.383333333333,13424.23,13328.85,13326.39,0.2,3219.0,U,U,0.7999999999999999
17/10/2012,13539.63,13561.65,13468.9,13557.0,127.55000000000109,95.3799999999992,2.460000000000946,13434.953333333333,13359.823333333334,13333.403333333334,13381.63,13551.78,13424.23,13328.85,0.39999999999999997,3220.0,U,U,0.6
18/10/2012,13553.24,13588.73,13510.93,13548.94,5.219999999999345,127.55000000000109,95.3799999999992,13511.003333333334,13434.953333333333,13359.823333333334,13333.403333333334,13557.0,13551.78,13424.23,0.6,3221.0,D,D,0.39999999999999997
19/10/2012,13545.33,13545.49,13312.22,13343.51,-8.05999999999949,5.219999999999345,127.55000000000109,13552.573333333334,13511.003333333334,13434.953333333333,13359.823333333334,13548.94,13557.0,13551.78,0.4666666666666666,3222.0,D,U,0.5333333333333333
22/10/2012,13344.28,13368.55,13235.15,13345.89,-205.4300000000003,-8.05999999999949,5.219999999999345,13483.150000000001,13552.573333333334,13511.003333333334,13434.953333333333,13343.51,13548.94,13557.0,0.39999999999999997,3223.0,U,U,0.6
23/10/2012,13344.9,13344.9,13083.28,13102.53,2.3799999999991996,-205.4300000000003,-8.05999999999949,13412.779999999999,13483.150000000001,13552.573333333334,13511.003333333334,13345.89,13343.51,13548.94,0.4666666666666666,3224.0,D,U,0.5333333333333333
24/10/2012,13103.53,13155.21,13063.63,13077.34,-243.35999999999876,2.3799999999991996,-205.4300000000003,13263.976666666667,13412.779999999999,13483.150000000001,13552.573333333334,13102.53,13345.89,13343.51,0.39999999999999997,3225.0,D,U,0.6
25/10/2012,13079.64,13214.11,13017.37,13103.68,-25.19000000000051,-243.35999999999876,2.3799999999991996,13175.253333333332,13263.976666666667,13412.779999999999,13483.150000000001,13077.34,13102.53,13345.89,0.6666666666666666,3226.0,U,D,0.3333333333333333
26/10/2012,13104.22,13151.72,13040.17,13107.21,26.340000000000146,-25.19000000000051,-243.35999999999876,13094.516666666668,13175.253333333332,13263.976666666667,13412.779999999999,13103.68,13077.34,13102.53,0.6,3227.0,U,D,0.39999999999999997
31/10/2012,13107.44,13189.08,13052.07,13096.46,3.529999999998836,26.340000000000146,-25.19000000000051,13096.076666666666,13094.516666666668,13175.253333333332,13263.976666666667,13107.21,13103.68,13077.34,0.39999999999999997,3228.0,D,U,0.6
01/11/2012,13099.19,13273.71,13099.11,13232.62,-10.75,3.529999999998836,26.340000000000146,13102.449999999999,13096.076666666666,13094.516666666668,13175.253333333332,13096.46,13107.21,13103.68,0.39999999999999997,3229.0,U,U,0.6
02/11/2012,13232.62,13289.45,13076.57,13093.16,136.16000000000167,-10.75,3.529999999998836,13145.43,13102.449999999999,13096.076666666666,13094.516666666668,13232.62,13096.46,13107.21,0.5333333333333333,3230.0,D,D,0.4666666666666666
05/11/2012,13092.28,13140.58,13038.71,13112.44,-139.46000000000095,136.16000000000167,-10.75,13140.746666666668,13145.43,13102.449999999999,13096.076666666666,13093.16,13232.62,13096.46,0.39999999999999997,3231.0,U,U,0.6
06/11/2012,13112.9,13290.75,13112.9,13245.68,19.280000000000655,-139.46000000000095,136.16000000000167,13146.073333333334,13140.746666666668,13145.43,13102.449999999999,13112.44,13093.16,13232.62,0.3333333333333333,3232.0,U,U,0.6666666666666666
07/11/2012,13228.24,13228.32,12876.6,12932.73,133.23999999999978,19.280000000000655,-139.46000000000095,13150.426666666666,13146.073333333334,13140.746666666668,13145.43,13245.68,13112.44,13093.16,0.5333333333333333,3233.0,D,D,0.4666666666666666
08/11/2012,12932.81,12980.23,12811.24,12811.32,-312.9500000000007,133.23999999999978,19.280000000000655,13096.950000000003,13150.426666666666,13146.073333333334,13140.746666666668,12932.73,13245.68,13112.44,0.39999999999999997,3234.0,D,U,0.6
09/11/2012,12811.17,12890.19,12743.39,12815.39,-121.40999999999985,-312.9500000000007,133.23999999999978,12996.576666666666,13096.950000000003,13150.426666666666,13146.073333333334,12811.32,12932.73,13245.68,0.4666666666666666,3235.0,U,U,0.5333333333333333
12/11/2012,12815.93,12861.28,12783.0,12815.08,4.069999999999709,-121.40999999999985,-312.9500000000007,12853.146666666667,12996.576666666666,13096.950000000003,13150.426666666666,12815.39,12811.32,12932.73,0.39999999999999997,3236.0,D,U,0.6
13/11/2012,12808.71,12898.25,12748.51,12756.18,-0.3099999999994907,4.069999999999709,-121.40999999999985,12813.93,12853.146666666667,12996.576666666666,13096.950000000003,12815.08,12815.39,12811.32,0.6,3237.0,D,D,0.39999999999999997
14/11/2012,12746.54,12797.73,12542.68,12570.95,-58.899999999999636,-0.3099999999994907,4.069999999999709,12795.550000000001,12813.93,12853.146666666667,12996.576666666666,12756.18,12815.08,12815.39,0.6,3238.0,D,D,0.39999999999999997
15/11/2012,12571.1,12600.59,12496.56,12542.38,-185.22999999999956,-58.899999999999636,-0.3099999999994907,12714.070000000002,12795.550000000001,12813.93,12853.146666666667,12570.95,12756.18,12815.08,0.7999999999999999,3239.0,D,D,0.2
16/11/2012,12542.31,12604.17,12471.49,12588.31,-28.570000000001528,-185.22999999999956,-58.899999999999636,12623.17,12714.070000000002,12795.550000000001,12813.93,12542.38,12570.95,12756.18,0.6,3240.0,U,D,0.39999999999999997
19/11/2012,12590.23,12796.19,12590.23,12795.96,45.93000000000029,-28.570000000001528,-185.22999999999956,12567.213333333333,12623.17,12714.070000000002,12795.550000000001,12588.31,12542.38,12570.95,0.26666666666666666,3241.0,U,U,0.7333333333333333
20/11/2012,12790.89,12808.56,12701.07,12788.51,207.64999999999964,45.93000000000029,-28.570000000001528,12642.216666666665,12567.213333333333,12623.17,12714.070000000002,12795.96,12588.31,12542.38,0.6666666666666666,3242.0,D,D,0.3333333333333333
21/11/2012,12788.36,12845.99,12786.13,12836.89,-7.449999999998909,207.64999999999964,45.93000000000029,12724.26,12642.216666666665,12567.213333333333,12623.17,12788.51,12795.96,12588.31,0.39999999999999997,3243.0,U,U,0.6
23/11/2012,12833.13,13011.45,12832.98,13009.53,48.3799999999992,-7.449999999998909,207.64999999999964,12807.12,12724.26,12642.216666666665,12567.213333333333,12836.89,12788.51,12795.96,0.39999999999999997,3244.0,U,U,0.6
26/11/2012,13008.45,13008.45,12900.17,12967.37,172.64000000000124,48.3799999999992,-7.449999999998909,12878.31,12807.12,12724.26,12642.216666666665,13009.53,12836.89,12788.51,0.6,3245.0,D,D,0.39999999999999997
27/11/2012,12963.38,12980.19,12868.26,12878.13,-42.159999999999854,172.64000000000124,48.3799999999992,12937.93,12878.31,12807.12,12724.26,12967.37,13009.53,12836.89,0.6,3246.0,D,D,0.39999999999999997
28/11/2012,12875.56,12989.1,12765.32,12985.11,-89.2400000000016,-42.159999999999854,172.64000000000124,12951.676666666666,12937.93,12878.31,12807.12,12878.13,12967.37,13009.53,0.4666666666666666,3247.0,U,U,0.5333333333333333
29/11/2012,12977.35,13062.56,12961.92,13021.82,106.98000000000138,-89.2400000000016,-42.159999999999854,12943.536666666667,12951.676666666666,12937.93,12878.31,12985.11,12878.13,12967.37,0.39999999999999997,3248.0,U,U,0.6
30/11/2012,13022.05,13053.74,12988.68,13025.58,36.70999999999913,106.98000000000138,-89.2400000000016,12961.686666666666,12943.536666666667,12951.676666666666,12937.93,13021.82,12985.11,12878.13,0.26666666666666666,3249.0,U,U,0.7333333333333333
03/12/2012,13027.73,13087.32,12959.42,12965.6,3.7600000000002183,36.70999999999913,106.98000000000138,13010.836666666668,12961.686666666666,12943.536666666667,12951.676666666666,13025.58,13021.82,12985.11,0.4666666666666666,3250.0,D,U,0.5333333333333333
04/12/2012,12966.45,13022.51,12940.07,12951.78,-59.97999999999956,3.7600000000002183,36.70999999999913,13004.333333333334,13010.836666666668,12961.686666666666,12943.536666666667,12965.6,13025.58,13021.82,0.5333333333333333,3251.0,D,D,0.4666666666666666
05/12/2012,12948.96,13089.11,12923.44,13034.49,-13.819999999999709,-59.97999999999956,3.7600000000002183,12980.986666666666,13004.333333333334,13010.836666666668,12961.686666666666,12951.78,12965.6,13025.58,0.5333333333333333,3252.0,U,D,0.4666666666666666
06/12/2012,13026.19,13076.88,13007.84,13074.04,82.70999999999913,-13.819999999999709,-59.97999999999956,12983.956666666667,12980.986666666666,13004.333333333334,13010.836666666668,13034.49,12951.78,12965.6,0.3333333333333333,3253.0,U,U,0.6666666666666666
07/12/2012,13072.87,13157.28,13072.87,13155.13,39.55000000000109,82.70999999999913,-13.819999999999709,13020.103333333333,12983.956666666667,12980.986666666666,13004.333333333334,13074.04,13034.49,12951.78,0.3333333333333333,3254.0,U,U,0.6666666666666666
10/12/2012,13154.89,13195.35,13139.08,13169.88,81.08999999999833,39.55000000000109,82.70999999999913,13087.886666666665,13020.103333333333,12983.956666666667,12980.986666666666,13155.13,13074.04,13034.49,0.3333333333333333,3255.0,U,U,0.6666666666666666
11/12/2012,13170.34,13306.57,13170.34,13248.44,14.75,81.08999999999833,39.55000000000109,13133.016666666665,13087.886666666665,13020.103333333333,12983.956666666667,13169.88,13155.13,13074.04,0.39999999999999997,3256.0,U,U,0.6
12/12/2012,13250.05,13329.44,13227.44,13245.45,78.56000000000131,14.75,81.08999999999833,13191.15,13133.016666666665,13087.886666666665,13020.103333333333,13248.44,13169.88,13155.13,0.6,3257.0,D,D,0.39999999999999997
13/12/2012,13241.38,13264.41,13147.19,13170.72,-2.9899999999997817,78.56000000000131,14.75,13221.256666666668,13191.15,13133.016666666665,13087.886666666665,13245.45,13248.44,13169.88,0.5333333333333333,3258.0,D,D,0.4666666666666666
14/12/2012,13170.8,13190.41,13118.46,13135.01,-74.73000000000138,-2.9899999999997817,78.56000000000131,13221.536666666667,13221.256666666668,13191.15,13133.016666666665,13170.72,13245.45,13248.44,0.6666666666666666,3259.0,D,D,0.3333333333333333
17/12/2012,13135.17,13244.33,13134.63,13235.39,-35.70999999999913,-74.73000000000138,-2.9899999999997817,13183.726666666667,13221.536666666667,13221.256666666668,13191.15,13135.01,13170.72,13245.45,0.6,3260.0,U,D,0.39999999999999997
18/12/2012,13236.61,13365.86,13232.58,13350.96,100.3799999999992,-35.70999999999913,-74.73000000000138,13180.373333333331,13183.726666666667,13221.536666666667,13221.256666666668,13235.39,13135.01,13170.72,0.5333333333333333,3261.0,U,D,0.4666666666666666
19/12/2012,13351.04,13357.7,13251.74,13251.97,115.56999999999971,100.3799999999992,-35.70999999999913,13240.453333333333,13180.373333333331,13183.726666666667,13221.536666666667,13350.96,13235.39,13135.01,0.5333333333333333,3262.0,D,D,0.4666666666666666
20/12/2012,13246.67,13314.64,13216.03,13311.72,-98.98999999999978,115.56999999999971,100.3799999999992,13279.44,13240.453333333333,13180.373333333331,13183.726666666667,13251.97,13350.96,13235.39,0.6666666666666666,3263.0,U,D,0.3333333333333333
21/12/2012,13309.95,13309.95,13122.53,13190.84,59.75,-98.98999999999978,115.56999999999971,13304.883333333333,13279.44,13240.453333333333,13180.373333333331,13311.72,13251.97,13350.96,0.5333333333333333,3264.0,D,D,0.4666666666666666
24/12/2012,13190.15,13190.38,13128.55,13138.93,-120.8799999999992,59.75,-98.98999999999978,13251.51,13304.883333333333,13279.44,13240.453333333333,13190.84,13311.72,13251.97,0.5333333333333333,3265.0,D,D,0.4666666666666666
26/12/2012,13138.85,13174.88,13076.87,13114.59,-51.909999999999854,-120.8799999999992,59.75,13213.83,13251.51,13304.883333333333,13279.44,13138.93,13190.84,13311.72,0.6,3266.0,D,D,0.39999999999999997
27/12/2012,13114.97,13141.74,12964.08,13096.31,-24.340000000000146,-51.909999999999854,-120.8799999999992,13148.12,13213.83,13251.51,13304.883333333333,13114.59,13138.93,13190.84,0.5333333333333333,3267.0,D,D,0.4666666666666666
28/12/2012,13095.08,13095.46,12926.86,12938.11,-18.280000000000655,-24.340000000000146,-51.909999999999854,13116.61,13148.12,13213.83,13251.51,13096.31,13114.59,13138.93,0.4666666666666666,3268.0,D,U,0.5333333333333333
31/12/2012,12938.19,13109.13,12883.89,13104.14,-158.1999999999989,-18.280000000000655,-24.340000000000146,13049.67,13116.61,13148.12,13213.83,12938.11,13096.31,13114.59,0.4666666666666666,3269.0,U,U,0.5333333333333333
02/01/2013,13104.3,13412.71,13104.3,13412.55,166.02999999999884,-158.1999999999989,-18.280000000000655,13046.186666666666,13049.67,13116.61,13148.12,13104.14,12938.11,13096.31,0.5333333333333333,3270.0,U,D,0.4666666666666666
03/01/2013,13413.01,13430.6,13358.3,13391.36,308.40999999999985,166.02999999999884,-158.1999999999989,13151.6,13046.186666666666,13049.67,13116.61,13412.55,13104.14,12938.11,0.5333333333333333,3271.0,D,D,0.4666666666666666
04/01/2013,13391.05,13447.11,13376.23,13435.21,-21.18999999999869,308.40999999999985,166.02999999999884,13302.683333333334,13151.6,13046.186666666666,13049.67,13391.36,13412.55,13104.14,0.4666666666666666,3272.0,U,U,0.5333333333333333
07/01/2013,13436.13,13436.13,13343.32,13384.29,43.849999999998545,-21.18999999999869,308.40999999999985,13413.039999999999,13302.683333333334,13151.6,13046.186666666666,13435.21,13391.36,13412.55,0.5333333333333333,3273.0,D,D,0.4666666666666666
08/01/2013,13377.42,13377.42,13293.13,13328.85,-50.919999999998254,43.849999999998545,-21.18999999999869,13403.62,13413.039999999999,13302.683333333334,13151.6,13384.29,13435.21,13391.36,0.39999999999999997,3274.0,D,U,0.6
09/01/2013,13329.92,13416.55,13329.08,13390.51,-55.44000000000051,-50.919999999998254,43.849999999998545,13382.783333333333,13403.62,13413.039999999999,13302.683333333334,13328.85,13384.29,13435.21,0.3333333333333333,3275.0,U,U,0.6666666666666666
10/01/2013,13391.82,13478.2,13382.29,13471.22,61.659999999999854,-55.44000000000051,-50.919999999998254,13367.883333333333,13382.783333333333,13403.62,13413.039999999999,13390.51,13328.85,13384.29,0.26666666666666666,3276.0,U,U,0.7333333333333333
11/01/2013,13471.45,13496.68,13439.97,13488.43,80.70999999999913,61.659999999999854,-55.44000000000051,13396.86,13367.883333333333,13382.783333333333,13403.62,13471.22,13390.51,13328.85,0.26666666666666666,3277.0,U,U,0.7333333333333333
14/01/2013,13488.43,13520.18,13459.84,13507.32,17.210000000000946,80.70999999999913,61.659999999999854,13450.053333333335,13396.86,13367.883333333333,13382.783333333333,13488.43,13471.22,13390.51,0.39999999999999997,3278.0,U,U,0.6
15/01/2013,13507.32,13546.37,13445.8,13534.89,18.889999999999418,17.210000000000946,80.70999999999913,13488.99,13450.053333333335,13396.86,13367.883333333333,13507.32,13488.43,13471.22,0.4666666666666666,3279.0,U,U,0.5333333333333333
16/01/2013,13534.89,13534.89,13468.96,13511.23,27.56999999999971,18.889999999999418,17.210000000000946,13510.213333333333,13488.99,13450.053333333335,13396.86,13534.89,13507.32,13488.43,0.5333333333333333,3280.0,D,D,0.4666666666666666
17/01/2013,13511.23,13633.89,13510.24,13596.02,-23.659999999999854,27.56999999999971,18.889999999999418,13517.813333333334,13510.213333333333,13488.99,13450.053333333335,13511.23,13534.89,13507.32,0.3333333333333333,3281.0,U,U,0.6666666666666666
18/01/2013,13596.02,13649.93,13571.86,13649.7,84.79000000000087,-23.659999999999854,27.56999999999971,13547.38,13517.813333333334,13510.213333333333,13488.99,13596.02,13511.23,13534.89,0.39999999999999997,3282.0,U,U,0.6
22/01/2013,13649.7,13712.21,13622.96,13712.21,53.68000000000029,84.79000000000087,-23.659999999999854,13585.65,13547.38,13517.813333333334,13510.213333333333,13649.7,13596.02,13511.23,0.4666666666666666,3283.0,U,U,0.5333333333333333
23/01/2013,13712.21,13794.29,13710.13,13779.33,62.5099999999984,53.68000000000029,84.79000000000087,13652.643333333333,13585.65,13547.38,13517.813333333334,13712.21,13649.7,13596.02,0.4666666666666666,3284.0,U,U,0.5333333333333333
24/01/2013,13779.33,13879.66,13779.33,13825.33,67.1200000000008,62.5099999999984,53.68000000000029,13713.746666666666,13652.643333333333,13585.65,13547.38,13779.33,13712.21,13649.7,0.5333333333333333,3285.0,U,D,0.4666666666666666
25/01/2013,13825.33,13895.98,13825.33,13895.98,46.0,67.1200000000008,62.5099999999984,13772.29,13713.746666666666,13652.643333333333,13585.65,13825.33,13779.33,13712.21,0.26666666666666666,3286.0,U,U,0.7333333333333333
28/01/2013,13895.98,13915.72,13862.57,13881.93,70.64999999999964,46.0,67.1200000000008,13833.546666666667,13772.29,13713.746666666666,13652.643333333333,13895.98,13825.33,13779.33,0.4666666666666666,3287.0,D,U,0.5333333333333333
29/01/2013,13881.93,13969.99,13880.01,13954.42,-14.049999999999272,70.64999999999964,46.0,13867.746666666666,13833.546666666667,13772.29,13713.746666666666,13881.93,13895.98,13825.33,0.4666666666666666,3288.0,U,U,0.5333333333333333
30/01/2013,13954.42,13966.13,13896.95,13910.42,72.48999999999978,-14.049999999999272,70.64999999999964,13910.776666666667,13867.746666666666,13833.546666666667,13772.29,13954.42,13881.93,13895.98,0.6,3289.0,D,D,0.39999999999999997
31/01/2013,13910.42,13941.06,13860.58,13860.58,-44.0,72.48999999999978,-14.049999999999272,13915.589999999998,13910.776666666667,13867.746666666666,13833.546666666667,13910.42,13954.42,13881.93,0.4666666666666666,3290.0,D,U,0.5333333333333333
01/02/2013,13860.58,14019.78,13860.58,14009.79,-49.840000000000146,-44.0,72.48999999999978,13908.473333333333,13915.589999999998,13910.776666666667,13867.746666666666,13860.58,13910.42,13954.42,0.39999999999999997,3291.0,U,U,0.6
04/02/2013,14009.79,14009.79,13866.83,13880.08,149.21000000000095,-49.840000000000146,-44.0,13926.93,13908.473333333333,13915.589999999998,13910.776666666667,14009.79,13860.58,13910.42,0.7999999999999999,3292.0,D,D,0.2
05/02/2013,13880.08,14013.6,13880.08,13979.3,-129.71000000000095,149.21000000000095,-49.840000000000146,13916.816666666668,13926.93,13908.473333333333,13915.589999999998,13880.08,14009.79,13860.58,0.4666666666666666,3293.0,U,U,0.5333333333333333
06/02/2013,13979.3,13991.61,13913.18,13986.52,99.21999999999935,-129.71000000000095,149.21000000000095,13956.39,13916.816666666668,13926.93,13908.473333333333,13979.3,13880.08,14009.79,0.5333333333333333,3294.0,U,D,0.4666666666666666
07/02/2013,13986.52,13988.06,13852.2,13944.05,7.220000000001164,99.21999999999935,-129.71000000000095,13948.633333333331,13956.39,13916.816666666668,13926.93,13986.52,13979.3,13880.08,0.7333333333333333,3295.0,D,D,0.26666666666666666
08/02/2013,13944.05,14022.62,13944.05,13992.97,-42.470000000001164,7.220000000001164,99.21999999999935,13969.956666666665,13948.633333333331,13956.39,13916.816666666668,13944.05,13986.52,13979.3,0.4666666666666666,3296.0,U,U,0.5333333333333333
11/02/2013,13992.97,13992.97,13940.41,13971.24,48.92000000000007,-42.470000000001164,7.220000000001164,13974.513333333334,13969.956666666665,13948.633333333331,13956.39,13992.97,13944.05,13986.52,0.6,3297.0,D,D,0.39999999999999997
12/02/2013,13971.24,14038.97,13968.94,14018.7,-21.729999999999563,48.92000000000007,-42.470000000001164,13969.419999999998,13974.513333333334,13969.956666666665,13948.633333333331,13971.24,13992.97,13944.05,0.5333333333333333,3298.0,U,D,0.4666666666666666
13/02/2013,14018.7,14029.35,13945.78,13982.91,47.460000000000946,-21.729999999999563,48.92000000000007,13994.303333333335,13969.419999999998,13974.513333333334,13969.956666666665,14018.7,13971.24,13992.97,0.4666666666666666,3299.0,D,U,0.5333333333333333
14/02/2013,13982.91,13990.36,13921.94,13973.39,-35.79000000000087,47.460000000000946,-21.729999999999563,13990.950000000003,13994.303333333335,13969.419999999998,13974.513333333334,13982.91,14018.7,13971.24,0.5333333333333333,3300.0,D,D,0.4666666666666666
15/02/2013,13973.39,14001.93,13906.73,13981.76,-9.520000000000437,-35.79000000000087,47.460000000000946,13991.666666666666,13990.950000000003,13994.303333333335,13969.419999999998,13973.39,13982.91,14018.7,0.5333333333333333,3301.0,U,D,0.4666666666666666
19/02/2013,13981.76,14044.82,13977.9,14035.67,8.3700000000008,-9.520000000000437,-35.79000000000087,13979.353333333333,13991.666666666666,13990.950000000003,13994.303333333335,13981.76,13973.39,13982.91,0.5333333333333333,3302.0,U,D,0.4666666666666666
20/02/2013,14035.67,14058.27,13919.28,13927.54,53.909999999999854,8.3700000000008,-9.520000000000437,13996.94,13979.353333333333,13991.666666666666,13990.950000000003,14035.67,13981.76,13973.39,0.6,3303.0,D,D,0.39999999999999997
21/02/2013,13927.54,13927.54,13834.4,13880.62,-108.1299999999992,53.909999999999854,8.3700000000008,13981.656666666668,13996.94,13979.353333333333,13991.666666666666,13927.54,14035.67,13981.76,0.39999999999999997,3304.0,D,U,0.6
22/02/2013,13880.62,14001.19,13880.62,14000.57,-46.92000000000007,-108.1299999999992,53.909999999999854,13947.943333333335,13981.656666666668,13996.94,13979.353333333333,13880.62,13927.54,14035.67,0.5333333333333333,3305.0,U,D,0.4666666666666666
25/02/2013,14000.57,14081.58,13784.01,13784.17,119.94999999999891,-46.92000000000007,-108.1299999999992,13936.243333333334,13947.943333333335,13981.656666666668,13996.94,14000.57,13880.62,13927.54,0.6666666666666666,3306.0,D,D,0.3333333333333333
26/02/2013,13784.17,13918.44,13784.17,13900.13,-216.39999999999964,119.94999999999891,-46.92000000000007,13888.453333333333,13936.243333333334,13947.943333333335,13981.656666666668,13784.17,14000.57,13880.62,0.39999999999999997,3307.0,U,U,0.6
27/02/2013,13900.13,14104.86,13880.19,14075.37,115.95999999999913,-216.39999999999964,119.94999999999891,13894.956666666665,13888.453333333333,13936.243333333334,13947.943333333335,13900.13,13784.17,14000.57,0.6666666666666666,3308.0,U,D,0.3333333333333333
28/02/2013,14075.37,14149.15,14050.18,14054.49,175.2400000000016,115.95999999999913,-216.39999999999964,13919.89,13894.956666666665,13888.453333333333,13936.243333333334,14075.37,13900.13,13784.17,0.7999999999999999,3309.0,D,D,0.2
01/03/2013,14054.49,14107.09,13937.6,14089.66,-20.88000000000102,175.2400000000016,115.95999999999913,14009.996666666666,13919.89,13894.956666666665,13888.453333333333,14054.49,14075.37,13900.13,0.4666666666666666,3310.0,U,U,0.5333333333333333
04/03/2013,14089.66,14128.21,14030.37,14127.82,35.17000000000007,-20.88000000000102,175.2400000000016,14073.173333333334,14009.996666666666,13919.89,13894.956666666665,14089.66,14054.49,14075.37,0.39999999999999997,3311.0,U,U,0.6
05/03/2013,14127.82,14286.37,14127.82,14253.77,38.159999999999854,35.17000000000007,-20.88000000000102,14090.656666666668,14073.173333333334,14009.996666666666,13919.89,14127.82,14089.66,14054.49,0.4666666666666666,3312.0,U,U,0.5333333333333333
06/03/2013,14253.77,14320.65,14253.0,14296.24,125.95000000000073,38.159999999999854,35.17000000000007,14157.083333333334,14090.656666666668,14073.173333333334,14009.996666666666,14253.77,14127.82,14089.66,0.4666666666666666,3313.0,U,U,0.5333333333333333
07/03/2013,14296.24,14354.69,14296.24,14329.49,42.469999999999345,125.95000000000073,38.159999999999854,14225.943333333335,14157.083333333334,14090.656666666668,14073.173333333334,14296.24,14253.77,14127.82,0.39999999999999997,3314.0,U,U,0.6
08/03/2013,14329.49,14413.17,14329.49,14397.07,33.25,42.469999999999345,125.95000000000073,14293.166666666666,14225.943333333335,14157.083333333334,14090.656666666668,14329.49,14296.24,14253.77,0.3333333333333333,3315.0,U,U,0.6666666666666666
11/03/2013,14397.07,14448.06,14373.32,14447.29,67.57999999999993,33.25,42.469999999999345,14340.933333333334,14293.166666666666,14225.943333333335,14157.083333333334,14397.07,14329.49,14296.24,0.3333333333333333,3316.0,U,U,0.6666666666666666
12/03/2013,14447.29,14478.8,14412.06,14450.06,50.220000000001164,67.57999999999993,33.25,14391.283333333333,14340.933333333334,14293.166666666666,14225.943333333335,14447.29,14397.07,14329.49,0.3333333333333333,3317.0,U,U,0.6666666666666666
13/03/2013,14450.06,14472.8,14411.66,14455.28,2.7699999999986176,50.220000000001164,67.57999999999993,14431.473333333333,14391.283333333333,14340.933333333334,14293.166666666666,14450.06,14447.29,14397.07,0.39999999999999997,3318.0,U,U,0.6
14/03/2013,14455.28,14539.29,14455.28,14539.14,5.220000000001164,2.7699999999986176,50.220000000001164,14450.876666666665,14431.473333333333,14391.283333333333,14340.933333333334,14455.28,14450.06,14447.29,0.39999999999999997,3319.0,U,U,0.6
15/03/2013,14539.14,14539.14,14470.5,14514.11,83.85999999999876,5.220000000001164,2.7699999999986176,14481.493333333332,14450.876666666665,14431.473333333333,14391.283333333333,14539.14,14455.28,14450.06,0.39999999999999997,3320.0,D,U,0.6
18/03/2013,14514.11,14521.59,14404.21,14452.06,-25.029999999998836,83.85999999999876,5.220000000001164,14502.843333333332,14481.493333333332,14450.876666666665,14431.473333333333,14514.11,14539.14,14455.28,0.39999999999999997,3321.0,D,U,0.6
19/03/2013,14452.06,14514.34,14382.09,14455.82,-62.05000000000109,-25.029999999998836,83.85999999999876,14501.769999999999,14502.843333333332,14481.493333333332,14450.876666666665,14452.06,14514.11,14539.14,0.4666666666666666,3322.0,U,U,0.5333333333333333
20/03/2013,14455.82,14546.82,14455.82,14511.73,3.7600000000002183,-62.05000000000109,-25.029999999998836,14473.996666666666,14501.769999999999,14502.843333333332,14481.493333333332,14455.82,14452.06,14514.11,0.39999999999999997,3323.0,U,U,0.6
21/03/2013,14511.73,14511.73,14383.02,14421.49,55.909999999999854,3.7600000000002183,-62.05000000000109,14473.203333333333,14473.996666666666,14501.769999999999,14502.843333333332,14511.73,14455.82,14452.06,0.4666666666666666,3324.0,D,U,0.5333333333333333
22/03/2013,14421.49,14519.95,14421.49,14512.03,-90.23999999999978,55.909999999999854,3.7600000000002183,14463.013333333334,14473.203333333333,14473.996666666666,14501.769999999999,14421.49,14511.73,14455.82,0.39999999999999997,3325.0,U,U,0.6
25/03/2013,14512.03,14563.75,14395.0,14447.75,90.54000000000087,-90.23999999999978,55.909999999999854,14481.75,14463.013333333334,14473.203333333333,14473.996666666666,14512.03,14421.49,14511.73,0.4666666666666666,3326.0,D,U,0.5333333333333333
26/03/2013,14447.75,14561.54,14447.75,14559.65,-64.28000000000065,90.54000000000087,-90.23999999999978,14460.423333333334,14481.75,14463.013333333334,14473.203333333333,14447.75,14512.03,14421.49,0.3333333333333333,3327.0,U,U,0.6666666666666666
27/03/2013,14559.65,14559.65,14439.55,14526.16,111.89999999999964,-64.28000000000065,90.54000000000087,14506.476666666667,14460.423333333334,14481.75,14463.013333333334,14559.65,14447.75,14512.03,0.5333333333333333,3328.0,D,D,0.4666666666666666
28/03/2013,14526.16,14585.1,14520.86,14578.54,-33.48999999999978,111.89999999999964,-64.28000000000065,14511.186666666666,14506.476666666667,14460.423333333334,14481.75,14526.16,14559.65,14447.75,0.3333333333333333,3329.0,U,U,0.6666666666666666
01/04/2013,14578.54,14605.72,14531.48,14572.85,52.38000000000102,-33.48999999999978,111.89999999999964,14554.783333333333,14511.186666666666,14506.476666666667,14460.423333333334,14578.54,14526.16,14559.65,0.6,3330.0,D,D,0.39999999999999997
02/04/2013,14572.85,14684.49,14572.85,14662.01,-5.690000000000509,52.38000000000102,-33.48999999999978,14559.183333333334,14554.783333333333,14511.186666666666,14506.476666666667,14572.85,14578.54,14526.16,0.26666666666666666,3331.0,U,U,0.7333333333333333
03/04/2013,14662.01,14683.13,14525.36,14550.35,89.15999999999985,-5.690000000000509,52.38000000000102,14604.466666666667,14559.183333333334,14554.783333333333,14511.186666666666,14662.01,14572.85,14578.54,0.39999999999999997,3332.0,D,U,0.6
04/04/2013,14550.35,14625.24,14538.72,14606.11,-111.65999999999985,89.15999999999985,-5.690000000000509,14595.07,14604.466666666667,14559.183333333334,14554.783333333333,14550.35,14662.01,14572.85,0.26666666666666666,3333.0,U,U,0.7333333333333333
05/04/2013,14606.11,14606.11,14434.43,14565.25,55.76000000000022,-111.65999999999985,89.15999999999985,14606.156666666668,14595.07,14604.466666666667,14559.183333333334,14606.11,14550.35,14662.01,0.3333333333333333,3334.0,D,U,0.6666666666666666
08/04/2013,14565.25,14613.48,14497.8,14613.48,-40.86000000000058,55.76000000000022,-111.65999999999985,14573.903333333334,14606.156666666668,14595.07,14604.466666666667,14565.25,14606.11,14550.35,0.3333333333333333,3335.0,U,U,0.6666666666666666
09/04/2013,14613.48,14716.46,14598.5,14673.46,48.22999999999956,-40.86000000000058,55.76000000000022,14594.946666666665,14573.903333333334,14606.156666666668,14595.07,14613.48,14565.25,14606.11,0.26666666666666666,3336.0,U,U,0.7333333333333333
10/04/2013,14673.46,14826.66,14673.46,14802.24,59.97999999999956,48.22999999999956,-40.86000000000058,14617.396666666667,14594.946666666665,14573.903333333334,14606.156666666668,14673.46,14613.48,14565.25,0.26666666666666666,3337.0,U,U,0.7333333333333333
11/04/2013,14802.24,14887.51,14785.36,14865.14,128.78000000000065,59.97999999999956,48.22999999999956,14696.393333333333,14617.396666666667,14594.946666666665,14573.903333333334,14802.24,14673.46,14613.48,0.3333333333333333,3338.0,U,U,0.6666666666666666
12/04/2013,14865.14,14865.21,14790.57,14865.06,62.899999999999636,128.78000000000065,59.97999999999956,14780.279999999999,14696.393333333333,14617.396666666667,14594.946666666665,14865.14,14802.24,14673.46,0.39999999999999997,3339.0,D,U,0.6
15/04/2013,14865.06,14865.06,14598.58,14599.2,-0.07999999999992724,62.899999999999636,128.78000000000065,14844.146666666666,14780.279999999999,14696.393333333333,14617.396666666667,14865.06,14865.14,14802.24,0.3333333333333333,3340.0,D,U,0.6666666666666666
16/04/2013,14599.2,14761.73,14599.2,14756.78,-265.85999999999876,-0.07999999999992724,62.899999999999636,14776.466666666665,14844.146666666666,14780.279999999999,14696.393333333333,14599.2,14865.06,14865.14,0.2,3341.0,U,U,0.7999999999999999
17/04/2013,14756.78,14756.78,14560.81,14618.59,157.57999999999993,-265.85999999999876,-0.07999999999992724,14740.346666666666,14776.466666666665,14844.146666666666,14780.279999999999,14756.78,14599.2,14865.06,0.2,3342.0,D,U,0.7999999999999999
18/04/2013,14618.59,14650.26,14495.29,14537.14,-138.1900000000005,157.57999999999993,-265.85999999999876,14658.190000000002,14740.346666666666,14776.466666666665,14844.146666666666,14618.59,14756.78,14599.2,0.26666666666666666,3343.0,D,U,0.7333333333333333
19/04/2013,14537.14,14553.73,14444.03,14547.51,-81.45000000000073,-138.1900000000005,157.57999999999993,14637.503333333334,14658.190000000002,14740.346666666666,14776.466666666665,14537.14,14618.59,14756.78,0.13333333333333333,3344.0,U,U,0.8666666666666666
22/04/2013,14547.51,14588.83,14457.6,14567.17,10.3700000000008,-81.45000000000073,-138.1900000000005,14567.746666666666,14637.503333333334,14658.190000000002,14740.346666666666,14547.51,14537.14,14618.59,0.26666666666666666,3345.0,U,U,0.7333333333333333
23/04/2013,14567.17,14721.42,14554.29,14719.46,19.659999999999854,10.3700000000008,-81.45000000000073,14550.606666666667,14567.746666666666,14637.503333333334,14658.190000000002,14567.17,14547.51,14537.14,0.3333333333333333,3346.0,U,U,0.6666666666666666
24/04/2013,14719.46,14747.42,14666.54,14676.3,152.28999999999905,19.659999999999854,10.3700000000008,14611.38,14550.606666666667,14567.746666666666,14637.503333333334,14719.46,14567.17,14547.51,0.3333333333333333,3347.0,D,U,0.6666666666666666
25/04/2013,14676.3,14768.05,14665.45,14700.8,-43.159999999999854,152.28999999999905,19.659999999999854,14654.309999999998,14611.38,14550.606666666667,14567.746666666666,14676.3,14719.46,14567.17,0.2,3348.0,U,U,0.7999999999999999
26/04/2013,14700.8,14743.49,14684.82,14712.55,24.5,-43.159999999999854,152.28999999999905,14698.853333333333,14654.309999999998,14611.38,14550.606666666667,14700.8,14676.3,14719.46,0.39999999999999997,3349.0,U,U,0.6
29/04/2013,14712.55,14844.96,14712.55,14818.75,11.75,24.5,-43.159999999999854,14696.549999999997,14698.853333333333,14654.309999999998,14611.38,14712.55,14700.8,14676.3,0.3333333333333333,3350.0,U,U,0.6666666666666666
30/04/2013,14818.75,14839.8,14734.47,14839.8,106.20000000000073,11.75,24.5,14744.033333333333,14696.549999999997,14698.853333333333,14654.309999999998,14818.75,14712.55,14700.8,0.3333333333333333,3351.0,U,U,0.6666666666666666
01/05/2013,14839.8,14839.8,14687.05,14700.95,21.049999999999272,106.20000000000073,11.75,14790.366666666667,14744.033333333333,14696.549999999997,14698.853333333333,14839.8,14818.75,14712.55,0.39999999999999997,3352.0,D,U,0.6
02/05/2013,14700.95,14834.63,14700.95,14831.58,-138.84999999999854,21.049999999999272,106.20000000000073,14786.5,14790.366666666667,14744.033333333333,14696.549999999997,14700.95,14839.8,14818.75,0.26666666666666666,3353.0,U,U,0.7333333333333333
03/05/2013,14831.58,15009.59,14831.58,14973.96,130.6299999999992,-138.84999999999854,21.049999999999272,14790.776666666667,14786.5,14790.366666666667,14744.033333333333,14831.58,14700.95,14839.8,0.3333333333333333,3354.0,U,U,0.6666666666666666
06/05/2013,14973.96,14988.87,14941.09,14968.89,142.3799999999992,130.6299999999992,-138.84999999999854,14835.496666666666,14790.776666666667,14786.5,14790.366666666667,14973.96,14831.58,14700.95,0.4666666666666666,3355.0,D,U,0.5333333333333333
07/05/2013,14968.89,15056.67,14968.89,15056.2,-5.069999999999709,142.3799999999992,130.6299999999992,14924.81,14835.496666666666,14790.776666666667,14786.5,14968.89,14973.96,14831.58,0.39999999999999997,3356.0,U,U,0.6
08/05/2013,15056.2,15106.81,15021.87,15105.12,87.31000000000131,-5.069999999999709,142.3799999999992,14999.683333333334,14924.81,14835.496666666666,14790.776666666667,15056.2,14968.89,14973.96,0.3333333333333333,3357.0,U,U,0.6666666666666666
09/05/2013,15105.12,15144.83,15046.87,15082.62,48.92000000000007,87.31000000000131,-5.069999999999709,15043.403333333334,14999.683333333334,14924.81,14835.496666666666,15105.12,15056.2,14968.89,0.3333333333333333,3358.0,D,U,0.6666666666666666
10/05/2013,15082.62,15118.49,15038.18,15118.49,-22.5,48.92000000000007,87.31000000000131,15081.313333333334,15043.403333333334,14999.683333333334,14924.81,15082.62,15105.12,15056.2,0.39999999999999997,3359.0,U,U,0.6
13/05/2013,15113.42,15113.42,15053.46,15091.68,35.86999999999898,-22.5,48.92000000000007,15102.076666666668,15081.313333333334,15043.403333333334,14999.683333333334,15118.49,15082.62,15105.12,0.39999999999999997,3360.0,D,U,0.6
14/05/2013,15091.68,15219.55,15089.3,15215.25,-26.80999999999949,35.86999999999898,-22.5,15097.596666666666,15102.076666666668,15081.313333333334,15043.403333333334,15091.68,15118.49,15082.62,0.39999999999999997,3361.0,U,U,0.6
15/05/2013,15211.87,15301.34,15175.39,15275.69,123.56999999999971,-26.80999999999949,35.86999999999898,15141.806666666665,15097.596666666666,15102.076666666668,15081.313333333334,15215.25,15091.68,15118.49,0.6,3362.0,U,D,0.39999999999999997
16/05/2013,15273.92,15302.49,15215.82,15233.22,60.44000000000051,123.56999999999971,-26.80999999999949,15194.206666666667,15141.806666666665,15097.596666666666,15102.076666666668,15275.69,15215.25,15091.68,0.5333333333333333,3363.0,D,D,0.4666666666666666
17/05/2013,15234.75,15357.4,15234.75,15354.4,-42.470000000001164,60.44000000000051,123.56999999999971,15241.386666666667,15194.206666666667,15141.806666666665,15097.596666666666,15233.22,15275.69,15215.25,0.39999999999999997,3364.0,U,U,0.6
20/05/2013,15348.33,15391.84,15314.15,15335.28,121.18000000000029,-42.470000000001164,60.44000000000051,15287.769999999999,15241.386666666667,15194.206666666667,15141.806666666665,15354.4,15233.22,15275.69,0.4666666666666666,3365.0,D,U,0.5333333333333333
21/05/2013,15334.97,15434.5,15325.68,15387.58,-19.11999999999898,121.18000000000029,-42.470000000001164,15307.633333333333,15287.769999999999,15241.386666666667,15194.206666666667,15335.28,15354.4,15233.22,0.3333333333333333,3366.0,U,U,0.6666666666666666
22/05/2013,15387.12,15542.4,15265.96,15307.17,52.29999999999927,-19.11999999999898,121.18000000000029,15359.086666666668,15307.633333333333,15287.769999999999,15241.386666666667,15387.58,15335.28,15354.4,0.5333333333333333,3367.0,D,D,0.4666666666666666
23/05/2013,15300.57,15348.41,15180.23,15294.5,-80.40999999999985,52.29999999999927,-19.11999999999898,15343.343333333332,15359.086666666668,15307.633333333333,15287.769999999999,15307.17,15387.58,15335.28,0.4666666666666666,3368.0,D,U,0.5333333333333333
24/05/2013,15290.74,15306.71,15199.63,15303.1,-12.670000000000073,-80.40999999999985,52.29999999999927,15329.75,15343.343333333332,15359.086666666668,15307.633333333333,15294.5,15307.17,15387.58,0.6,3369.0,U,D,0.39999999999999997
28/05/2013,15307.33,15521.49,15307.33,15409.39,8.600000000000364,-12.670000000000073,-80.40999999999985,15301.589999999998,15329.75,15343.343333333332,15359.086666666668,15303.1,15294.5,15307.17,0.5333333333333333,3370.0,U,D,0.4666666666666666
29/05/2013,15399.94,15400.25,15229.53,15302.8,106.28999999999905,8.600000000000364,-12.670000000000073,15335.663333333332,15301.589999999998,15329.75,15343.343333333332,15409.39,15303.1,15294.5,0.5333333333333333,3371.0,D,D,0.4666666666666666
30/05/2013,15306.02,15398.7,15280.99,15324.53,-106.59000000000015,106.28999999999905,8.600000000000364,15338.429999999998,15335.663333333332,15301.589999999998,15329.75,15302.8,15409.39,15303.1,0.39999999999999997,3372.0,U,U,0.6
31/05/2013,15322.22,15392.38,15115.57,15115.57,21.730000000001382,-106.59000000000015,106.28999999999905,15345.573333333334,15338.429999999998,15335.663333333332,15301.589999999998,15324.53,15302.8,15409.39,0.6,3373.0,D,D,0.39999999999999997
03/06/2013,15123.55,15254.11,15123.55,15254.03,-208.96000000000095,21.730000000001382,-106.59000000000015,15247.633333333333,15345.573333333334,15338.429999999998,15335.663333333332,15115.57,15324.53,15302.8,0.6,3374.0,U,D,0.39999999999999997
04/06/2013,15255.22,15304.98,15100.78,15177.54,138.46000000000095,-208.96000000000095,21.730000000001382,15231.376666666665,15247.633333333333,15345.573333333334,15338.429999999998,15254.03,15115.57,15324.53,0.6666666666666666,3375.0,D,D,0.3333333333333333
05/06/2013,15168.1,15168.63,14945.57,14960.59,-76.48999999999978,138.46000000000095,-208.96000000000095,15182.38,15231.376666666665,15247.633333333333,15345.573333333334,15177.54,15254.03,15115.57,0.5333333333333333,3376.0,D,D,0.4666666666666666
06/06/2013,14955.45,15040.62,14844.22,15040.62,-216.95000000000073,-76.48999999999978,138.46000000000095,15130.720000000001,15182.38,15231.376666666665,15247.633333333333,14960.59,15177.54,15254.03,0.39999999999999997,3377.0,U,U,0.6
07/06/2013,15044.46,15255.58,15044.46,15248.12,80.03000000000065,-216.95000000000073,-76.48999999999978,15059.583333333334,15130.720000000001,15182.38,15231.376666666665,15040.62,14960.59,15177.54,0.4666666666666666,3378.0,U,U,0.5333333333333333
10/06/2013,15247.81,15300.64,15211.25,15238.59,207.5,80.03000000000065,-216.95000000000073,15083.11,15059.583333333334,15130.720000000001,15182.38,15248.12,15040.62,14960.59,0.6,3379.0,D,D,0.39999999999999997
11/06/2013,15231.38,15251.07,15086.09,15122.02,-9.530000000000655,207.5,80.03000000000065,15175.776666666667,15083.11,15059.583333333334,15130.720000000001,15238.59,15248.12,15040.62,0.4666666666666666,3380.0,D,U,0.5333333333333333
12/06/2013,15130.39,15241.28,14981.21,14995.23,-116.56999999999971,-9.530000000000655,207.5,15202.909999999998,15175.776666666667,15083.11,15059.583333333334,15122.02,15238.59,15248.12,0.26666666666666666,3381.0,D,U,0.7333333333333333
13/06/2013,14992.54,15202.27,14953.45,15176.08,-126.79000000000087,-116.56999999999971,-9.530000000000655,15118.613333333333,15202.909999999998,15175.776666666667,15083.11,14995.23,15122.02,15238.59,0.4666666666666666,3382.0,U,U,0.5333333333333333
14/06/2013,15178.08,15205.92,15044.8,15070.18,180.85000000000036,-126.79000000000087,-116.56999999999971,15097.776666666667,15118.613333333333,15202.909999999998,15175.776666666667,15176.08,14995.23,15122.02,0.6666666666666666,3383.0,D,D,0.3333333333333333
17/06/2013,15078.71,15261.71,15078.71,15179.85,-105.89999999999964,180.85000000000036,-126.79000000000087,15080.496666666666,15097.776666666667,15118.613333333333,15202.909999999998,15070.18,15176.08,14995.23,0.7333333333333333,3384.0,U,D,0.26666666666666666
18/06/2013,15186.3,15340.09,15186.3,15318.23,109.67000000000007,-105.89999999999964,180.85000000000036,15142.036666666667,15080.496666666666,15097.776666666667,15118.613333333333,15179.85,15070.18,15176.08,0.4666666666666666,3385.0,U,U,0.5333333333333333
19/06/2013,15315.47,15322.07,15112.11,15112.19,138.3799999999992,109.67000000000007,-105.89999999999964,15189.419999999998,15142.036666666667,15080.496666666666,15097.776666666667,15318.23,15179.85,15070.18,0.6,3386.0,D,D,0.39999999999999997
20/06/2013,15105.51,15105.51,14732.03,14758.32,-206.03999999999905,138.3799999999992,109.67000000000007,15203.423333333334,15189.419999999998,15142.036666666667,15080.496666666666,15112.19,15318.23,15179.85,0.3333333333333333,3387.0,D,U,0.6666666666666666
21/06/2013,14760.62,14858.56,14688.43,14799.4,-353.8700000000008,-206.03999999999905,138.3799999999992,15062.913333333332,15203.423333333334,15189.419999999998,15142.036666666667,14758.32,15112.19,15318.23,0.3333333333333333,3388.0,U,U,0.6666666666666666
24/06/2013,14795.79,14795.79,14551.27,14659.56,41.07999999999993,-353.8700000000008,-206.03999999999905,14889.970000000001,15062.913333333332,15203.423333333334,15189.419999999998,14799.4,14758.32,15112.19,0.39999999999999997,3389.0,D,U,0.6
25/06/2013,14669.69,14812.03,14669.69,14760.31,-139.84000000000015,41.07999999999993,-353.8700000000008,14739.093333333332,14889.970000000001,15062.913333333332,15203.423333333334,14659.56,14799.4,14758.32,0.26666666666666666,3390.0,U,U,0.7333333333333333
26/06/2013,14769.99,14938.98,14769.68,14910.14,100.75,-139.84000000000015,41.07999999999993,14739.756666666666,14739.093333333332,14889.970000000001,15062.913333333332,14760.31,14659.56,14799.4,0.2,3391.0,U,U,0.7999999999999999
27/06/2013,14921.28,15075.01,14921.28,15024.49,149.82999999999993,100.75,-139.84000000000015,14776.669999999998,14739.756666666666,14739.093333333332,14889.970000000001,14910.14,14760.31,14659.56,0.39999999999999997,3392.0,U,U,0.6
28/06/2013,15016.58,15034.63,14884.8,14909.6,114.35000000000036,149.82999999999993,100.75,14898.313333333332,14776.669999999998,14739.756666666666,14739.093333333332,15024.49,14910.14,14760.31,0.39999999999999997,3393.0,D,U,0.6
01/07/2013,14911.6,15083.28,14911.6,14974.96,-114.88999999999942,114.35000000000036,149.82999999999993,14948.076666666666,14898.313333333332,14776.669999999998,14739.756666666666,14909.6,15024.49,14910.14,0.39999999999999997,3394.0,U,U,0.6
02/07/2013,14974.96,15049.22,14870.51,14932.41,65.35999999999876,-114.88999999999942,114.35000000000036,14969.683333333334,14948.076666666666,14898.313333333332,14776.669999999998,14974.96,14909.6,15024.49,0.26666666666666666,3395.0,D,U,0.7333333333333333
03/07/2013,14923.73,15025.9,14858.93,14988.37,-42.54999999999927,65.35999999999876,-114.88999999999942,14938.99,14969.683333333334,14948.076666666666,14898.313333333332,14932.41,14974.96,14909.6,0.3333333333333333,3396.0,U,U,0.6666666666666666
05/07/2013,14995.46,15137.51,14971.2,15135.84,55.960000000000946,-42.54999999999927,65.35999999999876,14965.246666666666,14938.99,14969.683333333334,14948.076666666666,14988.37,14932.41,14974.96,0.3333333333333333,3397.0,U,U,0.6666666666666666
08/07/2013,15137.22,15262.72,15137.22,15224.69,147.46999999999935,55.960000000000946,-42.54999999999927,15018.873333333331,14965.246666666666,14938.99,14969.683333333334,15135.84,14988.37,14932.41,0.26666666666666666,3398.0,U,U,0.7333333333333333
09/07/2013,15228.46,15320.42,15228.46,15300.34,88.85000000000036,147.46999999999935,55.960000000000946,15116.300000000001,15018.873333333331,14965.246666666666,14938.99,15224.69,15135.84,14988.37,0.5333333333333333,3399.0,U,D,0.4666666666666666
10/07/2013,15298.03,15348.95,15258.89,15291.66,75.64999999999964,88.85000000000036,147.46999999999935,15220.289999999999,15116.300000000001,15018.873333333331,14965.246666666666,15300.34,15224.69,15135.84,0.5333333333333333,3400.0,D,D,0.4666666666666666
11/07/2013,15298.0,15483.55,15298.0,15460.92,-8.680000000000291,75.64999999999964,88.85000000000036,15272.230000000001,15220.289999999999,15116.300000000001,15018.873333333331,15291.66,15300.34,15224.69,0.5333333333333333,3401.0,U,D,0.4666666666666666
12/07/2013,15460.69,15498.39,15410.27,15464.3,169.26000000000022,-8.680000000000291,75.64999999999964,15350.973333333333,15272.230000000001,15220.289999999999,15116.300000000001,15460.92,15291.66,15300.34,0.39999999999999997,3402.0,U,U,0.6
15/07/2013,15459.69,15509.48,15455.77,15484.26,3.3799999999991996,169.26000000000022,-8.680000000000291,15405.626666666669,15350.973333333333,15272.230000000001,15220.289999999999,15464.3,15460.92,15291.66,0.39999999999999997,3403.0,U,U,0.6
16/07/2013,15485.03,15498.16,15415.71,15451.85,19.960000000000946,3.3799999999991996,169.26000000000022,15469.826666666668,15405.626666666669,15350.973333333333,15272.230000000001,15484.26,15464.3,15460.92,0.4666666666666666,3404.0,D,U,0.5333333333333333
17/07/2013,15456.92,15502.0,15438.12,15470.52,-32.409999999999854,19.960000000000946,3.3799999999991996,15466.803333333331,15469.826666666668,15405.626666666669,15350.973333333333,15451.85,15484.26,15464.3,0.3333333333333333,3405.0,U,U,0.6666666666666666
18/07/2013,15465.91,15589.4,15465.91,15548.54,18.670000000000073,-32.409999999999854,19.960000000000946,15468.876666666669,15466.803333333331,15469.826666666668,15405.626666666669,15470.52,15451.85,15484.26,0.3333333333333333,3406.0,U,U,0.6666666666666666
19/07/2013,15524.27,15544.55,15491.96,15543.74,78.02000000000044,18.670000000000073,-32.409999999999854,15490.303333333335,15468.876666666669,15466.803333333331,15469.826666666668,15548.54,15470.52,15451.85,0.3333333333333333,3407.0,U,U,0.6666666666666666
22/07/2013,15543.97,15576.21,15516.2,15545.55,-4.800000000001091,78.02000000000044,18.670000000000073,15520.933333333334,15490.303333333335,15468.876666666669,15466.803333333331,15543.74,15548.54,15470.52,0.39999999999999997,3408.0,U,U,0.6
23/07/2013,15547.0,15604.22,15544.06,15567.74,1.8099999999994907,-4.800000000001091,78.02000000000044,15545.943333333335,15520.933333333334,15490.303333333335,15468.876666666669,15545.55,15543.74,15548.54,0.39999999999999997,3409.0,U,U,0.6
24/07/2013,15576.69,15602.6,15496.84,15542.24,22.19000000000051,1.8099999999994907,-4.800000000001091,15552.343333333332,15545.943333333335,15520.933333333334,15490.303333333335,15567.74,15545.55,15543.74,0.39999999999999997,3410.0,D,U,0.6
25/07/2013,15539.17,15560.33,15455.59,15555.61,-25.5,22.19000000000051,1.8099999999994907,15551.843333333332,15552.343333333332,15545.943333333335,15520.933333333334,15542.24,15567.74,15545.55,0.4666666666666666,3411.0,U,U,0.5333333333333333
26/07/2013,15547.85,15560.97,15405.16,15558.83,13.3700000000008,-25.5,22.19000000000051,15555.196666666665,15551.843333333332,15552.343333333332,15545.943333333335,15555.61,15542.24,15567.74,0.39999999999999997,3412.0,U,U,0.6
29/07/2013,15557.14,15557.14,15482.27,15521.97,3.219999999999345,13.3700000000008,-25.5,15552.226666666667,15555.196666666665,15551.843333333332,15552.343333333332,15558.83,15555.61,15542.24,0.4666666666666666,3413.0,D,U,0.5333333333333333
30/07/2013,15534.49,15593.91,15479.13,15520.59,-36.86000000000058,3.219999999999345,13.3700000000008,15545.470000000001,15552.226666666667,15555.196666666665,15551.843333333332,15521.97,15558.83,15555.61,0.39999999999999997,3414.0,D,U,0.6
31/07/2013,15528.57,15634.32,15492.96,15499.54,-1.3799999999991996,-36.86000000000058,3.219999999999345,15533.796666666667,15545.470000000001,15552.226666666667,15555.196666666665,15520.59,15521.97,15558.83,0.39999999999999997,3415.0,D,U,0.6
01/08/2013,15503.85,15650.69,15503.85,15628.02,-21.049999999999272,-1.3799999999991996,-36.86000000000058,15514.033333333333,15533.796666666667,15545.470000000001,15552.226666666667,15499.54,15520.59,15521.97,0.3333333333333333,3416.0,U,U,0.6666666666666666
02/08/2013,15627.56,15658.43,15558.68,15658.36,128.47999999999956,-21.049999999999272,-1.3799999999991996,15549.383333333333,15514.033333333333,15533.796666666667,15545.470000000001,15628.02,15499.54,15520.59,0.4666666666666666,3417.0,U,U,0.5333333333333333
05/08/2013,15651.98,15655.21,15584.83,15612.13,30.340000000000146,128.47999999999956,-21.049999999999272,15595.306666666665,15549.383333333333,15514.033333333333,15533.796666666667,15658.36,15628.02,15499.54,0.5333333333333333,3418.0,D,D,0.4666666666666666
06/08/2013,15608.44,15608.44,15473.4,15518.74,-46.23000000000138,30.340000000000146,128.47999999999956,15632.836666666668,15595.306666666665,15549.383333333333,15514.033333333333,15612.13,15658.36,15628.02,0.6,3419.0,D,D,0.39999999999999997
07/08/2013,15516.21,15516.21,15421.75,15470.67,-93.38999999999942,-46.23000000000138,30.340000000000146,15596.409999999998,15632.836666666668,15595.306666666665,15549.383333333333,15518.74,15612.13,15658.36,0.5333333333333333,3420.0,D,D,0.4666666666666666
08/08/2013,15477.27,15557.12,15418.6,15498.32,-48.06999999999971,-93.38999999999942,-46.23000000000138,15533.846666666666,15596.409999999998,15632.836666666668,15595.306666666665,15470.67,15518.74,15612.13,0.4666666666666666,3421.0,U,U,0.5333333333333333
09/08/2013,15496.63,15507.76,15346.65,15425.51,27.649999999999636,-48.06999999999971,-93.38999999999942,15495.909999999998,15533.846666666666,15596.409999999998,15632.836666666668,15498.32,15470.67,15518.74,0.4666666666666666,3422.0,D,U,0.5333333333333333
12/08/2013,15415.22,15441.75,15359.93,15419.68,-72.80999999999949,27.649999999999636,-48.06999999999971,15464.833333333334,15495.909999999998,15533.846666666666,15596.409999999998,15425.51,15498.32,15470.67,0.5333333333333333,3423.0,U,D,0.4666666666666666
13/08/2013,15420.68,15504.14,15342.34,15451.01,-5.829999999999927,-72.80999999999949,27.649999999999636,15447.836666666668,15464.833333333334,15495.909999999998,15533.846666666666,15419.68,15425.51,15498.32,0.3333333333333333,3424.0,U,U,0.6666666666666666
14/08/2013,15447.71,15453.08,15316.62,15337.66,31.329999999999927,-5.829999999999927,-72.80999999999949,15432.066666666668,15447.836666666668,15464.833333333334,15495.909999999998,15451.01,15419.68,15425.51,0.39999999999999997,3425.0,D,U,0.6
15/08/2013,15332.7,15332.7,15094.0,15112.2,-113.35000000000036,31.329999999999927,-5.829999999999927,15402.783333333335,15432.066666666668,15447.836666666668,15464.833333333334,15337.66,15451.01,15419.68,0.3333333333333333,3426.0,D,U,0.6666666666666666
16/08/2013,15112.6,15139.8,15054.4,15081.5,-225.45999999999913,-113.35000000000036,31.329999999999927,15300.289999999999,15402.783333333335,15432.066666666668,15447.836666666668,15112.2,15337.66,15451.01,0.4666666666666666,3427.0,D,U,0.5333333333333333
19/08/2013,15076.8,15106.4,15005.4,15010.7,-30.700000000000728,-225.45999999999913,-113.35000000000036,15177.12,15300.289999999999,15402.783333333335,15432.066666666668,15081.5,15112.2,15337.66,0.5333333333333333,3428.0,D,D,0.4666666666666666
20/08/2013,15011.8,15074.9,14992.2,15003.0,-70.79999999999927,-30.700000000000728,-225.45999999999913,15068.133333333333,15177.12,15300.289999999999,15402.783333333335,15010.7,15081.5,15112.2,0.6,3429.0,D,D,0.39999999999999997
21/08/2013,14993.8,15019.7,14880.8,14897.6,-7.700000000000728,-70.79999999999927,-30.700000000000728,15031.733333333332,15068.133333333333,15177.12,15300.289999999999,15003.0,15010.7,15081.5,0.4666666666666666,3430.0,D,U,0.5333333333333333
22/08/2013,14908.6,14989.1,14899.0,14963.7,-105.39999999999964,-7.700000000000728,-70.79999999999927,14970.433333333334,15031.733333333332,15068.133333333333,15177.12,14897.6,15003.0,15010.7,0.39999999999999997,3431.0,U,U,0.6
23/08/2013,14988.8,15025.6,14931.2,15010.5,66.10000000000036,-105.39999999999964,-7.700000000000728,14954.766666666668,14970.433333333334,15031.733333333332,15068.133333333333,14963.7,14897.6,15003.0,0.3333333333333333,3432.0,U,U,0.6666666666666666
26/08/2013,15014.6,15050.0,14945.2,14946.5,46.79999999999927,66.10000000000036,-105.39999999999964,14957.266666666668,14954.766666666668,14970.433333333334,15031.733333333332,15010.5,14963.7,14897.6,0.39999999999999997,3433.0,D,U,0.6
27/08/2013,14939.3,14939.3,14765.4,14776.1,-64.0,46.79999999999927,66.10000000000036,14973.566666666666,14957.266666666668,14954.766666666668,14970.433333333334,14946.5,15010.5,14963.7,0.3333333333333333,3434.0,D,U,0.6666666666666666
28/08/2013,14771.0,14867.4,14760.4,14824.5,-170.39999999999964,-64.0,46.79999999999927,14911.033333333333,14973.566666666666,14957.266666666668,14954.766666666668,14776.1,14946.5,15010.5,0.26666666666666666,3435.0,U,U,0.7333333333333333
29/08/2013,14817.9,14916.0,14792.1,14841.0,48.399999999999636,-170.39999999999964,-64.0,14849.033333333333,14911.033333333333,14973.566666666666,14957.266666666668,14824.5,14776.1,14946.5,0.2,3436.0,U,U,0.7999999999999999
30/08/2013,14844.1,14848.2,14762.4,14810.3,16.5,48.399999999999636,-170.39999999999964,14813.866666666667,14849.033333333333,14911.033333333333,14973.566666666666,14841.0,14824.5,14776.1,0.3333333333333333,3437.0,D,U,0.6666666666666666
03/09/2013,14801.6,14933.4,14777.5,14834.0,-30.700000000000728,16.5,48.399999999999636,14825.266666666668,14813.866666666667,14849.033333333333,14911.033333333333,14810.3,14841.0,14824.5,0.26666666666666666,3438.0,U,U,0.7333333333333333
04/09/2013,14832.4,14956.7,14799.1,14930.9,23.700000000000728,-30.700000000000728,16.5,14828.433333333334,14825.266666666668,14813.866666666667,14849.033333333333,14834.0,14810.3,14841.0,0.3333333333333333,3439.0,U,U,0.6666666666666666
05/09/2013,14929.5,14987.5,14923.3,14937.5,96.89999999999964,23.700000000000728,-30.700000000000728,14858.4,14828.433333333334,14825.266666666668,14813.866666666667,14930.9,14834.0,14810.3,0.39999999999999997,3440.0,U,U,0.6
06/09/2013,14941.6,15009.8,14789.4,14922.5,6.600000000000364,96.89999999999964,23.700000000000728,14900.800000000001,14858.4,14828.433333333334,14825.266666666668,14937.5,14930.9,14834.0,0.3333333333333333,3441.0,D,U,0.6666666666666666
09/09/2013,14927.2,15088.4,14927.2,15063.1,-15.0,6.600000000000364,96.89999999999964,14930.300000000001,14900.800000000001,14858.4,14828.433333333334,14922.5,14937.5,14930.9,0.26666666666666666,3442.0,U,U,0.7333333333333333
10/09/2013,15067.2,15192.1,15067.2,15191.1,140.60000000000036,-15.0,6.600000000000364,14974.366666666667,14930.300000000001,14900.800000000001,14858.4,15063.1,14922.5,14937.5,0.3333333333333333,3443.0,U,U,0.6666666666666666
11/09/2013,15194.1,15326.6,15194.1,15326.6,128.0,140.60000000000036,-15.0,15058.9,14974.366666666667,14930.300000000001,14900.800000000001,15191.1,15063.1,14922.5,0.3333333333333333,3444.0,U,U,0.6666666666666666
12/09/2013,15327.1,15345.3,15283.3,15300.6,135.5,128.0,140.60000000000036,15193.6,15058.9,14974.366666666667,14930.300000000001,15326.6,15191.1,15063.1,0.5333333333333333,3445.0,D,D,0.4666666666666666
13/09/2013,15312.9,15381.0,15312.9,15376.1,-26.0,135.5,128.0,15272.766666666668,15193.6,15058.9,14974.366666666667,15300.6,15326.6,15191.1,0.6,3446.0,U,D,0.39999999999999997
16/09/2013,15381.4,15549.9,15381.4,15494.8,75.5,-26.0,135.5,15334.433333333334,15272.766666666668,15193.6,15058.9,15376.1,15300.6,15326.6,0.3333333333333333,3447.0,U,U,0.6666666666666666
17/09/2013,15503.2,15555.1,15503.2,15529.7,118.69999999999891,75.5,-26.0,15390.5,15334.433333333334,15272.766666666668,15193.6,15494.8,15376.1,15300.6,0.39999999999999997,3448.0,U,U,0.6
18/09/2013,15533.0,15709.6,15470.2,15676.9,34.900000000001455,118.69999999999891,75.5,15466.866666666669,15390.5,15334.433333333334,15272.766666666668,15529.7,15494.8,15376.1,0.3333333333333333,3449.0,U,U,0.6666666666666666
19/09/2013,15677.9,15695.9,15625.5,15636.6,147.1999999999989,34.900000000001455,118.69999999999891,15567.133333333333,15466.866666666669,15390.5,15334.433333333334,15676.9,15529.7,15494.8,0.39999999999999997,3450.0,D,U,0.6
20/09/2013,15635.1,15654.8,15448.1,15451.1,-40.29999999999927,147.1999999999989,34.900000000001455,15614.4,15567.133333333333,15466.866666666669,15390.5,15636.6,15676.9,15529.7,0.6,3451.0,D,D,0.39999999999999997
23/09/2013,15452.3,15467.0,15368.3,15401.4,-185.5,-40.29999999999927,147.1999999999989,15588.199999999999,15614.4,15567.133333333333,15466.866666666669,15451.1,15636.6,15676.9,0.5333333333333333,3452.0,D,D,0.4666666666666666
24/09/2013,15402.5,15433.8,15327.1,15334.6,-49.70000000000073,-185.5,-40.29999999999927,15496.366666666667,15588.199999999999,15614.4,15567.133333333333,15401.4,15451.1,15636.6,0.4666666666666666,3453.0,D,U,0.5333333333333333
25/09/2013,15339.0,15372.5,15253.2,15273.3,-66.79999999999927,-49.70000000000073,-185.5,15395.699999999999,15496.366666666667,15588.199999999999,15614.4,15334.6,15401.4,15451.1,0.5333333333333333,3454.0,D,D,0.4666666666666666
26/09/2013,15274.4,15387.2,15274.4,15328.3,-61.30000000000109,-66.79999999999927,-49.70000000000073,15336.433333333334,15395.699999999999,15496.366666666667,15588.199999999999,15273.3,15334.6,15401.4,0.5333333333333333,3455.0,U,D,0.4666666666666666
27/09/2013,15317.5,15317.5,15211.8,15258.2,55.0,-61.30000000000109,-66.79999999999927,15312.066666666666,15336.433333333334,15395.699999999999,15496.366666666667,15328.3,15273.3,15334.6,0.6,3456.0,D,D,0.39999999999999997
30/09/2013,15249.8,15249.8,15086.7,15129.7,-70.09999999999854,55.0,-61.30000000000109,15286.6,15312.066666666666,15336.433333333334,15395.699999999999,15258.2,15328.3,15273.3,0.4666666666666666,3457.0,D,U,0.5333333333333333
01/10/2013,15132.5,15208.4,15110.3,15191.7,-128.5,-70.09999999999854,55.0,15238.733333333332,15286.6,15312.066666666666,15336.433333333334,15129.7,15258.2,15328.3,0.5333333333333333,3458.0,U,D,0.4666666666666666
02/10/2013,15182.7,15182.7,15044.7,15133.1,62.0,-128.5,-70.09999999999854,15193.200000000003,15238.733333333332,15286.6,15312.066666666666,15191.7,15129.7,15258.2,0.6666666666666666,3459.0,D,D,0.3333333333333333
03/10/2013,15127.2,15127.2,14947.0,14996.5,-58.600000000000364,62.0,-128.5,15151.5,15193.200000000003,15238.733333333332,15286.6,15133.1,15191.7,15129.7,0.5333333333333333,3460.0,D,D,0.4666666666666666
04/10/2013,14994.7,15084.0,14972.3,15072.6,-136.60000000000036,-58.600000000000364,62.0,15107.1,15151.5,15193.200000000003,15238.733333333332,14996.5,15133.1,15191.7,0.5333333333333333,3461.0,U,D,0.4666666666666666
07/10/2013,15069.3,15069.3,14920.8,14936.2,76.10000000000036,-136.60000000000036,-58.600000000000364,15067.4,15107.1,15151.5,15193.200000000003,15072.6,14996.5,15133.1,0.4666666666666666,3462.0,D,U,0.5333333333333333
08/10/2013,14938.0,14938.0,14773.5,14776.5,-136.39999999999964,76.10000000000036,-136.60000000000036,15001.766666666668,15067.4,15107.1,15151.5,14936.2,15072.6,14996.5,0.4666666666666666,3463.0,D,U,0.5333333333333333
09/10/2013,14778.2,14852.5,14719.4,14803.0,-159.70000000000073,-136.39999999999964,76.10000000000036,14928.433333333334,15001.766666666668,15067.4,15107.1,14776.5,14936.2,15072.6,0.26666666666666666,3464.0,U,U,0.7333333333333333
10/10/2013,14806.4,15126.1,14806.4,15126.1,26.5,-159.70000000000073,-136.39999999999964,14838.566666666666,14928.433333333334,15001.766666666668,15067.4,14803.0,14776.5,14936.2,0.2,3465.0,U,U,0.7999999999999999
11/10/2013,15126.5,15237.3,15100.1,15237.1,323.10000000000036,26.5,-159.70000000000073,14901.866666666667,14838.566666666666,14928.433333333334,15001.766666666668,15126.1,14803.0,14776.5,0.26666666666666666,3466.0,U,U,0.7333333333333333
14/10/2013,15231.3,15309.5,15136.4,15301.3,111.0,323.10000000000036,26.5,15055.4,14901.866666666667,14838.566666666666,14928.433333333334,15237.1,15126.1,14803.0,0.4666666666666666,3467.0,U,U,0.5333333333333333
15/10/2013,15300.3,15301.9,15161.3,15168.0,64.19999999999891,111.0,323.10000000000036,15221.5,15055.4,14901.866666666667,14838.566666666666,15301.3,15237.1,15126.1,0.4666666666666666,3468.0,D,U,0.5333333333333333
16/10/2013,15170.7,15374.2,15170.7,15373.8,-133.29999999999927,64.19999999999891,111.0,15235.466666666667,15221.5,15055.4,14901.866666666667,15168.0,15301.3,15237.1,0.4666666666666666,3469.0,U,U,0.5333333333333333
17/10/2013,15369.5,15376.1,15229.0,15371.7,205.79999999999927,-133.29999999999927,64.19999999999891,15281.033333333333,15235.466666666667,15221.5,15055.4,15373.8,15168.0,15301.3,0.4666666666666666,3470.0,U,U,0.5333333333333333
18/10/2013,15371.7,15413.0,15321.8,15399.7,-2.099999999998545,205.79999999999927,-133.29999999999927,15304.5,15281.033333333333,15235.466666666667,15221.5,15371.7,15373.8,15168.0,0.4666666666666666,3471.0,U,U,0.5333333333333333
21/10/2013,15401.3,15410.2,15362.7,15392.2,28.0,-2.099999999998545,205.79999999999927,15381.733333333332,15304.5,15281.033333333333,15235.466666666667,15399.7,15371.7,15373.8,0.5333333333333333,3472.0,D,D,0.4666666666666666
22/10/2013,15394.2,15518.1,15394.2,15467.7,-7.5,28.0,-2.099999999998545,15387.866666666669,15381.733333333332,15304.5,15281.033333333333,15392.2,15399.7,15371.7,0.39999999999999997,3473.0,U,U,0.6
23/10/2013,15465.3,15465.7,15366.2,15413.3,75.5,-7.5,28.0,15419.866666666669,15387.866666666669,15381.733333333332,15304.5,15467.7,15392.2,15399.7,0.4666666666666666,3474.0,D,U,0.5333333333333333
24/10/2013,15414.9,15528.6,15414.1,15509.2,-54.400000000001455,75.5,-7.5,15424.4,15419.866666666669,15387.866666666669,15381.733333333332,15413.3,15467.7,15392.2,0.39999999999999997,3475.0,U,U,0.6
25/10/2013,15523.7,15570.6,15513.0,15570.3,95.90000000000146,-54.400000000001455,75.5,15463.4,15424.4,15419.866666666669,15387.866666666669,15509.2,15413.3,15467.7,0.3333333333333333,3476.0,U,U,0.6666666666666666
28/10/2013,15569.2,15599.1,15533.5,15568.9,61.099999999998545,95.90000000000146,-54.400000000001455,15497.6,15463.4,15424.4,15419.866666666669,15570.3,15509.2,15413.3,0.3333333333333333,3477.0,D,U,0.6666666666666666
29/10/2013,15572.2,15683.1,15572.2,15680.4,-1.3999999999996362,61.099999999998545,95.90000000000146,15549.466666666667,15497.6,15463.4,15424.4,15568.9,15570.3,15509.2,0.4666666666666666,3478.0,U,U,0.5333333333333333
30/10/2013,15680.7,15721.0,15574.5,15618.8,111.5,-1.3999999999996362,61.099999999998545,15606.533333333333,15549.466666666667,15497.6,15463.4,15680.4,15568.9,15570.3,0.5333333333333333,3479.0,D,D,0.4666666666666666
31/10/2013,15619.92,15651.86,15544.69,15545.75,-61.600000000000364,111.5,-1.3999999999996362,15622.699999999999,15606.533333333333,15549.466666666667,15497.6,15618.8,15680.4,15568.9,0.6,3480.0,D,D,0.39999999999999997
01/11/2013,15558.01,15649.4,15543.25,15615.55,-73.04999999999927,-61.600000000000364,111.5,15614.983333333332,15622.699999999999,15606.533333333333,15549.466666666667,15545.75,15618.8,15680.4,0.5333333333333333,3481.0,U,D,0.4666666666666666
04/11/2013,15621.2,15658.9,15588.48,15639.12,69.79999999999927,-73.04999999999927,-61.600000000000364,15593.366666666667,15614.983333333332,15622.699999999999,15606.533333333333,15615.55,15545.75,15618.8,0.5333333333333333,3482.0,U,D,0.4666666666666666
05/11/2013,15631.22,15651.89,15522.18,15618.22,23.570000000001528,69.79999999999927,-73.04999999999927,15600.14,15593.366666666667,15614.983333333332,15622.699999999999,15639.12,15615.55,15545.75,0.6,3483.0,D,D,0.39999999999999997
06/11/2013,15628.72,15750.29,15628.72,15746.88,-20.900000000001455,23.570000000001528,69.79999999999927,15624.296666666667,15600.14,15593.366666666667,15614.983333333332,15618.22,15639.12,15615.55,0.6666666666666666,3484.0,U,D,0.3333333333333333
07/11/2013,15751.31,15797.68,15586.33,15593.98,128.65999999999985,-20.900000000001455,23.570000000001528,15668.073333333334,15624.296666666667,15600.14,15593.366666666667,15746.88,15618.22,15639.12,0.5333333333333333,3485.0,D,D,0.4666666666666666
08/11/2013,15591.54,15764.29,15579.35,15761.78,-152.89999999999964,128.65999999999985,-20.900000000001455,15653.026666666667,15668.073333333334,15624.296666666667,15600.14,15593.98,15746.88,15618.22,0.6666666666666666,3486.0,U,D,0.3333333333333333
11/11/2013,15759.28,15791.45,15737.22,15783.1,167.8000000000011,-152.89999999999964,128.65999999999985,15700.88,15653.026666666667,15668.073333333334,15624.296666666667,15761.78,15593.98,15746.88,0.39999999999999997,3487.0,U,U,0.6
12/11/2013,15773.15,15793.38,15708.29,15750.67,21.31999999999971,167.8000000000011,-152.89999999999964,15712.953333333333,15700.88,15653.026666666667,15668.073333333334,15783.1,15761.78,15593.98,0.5333333333333333,3488.0,D,D,0.4666666666666666
13/11/2013,15739.5,15822.98,15672.0,15821.63,-32.43000000000029,21.31999999999971,167.8000000000011,15765.183333333334,15712.953333333333,15700.88,15653.026666666667,15750.67,15783.1,15761.78,0.39999999999999997,3489.0,U,U,0.6
14/11/2013,15806.22,15884.99,15798.74,15876.22,70.95999999999913,-32.43000000000029,21.31999999999971,15785.133333333333,15765.183333333334,15712.953333333333,15700.88,15821.63,15750.67,15783.1,0.3333333333333333,3490.0,U,U,0.6666666666666666
15/11/2013,15876.16,15962.98,15875.9,15961.7,54.590000000000146,70.95999999999913,-32.43000000000029,15816.173333333332,15785.133333333333,15765.183333333334,15712.953333333333,15876.22,15821.63,15750.67,0.39999999999999997,3491.0,U,U,0.6
18/11/2013,15962.72,16030.28,15942.17,15976.02,85.48000000000138,54.590000000000146,70.95999999999913,15886.516666666668,15816.173333333332,15785.133333333333,15765.183333333334,15961.7,15876.22,15821.63,0.3333333333333333,3492.0,U,U,0.6666666666666666
19/11/2013,15974.06,16025.85,15943.78,15967.03,14.319999999999709,85.48000000000138,54.590000000000146,15937.980000000001,15886.516666666668,15816.173333333332,15785.133333333333,15976.02,15961.7,15876.22,0.3333333333333333,3493.0,D,U,0.6666666666666666
20/11/2013,15971.2,16016.85,15865.37,15900.82,-8.989999999999782,14.319999999999709,85.48000000000138,15968.25,15937.980000000001,15886.516666666668,15816.173333333332,15967.03,15976.02,15961.7,0.39999999999999997,3494.0,D,U,0.6
21/11/2013,15908.07,16016.04,15908.07,16009.99,-66.21000000000095,-8.989999999999782,14.319999999999709,15947.956666666667,15968.25,15937.980000000001,15886.516666666668,15900.82,15967.03,15976.02,0.5333333333333333,3495.0,U,D,0.4666666666666666
22/11/2013,16008.71,16068.78,15976.27,16064.77,109.17000000000007,-66.21000000000095,-8.989999999999782,15959.279999999999,15947.956666666667,15968.25,15937.980000000001,16009.99,15900.82,15967.03,0.5333333333333333,3496.0,U,D,0.4666666666666666
25/11/2013,16072.09,16109.63,16055.46,16072.54,54.780000000000655,109.17000000000007,-66.21000000000095,15991.86,15959.279999999999,15947.956666666667,15968.25,16064.77,16009.99,15900.82,0.4666666666666666,3497.0,U,U,0.5333333333333333
26/11/2013,16070.93,16120.25,16070.93,16072.8,7.770000000000437,54.780000000000655,109.17000000000007,16049.1,15991.86,15959.279999999999,15947.956666666667,16072.54,16064.77,16009.99,0.6,3498.0,U,D,0.39999999999999997
27/11/2013,16073.37,16107.99,16057.34,16097.33,0.2599999999983993,7.770000000000437,54.780000000000655,16070.036666666667,16049.1,15991.86,15959.279999999999,16072.8,16072.54,16064.77,0.5333333333333333,3499.0,U,D,0.4666666666666666
29/11/2013,16105.16,16174.51,16074.14,16086.41,24.530000000000655,0.2599999999983993,7.770000000000437,16080.89,16070.036666666667,16049.1,15991.86,16097.33,16072.8,16072.54,0.5333333333333333,3500.0,D,D,0.4666666666666666
02/12/2013,16087.12,16098.0,15986.23,16008.77,-10.920000000000073,24.530000000000655,0.2599999999983993,16085.51333333333,16080.89,16070.036666666667,16049.1,16086.41,16097.33,16072.8,0.5333333333333333,3501.0,D,D,0.4666666666666666
03/12/2013,16004.72,16004.72,15859.68,15914.62,-77.63999999999942,-10.920000000000073,24.530000000000655,16064.169999999998,16085.51333333333,16080.89,16070.036666666667,16008.77,16086.41,16097.33,0.5333333333333333,3502.0,D,D,0.4666666666666666
04/12/2013,15910.51,15960.36,15791.29,15889.77,-94.14999999999964,-77.63999999999942,-10.920000000000073,16003.266666666668,16064.169999999998,16085.51333333333,16080.89,15914.62,16008.77,16086.41,0.5333333333333333,3503.0,D,D,0.4666666666666666
05/12/2013,15886.5,15896.19,15809.37,15821.51,-24.850000000000364,-94.14999999999964,-77.63999999999942,15937.720000000001,16003.266666666668,16064.169999999998,16085.51333333333,15889.77,15914.62,16008.77,0.39999999999999997,3504.0,D,U,0.6
06/12/2013,15825.55,16022.35,15825.55,16020.2,-68.26000000000022,-24.850000000000364,-94.14999999999964,15875.300000000001,15937.720000000001,16003.266666666668,16064.169999999998,15821.51,15889.77,15914.62,0.4666666666666666,3505.0,U,U,0.5333333333333333
09/12/2013,16019.49,16058.4,16015.29,16025.53,198.6900000000005,-68.26000000000022,-24.850000000000364,15910.493333333332,15875.300000000001,15937.720000000001,16003.266666666668,16020.2,15821.51,15889.77,0.3333333333333333,3506.0,U,U,0.6666666666666666
10/12/2013,16024.12,16029.06,15969.53,15973.13,5.329999999999927,198.6900000000005,-68.26000000000022,15955.746666666666,15910.493333333332,15875.300000000001,15937.720000000001,16025.53,16020.2,15821.51,0.3333333333333333,3507.0,D,U,0.6666666666666666
11/12/2013,15970.75,15997.22,15827.7,15843.53,-52.400000000001455,5.329999999999927,198.6900000000005,16006.286666666667,15955.746666666666,15910.493333333332,15875.300000000001,15973.13,16025.53,16020.2,0.6,3508.0,D,D,0.39999999999999997
12/12/2013,15844.82,15845.11,15703.79,15739.43,-129.59999999999854,-52.400000000001455,5.329999999999927,15947.396666666667,16006.286666666667,15955.746666666666,15910.493333333332,15843.53,15973.13,16025.53,0.5333333333333333,3509.0,D,D,0.4666666666666666
13/12/2013,15745.66,15792.8,15717.92,15755.36,-104.10000000000036,-129.59999999999854,-52.400000000001455,15852.029999999999,15947.396666666667,16006.286666666667,15955.746666666666,15739.43,15843.53,15973.13,0.4666666666666666,3510.0,U,U,0.5333333333333333
16/12/2013,15759.6,15930.31,15759.6,15884.57,15.930000000000291,-104.10000000000036,-129.59999999999854,15779.44,15852.029999999999,15947.396666666667,16006.286666666667,15755.36,15739.43,15843.53,0.3333333333333333,3511.0,U,U,0.6666666666666666
17/12/2013,15884.06,15917.96,15836.45,15875.26,129.20999999999913,15.930000000000291,-104.10000000000036,15793.12,15779.44,15852.029999999999,15947.396666666667,15884.57,15755.36,15739.43,0.26666666666666666,3512.0,D,U,0.7333333333333333
18/12/2013,15876.57,16173.04,15808.92,16167.97,-9.30999999999949,129.20999999999913,15.930000000000291,15838.396666666667,15793.12,15779.44,15852.029999999999,15875.26,15884.57,15755.36,0.3333333333333333,3513.0,U,U,0.6666666666666666
19/12/2013,16162.51,16194.72,16121.54,16179.08,292.7099999999991,-9.30999999999949,129.20999999999913,15975.933333333334,15838.396666666667,15793.12,15779.44,16167.97,15875.26,15884.57,0.3333333333333333,3514.0,U,U,0.6666666666666666
20/12/2013,16178.57,16287.84,16178.57,16221.14,11.110000000000582,292.7099999999991,-9.30999999999949,16074.103333333333,15975.933333333334,15838.396666666667,15793.12,16179.08,16167.97,15875.26,0.39999999999999997,3515.0,U,U,0.6
23/12/2013,16225.25,16318.11,16225.25,16294.61,42.05999999999949,11.110000000000582,292.7099999999991,16189.396666666667,16074.103333333333,15975.933333333334,15838.396666666667,16221.14,16179.08,16167.97,0.39999999999999997,3516.0,U,U,0.6
24/12/2013,16295.7,16360.6,16295.7,16357.55,73.47000000000116,42.05999999999949,11.110000000000582,16231.61,16189.396666666667,16074.103333333333,15975.933333333334,16294.61,16221.14,16179.08,0.39999999999999997,3517.0,U,U,0.6
26/12/2013,16370.97,16483.0,16370.97,16479.88,62.93999999999869,73.47000000000116,42.05999999999949,16291.1,16231.61,16189.396666666667,16074.103333333333,16357.55,16294.61,16221.14,0.39999999999999997,3518.0,U,U,0.6
27/12/2013,16486.37,16529.01,16461.23,16478.41,122.33000000000175,62.93999999999869,73.47000000000116,16377.346666666666,16291.1,16231.61,16189.396666666667,16479.88,16357.55,16294.61,0.39999999999999997,3519.0,D,U,0.6
30/12/2013,16484.51,16504.35,16476.87,16504.29,-1.4700000000011642,122.33000000000175,62.93999999999869,16438.61333333333,16377.346666666666,16291.1,16231.61,16478.41,16479.88,16357.55,0.39999999999999997,3520.0,U,U,0.6
31/12/2013,16512.38,16588.25,16511.48,16576.66,25.88000000000102,-1.4700000000011642,122.33000000000175,16487.52666666667,16438.61333333333,16377.346666666666,16291.1,16504.29,16478.41,16479.88,0.39999999999999997,3521.0,U,U,0.6
